arm,network,mode,seed,width,depth,converged,split,step,n,end_med_um,end_p95_um,slope_med_mrad,cum_dz_med_mm
residual,residual_w100_data_s0,data,0,100,4,True,val,0,4551,0.009580738677072986,697.0543501558666,0.0001724784434869748,55.0
residual,residual_w100_data_s0,data,0,100,4,True,val,1,4551,3.4811176466291727,1943.8798690283932,0.01536204233155633,373.71799999999996
residual,residual_w100_data_s0,data,0,100,4,True,val,2,4551,34.53122021556965,6178.442113389736,0.051675852158969415,821.8929999999991
residual,residual_w100_data_s0,data,0,100,4,True,val,3,4551,122.07134519195506,9192.579172580736,0.11180571392964411,2099.987
residual,residual_w100_data_s0,data,0,100,4,True,val,4,2932,414.5020425964958,22005.05448407278,0.2621305068764429,6281.1775
residual,residual_w100_data_s0,data,0,100,4,True,val,5,1524,928.1460671564616,40077.53117868666,0.5226791779010219,7759.312
residual,residual_w100_data_s0,data,0,100,4,True,val,6,856,1032.1899105118337,38514.92675403888,0.5946313057089841,8181.928
residual,residual_w100_data_s0,data,0,100,4,True,test,0,4563,0.009295104798301423,609.0052567729784,0.0001656654456394513,69.21399999999994
residual,residual_w100_data_s0,data,0,100,4,True,test,1,4563,2.9890309263223003,1874.572329232114,0.013163692983375608,335.087
residual,residual_w100_data_s0,data,0,100,4,True,test,2,4563,27.9705178181473,5832.035501772928,0.04367200652372061,752.393
residual,residual_w100_data_s0,data,0,100,4,True,test,3,4563,109.63108035807068,8632.711309756356,0.09914260016728044,1994.9869999999999
residual,residual_w100_data_s0,data,0,100,4,True,test,4,2914,374.68212324211333,16213.113843899919,0.23477595729574224,6269.4015
residual,residual_w100_data_s0,data,0,100,4,True,test,5,1481,909.2369211741698,35030.199017415274,0.48557017240834915,7783.540000000001
residual,residual_w100_data_s0,data,0,100,4,True,test,6,853,1040.7426328417841,27271.219094888816,0.5668919516838011,8330.801
residual,residual_w100_data_s1,data,1,100,4,True,val,0,4551,0.009926533721227315,822.931692753798,0.0001905268170176999,55.0
residual,residual_w100_data_s1,data,1,100,4,True,val,1,4551,3.0947013378295196,2746.703761830453,0.015867692806953437,373.71799999999996
residual,residual_w100_data_s1,data,1,100,4,True,val,2,4551,37.633486820652706,7634.76937410752,0.061573931593304765,821.8929999999991
residual,residual_w100_data_s1,data,1,100,4,True,val,3,4551,136.10670127491176,10125.93420895945,0.1393224243798341,2099.987
residual,residual_w100_data_s1,data,1,100,4,True,val,4,2932,566.6206354358252,23254.947498285124,0.31100288931620734,6281.1775
residual,residual_w100_data_s1,data,1,100,4,True,val,5,1524,1491.8346955146546,31408.923243639896,0.8108435079039328,7759.312
residual,residual_w100_data_s1,data,1,100,4,True,val,6,856,1620.7522053402527,30661.52547189813,0.8646129883302647,8181.928
residual,residual_w100_data_s1,data,1,100,4,True,test,0,4563,0.00904537343515699,773.3777506404442,0.00017962215433445228,69.21399999999994
residual,residual_w100_data_s1,data,1,100,4,True,test,1,4563,2.7001332938709766,2429.8878868017105,0.014580918338343019,335.087
residual,residual_w100_data_s1,data,1,100,4,True,test,2,4563,31.91033255137654,6787.183936575076,0.05506863165329057,752.393
residual,residual_w100_data_s1,data,1,100,4,True,test,3,4563,117.88851312934412,9925.842231655624,0.12511200695023567,1994.9869999999999
residual,residual_w100_data_s1,data,1,100,4,True,test,4,2914,547.3989573679603,20071.796953725057,0.3140532407413729,6269.4015
residual,residual_w100_data_s1,data,1,100,4,True,test,5,1481,1286.885545600569,38782.640471005834,0.7436602548784657,7783.540000000001
residual,residual_w100_data_s1,data,1,100,4,True,test,6,853,1528.187012112312,30649.419686131114,0.7432399457954486,8330.801
residual,residual_w100_data_s2,data,2,100,4,True,val,0,4551,0.009623664153579625,909.8918842994124,0.00018266249766376273,55.0
residual,residual_w100_data_s2,data,2,100,4,True,val,1,4551,3.1518475824956482,2845.6840347006673,0.015344462293790523,373.71799999999996
residual,residual_w100_data_s2,data,2,100,4,True,val,2,4551,45.0379937707055,7227.131009888392,0.06255616941190645,821.8929999999991
residual,residual_w100_data_s2,data,2,100,4,True,val,3,4551,143.40131761491648,9927.406181874318,0.13510379222106406,2099.987
residual,residual_w100_data_s2,data,2,100,4,True,val,4,2932,514.374900904528,20976.002732831428,0.30468051092524473,6281.1775
residual,residual_w100_data_s2,data,2,100,4,True,val,5,1524,1165.5183105167168,29234.670268761045,0.5472235271663101,7759.312
residual,residual_w100_data_s2,data,2,100,4,True,val,6,856,1241.7219211125428,26868.651176331412,0.581871382371966,8181.928
residual,residual_w100_data_s2,data,2,100,4,True,test,0,4563,0.008902257548015768,852.6111774416371,0.00016908568397245444,69.21399999999994
residual,residual_w100_data_s2,data,2,100,4,True,test,1,4563,2.450595732085503,2581.224001520196,0.013279888702477649,335.087
residual,residual_w100_data_s2,data,2,100,4,True,test,2,4563,36.74888906178353,6345.210196465993,0.05464363591817234,752.393
residual,residual_w100_data_s2,data,2,100,4,True,test,3,4563,119.35933210406802,9106.476223180362,0.1127888992567827,1994.9869999999999
residual,residual_w100_data_s2,data,2,100,4,True,test,4,2914,470.7576678897034,20282.318360201214,0.28931346557227455,6269.4015
residual,residual_w100_data_s2,data,2,100,4,True,test,5,1481,1052.0060945591752,35847.665014507584,0.5325652011969328,7783.540000000001
residual,residual_w100_data_s2,data,2,100,4,True,test,6,853,1258.4679365935756,27549.92328111293,0.5850265340411054,8330.801
residual,residual_w100_physics_s0,physics,0,100,4,True,val,0,4551,1.1939692939098023,1267.5999171389094,0.04737261541979884,55.0
residual,residual_w100_physics_s0,physics,0,100,4,True,val,1,4551,65.47483179906521,3457.72604493164,0.1967526143183962,373.71799999999996
residual,residual_w100_physics_s0,physics,0,100,4,True,val,2,4551,287.9504012187226,9670.485325947651,0.3321812843608447,821.8929999999991
residual,residual_w100_physics_s0,physics,0,100,4,True,val,3,4551,560.543184941821,12729.415981646183,0.5452605968613091,2099.987
residual,residual_w100_physics_s0,physics,0,100,4,True,val,4,2932,1724.6572657999195,29387.989290366284,0.9549913790919129,6281.1775
residual,residual_w100_physics_s0,physics,0,100,4,True,val,5,1524,3522.6748333142837,44256.83202359089,1.6122413375637827,7759.312
residual,residual_w100_physics_s0,physics,0,100,4,True,val,6,856,3973.2938395189594,48252.779748824934,1.8145453594608472,8181.928
residual,residual_w100_physics_s0,physics,0,100,4,True,test,0,4563,1.1881241042628332,1152.2209268007543,0.04684412812241967,69.21399999999994
residual,residual_w100_physics_s0,physics,0,100,4,True,test,1,4563,54.86029244821111,3156.3500173977523,0.2017939813225289,335.087
residual,residual_w100_physics_s0,physics,0,100,4,True,test,2,4563,274.211769836711,9564.51663582113,0.32401324218063465,752.393
residual,residual_w100_physics_s0,physics,0,100,4,True,test,3,4563,524.6803470151917,13725.158558049432,0.5168390446551284,1994.9869999999999
residual,residual_w100_physics_s0,physics,0,100,4,True,test,4,2914,1627.9396893184953,25808.877437158004,0.9118931738089122,6269.4015
residual,residual_w100_physics_s0,physics,0,100,4,True,test,5,1481,3282.4433600317916,50976.00503549529,1.5052514302439646,7783.540000000001
residual,residual_w100_physics_s0,physics,0,100,4,True,test,6,853,3612.36720764407,41934.774036582145,1.6157606129135331,8330.801
residual,residual_w100_physics_s1,physics,1,100,4,True,val,0,4551,1.05499907760076,1641.753064449645,0.05217174772886857,55.0
residual,residual_w100_physics_s1,physics,1,100,4,True,val,1,4551,55.72766077483493,3489.359455432634,0.24142159322317058,373.71799999999996
residual,residual_w100_physics_s1,physics,1,100,4,True,val,2,4551,308.932003114478,10188.315795523806,0.41591369130725836,821.8929999999991
residual,residual_w100_physics_s1,physics,1,100,4,True,val,3,4551,669.0461232238292,12999.554617039166,0.6509930671874525,2099.987
residual,residual_w100_physics_s1,physics,1,100,4,True,val,4,2932,1952.733206460735,31178.079506602207,1.0456034243858907,6281.1775
residual,residual_w100_physics_s1,physics,1,100,4,True,val,5,1524,3880.4912807945584,51067.49742446475,1.6352059266689851,7759.312
residual,residual_w100_physics_s1,physics,1,100,4,True,val,6,856,4696.4936346083305,57213.60226190279,1.8260590420250533,8181.928
residual,residual_w100_physics_s1,physics,1,100,4,True,test,0,4563,0.9979019096402197,1580.9128908533412,0.049609400561444195,69.21399999999994
residual,residual_w100_physics_s1,physics,1,100,4,True,test,1,4563,47.65645426718379,3006.851370968851,0.2372384304721309,335.087
residual,residual_w100_physics_s1,physics,1,100,4,True,test,2,4563,282.5892516803492,10531.269685856032,0.3809673585279394,752.393
residual,residual_w100_physics_s1,physics,1,100,4,True,test,3,4563,641.867350427674,13307.284479797972,0.616208883438274,1994.9869999999999
residual,residual_w100_physics_s1,physics,1,100,4,True,test,4,2914,1928.5774129855754,25198.008504943922,0.983243555744544,6269.4015
residual,residual_w100_physics_s1,physics,1,100,4,True,test,5,1481,3865.338886006157,46103.80938137087,1.509803443302149,7783.540000000001
residual,residual_w100_physics_s1,physics,1,100,4,True,test,6,853,4476.041032828789,33544.560809884264,1.6847678095404106,8330.801
residual,residual_w100_physics_s2,physics,2,100,4,True,val,0,4551,1.187027310416866,1373.4172715082025,0.047475166320035816,55.0
residual,residual_w100_physics_s2,physics,2,100,4,True,val,1,4551,65.74557643068601,4074.9284002784625,0.2143935937474273,373.71799999999996
residual,residual_w100_physics_s2,physics,2,100,4,True,val,2,4551,291.5891877186141,10013.36414727382,0.3601489545250955,821.8929999999991
residual,residual_w100_physics_s2,physics,2,100,4,True,val,3,4551,592.6272505554095,13030.666443584607,0.613716571028905,2099.987
residual,residual_w100_physics_s2,physics,2,100,4,True,val,4,2932,1792.0910599896729,27781.825755410624,1.0152043909991137,6281.1775
residual,residual_w100_physics_s2,physics,2,100,4,True,val,5,1524,3694.924487719902,39630.55659777057,1.5428403338369547,7759.312
residual,residual_w100_physics_s2,physics,2,100,4,True,val,6,856,4733.867136413679,43284.77915269451,1.7533670869318216,8181.928
residual,residual_w100_physics_s2,physics,2,100,4,True,test,0,4563,1.1132575940884237,1229.9783967066817,0.04708303082555376,69.21399999999994
residual,residual_w100_physics_s2,physics,2,100,4,True,test,1,4563,59.31497961452692,3242.5512726099737,0.21786209510560317,335.087
residual,residual_w100_physics_s2,physics,2,100,4,True,test,2,4563,266.457020851945,9234.081364512555,0.36214593313050114,752.393
residual,residual_w100_physics_s2,physics,2,100,4,True,test,3,4563,554.4771529661148,12765.502163035615,0.5992743248226517,1994.9869999999999
residual,residual_w100_physics_s2,physics,2,100,4,True,test,4,2914,1743.9620892997782,21085.311134934487,0.976258168740321,6269.4015
residual,residual_w100_physics_s2,physics,2,100,4,True,test,5,1481,3831.086816475647,36407.22474455061,1.5204107241502118,7783.540000000001
residual,residual_w100_physics_s2,physics,2,100,4,True,test,6,853,4507.099679250473,28337.64323038647,1.715215553824423,8330.801
residual,residual_w100_physics_s3,physics,3,100,4,True,val,0,4551,1.2930552277108376,1251.052327733305,0.0393303645385111,55.0
residual,residual_w100_physics_s3,physics,3,100,4,True,val,1,4551,63.30278994504823,3680.998844310011,0.1972123496004896,373.71799999999996
residual,residual_w100_physics_s3,physics,3,100,4,True,val,2,4551,307.0248499213051,9213.976206832967,0.3497076922441972,821.8929999999991
residual,residual_w100_physics_s3,physics,3,100,4,True,val,3,4551,598.0136220532017,12207.90678810647,0.6126536655752801,2099.987
residual,residual_w100_physics_s3,physics,3,100,4,True,val,4,2932,1780.2153788413762,26856.00471366298,1.080630365133034,6281.1775
residual,residual_w100_physics_s3,physics,3,100,4,True,val,5,1524,3633.5461109740095,39478.28586917819,1.8846266201438464,7759.312
residual,residual_w100_physics_s3,physics,3,100,4,True,val,6,856,4442.42794294226,37826.299552953686,2.1077551849955216,8181.928
residual,residual_w100_physics_s3,physics,3,100,4,True,test,0,4563,1.2840374334395221,1293.8037798049313,0.0384193895019494,69.21399999999994
residual,residual_w100_physics_s3,physics,3,100,4,True,test,1,4563,60.901055667272885,3285.1661814484237,0.19184723702230433,335.087
residual,residual_w100_physics_s3,physics,3,100,4,True,test,2,4563,302.39003689089117,8684.419877857319,0.3481873834843777,752.393
residual,residual_w100_physics_s3,physics,3,100,4,True,test,3,4563,580.5749341180331,11966.79489388105,0.6111142461265474,1994.9869999999999
residual,residual_w100_physics_s3,physics,3,100,4,True,test,4,2914,1661.0043312875719,22821.33255610279,1.0487496496515356,6269.4015
residual,residual_w100_physics_s3,physics,3,100,4,True,test,5,1481,3777.051128924313,44752.3557781542,1.9309334563716636,7783.540000000001
residual,residual_w100_physics_s3,physics,3,100,4,True,test,6,853,4552.802762978104,36765.82226610853,2.256522187999682,8330.801
residual,residual_w100_physics_s4,physics,4,100,4,True,val,0,4551,1.5400544058614685,1482.545064142471,0.04846067821324962,55.0
residual,residual_w100_physics_s4,physics,4,100,4,True,val,1,4551,95.84821009215005,3962.3722557696583,0.23161246772271382,373.71799999999996
residual,residual_w100_physics_s4,physics,4,100,4,True,val,2,4551,387.7134374343427,9977.53527726138,0.3838311923567289,821.8929999999991
residual,residual_w100_physics_s4,physics,4,100,4,True,val,3,4551,687.4644977699944,13455.771113573519,0.6140602703968989,2099.987
residual,residual_w100_physics_s4,physics,4,100,4,True,val,4,2932,2097.973024252667,29888.903675642225,1.025104064891369,6281.1775
residual,residual_w100_physics_s4,physics,4,100,4,True,val,5,1524,3974.1808633787914,44973.57585078621,1.5807549226398572,7759.312
residual,residual_w100_physics_s4,physics,4,100,4,True,val,6,856,4601.438608236407,51023.51318072624,1.7625801730805981,8181.928
residual,residual_w100_physics_s4,physics,4,100,4,True,test,0,4563,1.4105606711412033,1411.129830780577,0.045630785074662894,69.21399999999994
residual,residual_w100_physics_s4,physics,4,100,4,True,test,1,4563,92.64308206992666,3531.3258281805665,0.22053564116793212,335.087
residual,residual_w100_physics_s4,physics,4,100,4,True,test,2,4563,369.3609853225439,8775.261730301674,0.36367838610316255,752.393
residual,residual_w100_physics_s4,physics,4,100,4,True,test,3,4563,666.4617023424171,12927.070458256498,0.5749230723164495,1994.9869999999999
residual,residual_w100_physics_s4,physics,4,100,4,True,test,4,2914,1981.0327747869394,24521.25463701571,0.9768121000001033,6269.4015
residual,residual_w100_physics_s4,physics,4,100,4,True,test,5,1481,4001.5974617898564,45800.69776108758,1.533886648072913,7783.540000000001
residual,residual_w100_physics_s4,physics,4,100,4,True,test,6,853,4889.589698055715,29525.762688502244,1.6856752979017564,8330.801
residual,residual_w100_physics_s5,physics,5,100,4,True,val,0,4551,1.0684822801687588,1502.127237220094,0.04424081270114344,55.0
residual,residual_w100_physics_s5,physics,5,100,4,True,val,1,4551,62.11611375074044,3644.0295474726054,0.1940057977150283,373.71799999999996
residual,residual_w100_physics_s5,physics,5,100,4,True,val,2,4551,261.44824004170175,9877.365091928026,0.3264984766027032,821.8929999999991
residual,residual_w100_physics_s5,physics,5,100,4,True,val,3,4551,575.5920208367229,13681.510013752999,0.5471532659398343,2099.987
residual,residual_w100_physics_s5,physics,5,100,4,True,val,4,2932,1856.5820695135144,29287.027861849154,0.9355155314922023,6281.1775
residual,residual_w100_physics_s5,physics,5,100,4,True,val,5,1524,3658.6692303067994,41218.667560733134,1.674728217455887,7759.312
residual,residual_w100_physics_s5,physics,5,100,4,True,val,6,856,4327.7264789118135,41193.6696613468,1.7558315104728162,8181.928
residual,residual_w100_physics_s5,physics,5,100,4,True,test,0,4563,1.0717328115195102,1251.586512517825,0.04266477335036073,69.21399999999994
residual,residual_w100_physics_s5,physics,5,100,4,True,test,1,4563,54.6641713028464,3203.4836651126666,0.19393150077995358,335.087
residual,residual_w100_physics_s5,physics,5,100,4,True,test,2,4563,245.54739790247737,9713.398089215807,0.3244079626999741,752.393
residual,residual_w100_physics_s5,physics,5,100,4,True,test,3,4563,512.919060069521,13426.453107393538,0.5452752204911059,1994.9869999999999
residual,residual_w100_physics_s5,physics,5,100,4,True,test,4,2914,1679.461990663384,25861.75301349444,0.9352703729371137,6269.4015
residual,residual_w100_physics_s5,physics,5,100,4,True,test,5,1481,3661.6304673254376,44817.90202569391,1.5910895472571394,7783.540000000001
residual,residual_w100_physics_s5,physics,5,100,4,True,test,6,853,4391.473438616984,36499.2500345586,1.8157725387739632,8330.801
residual,residual_w100_physics_s6,physics,6,100,4,True,val,0,4551,1.5494576388377368,1541.0888980516688,0.04263103457211384,55.0
residual,residual_w100_physics_s6,physics,6,100,4,True,val,1,4551,83.76018116555883,3922.66411005366,0.2210523806214365,373.71799999999996
residual,residual_w100_physics_s6,physics,6,100,4,True,val,2,4551,327.4130298420914,9638.685931377182,0.36269225684609774,821.8929999999991
residual,residual_w100_physics_s6,physics,6,100,4,True,val,3,4551,604.76268568857,12690.95213641441,0.6536456313054884,2099.987
residual,residual_w100_physics_s6,physics,6,100,4,True,val,4,2932,2152.9865326155077,29743.510033041035,1.1964503985479602,6281.1775
residual,residual_w100_physics_s6,physics,6,100,4,True,val,5,1524,4665.0632183424495,42310.1805311762,2.2002104919004175,7759.312
residual,residual_w100_physics_s6,physics,6,100,4,True,val,6,856,5292.216558275413,46883.07917599218,2.395232171408426,8181.928
residual,residual_w100_physics_s6,physics,6,100,4,True,test,0,4563,1.4211229540137538,1414.0392573167646,0.04165258768080299,69.21399999999994
residual,residual_w100_physics_s6,physics,6,100,4,True,test,1,4563,76.02302318863963,3255.834935523387,0.21596152998476503,335.087
residual,residual_w100_physics_s6,physics,6,100,4,True,test,2,4563,279.1925771697379,8795.68152154457,0.357901262913669,752.393
residual,residual_w100_physics_s6,physics,6,100,4,True,test,3,4563,563.4158877057871,12851.22827313223,0.5948515320087759,1994.9869999999999
residual,residual_w100_physics_s6,physics,6,100,4,True,test,4,2914,1994.084081709758,25017.0977390872,1.0749248542094234,6269.4015
residual,residual_w100_physics_s6,physics,6,100,4,True,test,5,1481,4479.85459924098,46938.01636768785,1.9612687746323465,7783.540000000001
residual,residual_w100_physics_s6,physics,6,100,4,True,test,6,853,5109.896676234939,35503.30324788645,2.2791323200779257,8330.801
residual,residual_w100_physics_s7,physics,7,100,4,True,val,0,4551,1.3750894634299016,1390.7781033806152,0.04978469833263888,55.0
residual,residual_w100_physics_s7,physics,7,100,4,True,val,1,4551,71.19303482027561,3277.879997204934,0.22233450483950118,373.71799999999996
residual,residual_w100_physics_s7,physics,7,100,4,True,val,2,4551,293.42973888651613,8160.741378305374,0.34590758668359006,821.8929999999991
residual,residual_w100_physics_s7,physics,7,100,4,True,val,3,4551,614.884192179268,11713.421782035311,0.5305961156287231,2099.987
residual,residual_w100_physics_s7,physics,7,100,4,True,val,4,2932,1749.0581628615728,27250.39170316544,0.7991785778275785,6281.1775
residual,residual_w100_physics_s7,physics,7,100,4,True,val,5,1524,3133.911988991656,40240.31974904147,1.0853773251508545,7759.312
residual,residual_w100_physics_s7,physics,7,100,4,True,val,6,856,3706.660617243174,42119.17197148751,1.1770533324726162,8181.928
residual,residual_w100_physics_s7,physics,7,100,4,True,test,0,4563,1.3201240103519751,1358.620875172732,0.04948414750449281,69.21399999999994
residual,residual_w100_physics_s7,physics,7,100,4,True,test,1,4563,59.32178963948331,2988.0924454275823,0.22352434831950443,335.087
residual,residual_w100_physics_s7,physics,7,100,4,True,test,2,4563,263.88560654243065,8345.778832147276,0.3414807281427318,752.393
residual,residual_w100_physics_s7,physics,7,100,4,True,test,3,4563,540.5377674171064,10946.474212723715,0.5098753318730844,1994.9869999999999
residual,residual_w100_physics_s7,physics,7,100,4,True,test,4,2914,1755.3633104769979,21116.41147950805,0.7868994215948742,6269.4015
residual,residual_w100_physics_s7,physics,7,100,4,True,test,5,1481,3333.011393625725,38695.79746191971,0.9730307394511528,7783.540000000001
residual,residual_w100_physics_s7,physics,7,100,4,True,test,6,853,3787.884140766856,30654.631337923907,1.0974607349243104,8330.801
residual,residual_w100_physics_s8,physics,8,100,4,True,val,0,4551,1.7180543610173515,1839.8226541252232,0.04981211839863442,55.0
residual,residual_w100_physics_s8,physics,8,100,4,True,val,1,4551,117.24640951837273,4119.816458050593,0.24584895598130443,373.71799999999996
residual,residual_w100_physics_s8,physics,8,100,4,True,val,2,4551,461.77394984056264,10432.94932658577,0.40191228380181965,821.8929999999991
residual,residual_w100_physics_s8,physics,8,100,4,True,val,3,4551,857.9216565867682,13968.202108657635,0.662694288207144,2099.987
residual,residual_w100_physics_s8,physics,8,100,4,True,val,4,2932,2196.5326026806906,26336.271309566455,1.1008090326712385,6281.1775
residual,residual_w100_physics_s8,physics,8,100,4,True,val,5,1524,4186.916220730264,41168.3986978874,1.683401572261361,7759.312
residual,residual_w100_physics_s8,physics,8,100,4,True,val,6,856,5019.011991502978,42969.751892479566,1.7975354356130486,8181.928
residual,residual_w100_physics_s8,physics,8,100,4,True,test,0,4563,1.7959418052022613,1680.354170820723,0.0471612611353707,69.21399999999994
residual,residual_w100_physics_s8,physics,8,100,4,True,test,1,4563,102.91540592498905,3788.4363492292546,0.23948327471775416,335.087
residual,residual_w100_physics_s8,physics,8,100,4,True,test,2,4563,429.35582664178895,10078.102285385216,0.3971083527034569,752.393
residual,residual_w100_physics_s8,physics,8,100,4,True,test,3,4563,782.6863784067584,13614.048147180483,0.6411011827461288,1994.9869999999999
residual,residual_w100_physics_s8,physics,8,100,4,True,test,4,2914,2121.4391100223647,24674.31344434906,1.0030940466772762,6269.4015
residual,residual_w100_physics_s8,physics,8,100,4,True,test,5,1481,4158.567109869864,48537.59300009778,1.5470037115483393,7783.540000000001
residual,residual_w100_physics_s8,physics,8,100,4,True,test,6,853,4752.715963408832,37697.399583427716,1.6523858799123992,8330.801
residual,residual_w100_physics_s9,physics,9,100,4,True,val,0,4551,1.174752295696635,1236.3610480014736,0.03700121685440427,55.0
residual,residual_w100_physics_s9,physics,9,100,4,True,val,1,4551,97.6081995269169,3179.738147994769,0.1732672886358838,373.71799999999996
residual,residual_w100_physics_s9,physics,9,100,4,True,val,2,4551,354.09449082438016,10156.529848822516,0.2872532996273658,821.8929999999991
residual,residual_w100_physics_s9,physics,9,100,4,True,val,3,4551,637.4140196078315,14442.465642185027,0.48570501249504094,2099.987
residual,residual_w100_physics_s9,physics,9,100,4,True,val,4,2932,1596.88181096557,28416.776899301294,0.8339781073802575,6281.1775
residual,residual_w100_physics_s9,physics,9,100,4,True,val,5,1524,3284.9831895636044,46071.834094027734,1.3088718795913454,7759.312
residual,residual_w100_physics_s9,physics,9,100,4,True,val,6,856,3732.2665272276654,46845.57084575459,1.4040869517229075,8181.928
residual,residual_w100_physics_s9,physics,9,100,4,True,test,0,4563,1.1583759292470575,1276.0603255366495,0.03568389846680953,69.21399999999994
residual,residual_w100_physics_s9,physics,9,100,4,True,test,1,4563,84.229831529683,3202.2282106816856,0.1752328222844879,335.087
residual,residual_w100_physics_s9,physics,9,100,4,True,test,2,4563,346.28396283073926,9469.712871412015,0.28324028263276846,752.393
residual,residual_w100_physics_s9,physics,9,100,4,True,test,3,4563,591.6099142821167,13975.967037827048,0.45307913788383836,1994.9869999999999
residual,residual_w100_physics_s9,physics,9,100,4,True,test,4,2914,1558.7036199915046,25776.5105258379,0.7813259143964764,6269.4015
residual,residual_w100_physics_s9,physics,9,100,4,True,test,5,1481,3493.172831385209,46240.11404200565,1.30741529259705,7783.540000000001
residual,residual_w100_physics_s9,physics,9,100,4,True,test,6,853,3987.1008612747687,41302.25749688085,1.4702889645240163,8330.801
residual,residual_w50_data_s0,data,0,50,4,True,val,0,4551,0.01573678605382156,1710.859667572336,0.0003681523492934935,55.0
residual,residual_w50_data_s0,data,0,50,4,True,val,1,4551,5.76201122493103,3824.9840607981296,0.028476924799069724,373.71799999999996
residual,residual_w50_data_s0,data,0,50,4,True,val,2,4551,62.31455629097127,12804.990963220007,0.10820872626560868,821.8929999999991
residual,residual_w50_data_s0,data,0,50,4,True,val,3,4551,232.52779066814355,20923.80720547544,0.24021634044624207,2099.987
residual,residual_w50_data_s0,data,0,50,4,True,val,4,2932,952.4578180391075,43861.83413138671,0.5378582002607303,6281.1775
residual,residual_w50_data_s0,data,0,50,4,True,val,5,1524,2327.0060698650495,60093.20491432399,0.9664216178894847,7759.312
residual,residual_w50_data_s0,data,0,50,4,True,val,6,856,2573.368953802302,61715.474495552284,1.0281838803923096,8181.928
residual,residual_w50_data_s0,data,0,50,4,True,test,0,4563,0.014753109944365406,1605.1846734839967,0.0003508887328300403,69.21399999999994
residual,residual_w50_data_s0,data,0,50,4,True,test,1,4563,5.019964108797126,3373.712843967238,0.026208425614716868,335.087
residual,residual_w50_data_s0,data,0,50,4,True,test,2,4563,52.2246587959998,13758.263812687843,0.10293042231698801,752.393
residual,residual_w50_data_s0,data,0,50,4,True,test,3,4563,201.56692389628006,18994.876616932383,0.20714795264853078,1994.9869999999999
residual,residual_w50_data_s0,data,0,50,4,True,test,4,2914,864.9365025455893,39765.81902944571,0.49376203828857546,6269.4015
residual,residual_w50_data_s0,data,0,50,4,True,test,5,1481,2105.2025686923344,66423.36521889023,0.8499807172426994,7783.540000000001
residual,residual_w50_data_s0,data,0,50,4,True,test,6,853,2380.4906362965994,57057.79128925529,1.0079193438333536,8330.801
residual,residual_w50_data_s1,data,1,50,4,True,val,0,4551,0.014186677079308652,1470.0415015061878,0.0002517592573858529,55.0
residual,residual_w50_data_s1,data,1,50,4,True,val,1,4551,4.672183927198148,3710.307325909085,0.024598083585347652,373.71799999999996
residual,residual_w50_data_s1,data,1,50,4,True,val,2,4551,41.51821903147379,13480.164763904326,0.0918818298367239,821.8929999999991
residual,residual_w50_data_s1,data,1,50,4,True,val,3,4551,172.67710763530886,18163.39564154532,0.22841416728044267,2099.987
residual,residual_w50_data_s1,data,1,50,4,True,val,4,2932,993.5923550119696,30893.844560605314,0.5509511048079063,6281.1775
residual,residual_w50_data_s1,data,1,50,4,True,val,5,1524,2621.414418096549,39516.05481501664,1.1453873263280205,7759.312
residual,residual_w50_data_s1,data,1,50,4,True,val,6,856,2807.55742293249,40108.791025449194,1.156997800694573,8181.928
residual,residual_w50_data_s1,data,1,50,4,True,test,0,4563,0.01327819859398005,1273.7685248178398,0.00024160595607503055,69.21399999999994
residual,residual_w50_data_s1,data,1,50,4,True,test,1,4563,3.633790475475962,3574.3244085679535,0.02048848873135306,335.087
residual,residual_w50_data_s1,data,1,50,4,True,test,2,4563,36.08225617119842,11463.089497747958,0.08662909598087035,752.393
residual,residual_w50_data_s1,data,1,50,4,True,test,3,4563,156.3886321526553,15517.532577090598,0.20147527673575194,1994.9869999999999
residual,residual_w50_data_s1,data,1,50,4,True,test,4,2914,892.6390190325151,26646.918773575573,0.4892942228126125,6269.4015
residual,residual_w50_data_s1,data,1,50,4,True,test,5,1481,2296.9042697171317,37569.87585564639,1.0739728790907996,7783.540000000001
residual,residual_w50_data_s1,data,1,50,4,True,test,6,853,2632.84712140171,32654.054757107617,1.123933555658041,8330.801
residual,residual_w50_data_s2,data,2,50,4,True,val,0,4551,0.013976320866859737,1204.4396034793676,0.00036269752665130106,55.0
residual,residual_w50_data_s2,data,2,50,4,True,val,1,4551,4.761991486503803,2876.1197958566454,0.020804336518309013,373.71799999999996
residual,residual_w50_data_s2,data,2,50,4,True,val,2,4551,44.09633707531668,7789.412020943445,0.07483862378721007,821.8929999999991
residual,residual_w50_data_s2,data,2,50,4,True,val,3,4551,167.32086734253926,11528.741041238449,0.16316868911177437,2099.987
residual,residual_w50_data_s2,data,2,50,4,True,val,4,2932,704.9167888642387,25032.71068365539,0.40901218661691663,6281.1775
residual,residual_w50_data_s2,data,2,50,4,True,val,5,1524,1495.6111100816258,39503.3207701072,0.7729642641648576,7759.312
residual,residual_w50_data_s2,data,2,50,4,True,val,6,856,1601.916480585487,35411.07180239305,0.8229006181525756,8181.928
residual,residual_w50_data_s2,data,2,50,4,True,test,0,4563,0.012618858896695784,1073.421859928403,0.0003335558458467114,69.21399999999994
residual,residual_w50_data_s2,data,2,50,4,True,test,1,4563,3.713022513516906,2801.8068371034624,0.017941099463583687,335.087
residual,residual_w50_data_s2,data,2,50,4,True,test,2,4563,36.72537383152985,7526.248682075672,0.06482740851998514,752.393
residual,residual_w50_data_s2,data,2,50,4,True,test,3,4563,140.9051881699952,10422.300685075807,0.1478531402685397,1994.9869999999999
residual,residual_w50_data_s2,data,2,50,4,True,test,4,2914,635.3544560496118,20160.841971665574,0.3679031173942238,6269.4015
residual,residual_w50_data_s2,data,2,50,4,True,test,5,1481,1500.5791592618323,43208.13234341949,0.758048935690099,7783.540000000001
residual,residual_w50_data_s2,data,2,50,4,True,test,6,853,1631.5612655823202,28036.973556360528,0.8016031529392078,8330.801
residual,residual_w50_physics_s0,physics,0,50,4,True,val,0,4551,1.067704772806266,1325.4025078583281,0.043914759024710204,55.0
residual,residual_w50_physics_s0,physics,0,50,4,True,val,1,4551,60.66042104578173,4035.2201572494123,0.2056233428757437,373.71799999999996
residual,residual_w50_physics_s0,physics,0,50,4,True,val,2,4551,262.9799949581155,9035.84488624645,0.34823756715282594,821.8929999999991
residual,residual_w50_physics_s0,physics,0,50,4,True,val,3,4551,628.960206192346,12858.389115875867,0.6283254068950028,2099.987
residual,residual_w50_physics_s0,physics,0,50,4,True,val,4,2932,1901.8811358835812,29384.13262856273,1.1773329512275166,6281.1775
residual,residual_w50_physics_s0,physics,0,50,4,True,val,5,1524,3693.6269780386083,47359.30441782938,1.947854399258115,7759.312
residual,residual_w50_physics_s0,physics,0,50,4,True,val,6,856,4312.428077113793,47433.417382102336,2.192308966684266,8181.928
residual,residual_w50_physics_s0,physics,0,50,4,True,test,0,4563,1.086451797526422,1292.4694413155175,0.043541914616104016,69.21399999999994
residual,residual_w50_physics_s0,physics,0,50,4,True,test,1,4563,54.080221098308456,3686.7633862958833,0.20591090313976101,335.087
residual,residual_w50_physics_s0,physics,0,50,4,True,test,2,4563,243.74804303761266,8601.283984241834,0.33693295534406587,752.393
residual,residual_w50_physics_s0,physics,0,50,4,True,test,3,4563,569.4001148962684,13075.797367018798,0.6163042967771148,1994.9869999999999
residual,residual_w50_physics_s0,physics,0,50,4,True,test,4,2914,1821.2089624670398,26587.89064521523,1.0888976171543858,6269.4015
residual,residual_w50_physics_s0,physics,0,50,4,True,test,5,1481,3792.5949826179135,47038.16130697396,1.9240196514377224,7783.540000000001
residual,residual_w50_physics_s0,physics,0,50,4,True,test,6,853,4638.006264463115,36849.86602339113,2.0802894823303273,8330.801
residual,residual_w50_physics_s1,physics,1,50,4,True,val,0,4551,1.134332774657132,1477.2246905009183,0.04638047041849794,55.0
residual,residual_w50_physics_s1,physics,1,50,4,True,val,1,4551,70.07961377837546,4034.4897133580275,0.23120812429770765,373.71799999999996
residual,residual_w50_physics_s1,physics,1,50,4,True,val,2,4551,311.7336863408866,9071.931176672591,0.3967506388807829,821.8929999999991
residual,residual_w50_physics_s1,physics,1,50,4,True,val,3,4551,650.3654369271175,13427.370919155408,0.6842804228826271,2099.987
residual,residual_w50_physics_s1,physics,1,50,4,True,val,4,2932,1894.0438857950994,30888.75385558838,1.1355446750783773,6281.1775
residual,residual_w50_physics_s1,physics,1,50,4,True,val,5,1524,3683.2171865497826,41082.14912866958,2.1220784966280926,7759.312
residual,residual_w50_physics_s1,physics,1,50,4,True,val,6,856,4230.787108082368,41380.31570381682,2.404372882281347,8181.928
residual,residual_w50_physics_s1,physics,1,50,4,True,test,0,4563,1.112987159809009,1349.1377955432017,0.04454645134264329,69.21399999999994
residual,residual_w50_physics_s1,physics,1,50,4,True,test,1,4563,59.13612632599552,3748.34861051666,0.22053536498589654,335.087
residual,residual_w50_physics_s1,physics,1,50,4,True,test,2,4563,269.92879806937253,8564.470489979405,0.3849885794968283,752.393
residual,residual_w50_physics_s1,physics,1,50,4,True,test,3,4563,607.303564708559,12396.562079251766,0.6517931906057407,1994.9869999999999
residual,residual_w50_physics_s1,physics,1,50,4,True,test,4,2914,1903.3476115851604,25301.39608623907,1.1066044536148234,6269.4015
residual,residual_w50_physics_s1,physics,1,50,4,True,test,5,1481,3959.9675143084596,45313.60380365413,2.0467475145445335,7783.540000000001
residual,residual_w50_physics_s1,physics,1,50,4,True,test,6,853,4447.655010491985,31805.741236739406,2.1991004985474625,8330.801
residual,residual_w50_physics_s2,physics,2,50,4,True,val,0,4551,1.0836284302806476,1291.08619171393,0.04609410862182681,55.0
residual,residual_w50_physics_s2,physics,2,50,4,True,val,1,4551,75.7066337857708,3880.6493095342066,0.20953328994993692,373.71799999999996
residual,residual_w50_physics_s2,physics,2,50,4,True,val,2,4551,293.314797232199,8852.48716223225,0.3439803171002842,821.8929999999991
residual,residual_w50_physics_s2,physics,2,50,4,True,val,3,4551,596.5260966170547,13114.953859514371,0.6039063266078679,2099.987
residual,residual_w50_physics_s2,physics,2,50,4,True,val,4,2932,1999.5927832266602,26772.60952862005,0.9795962878607761,6281.1775
residual,residual_w50_physics_s2,physics,2,50,4,True,val,5,1524,3967.5732796249295,40339.8509065744,1.6041588678120944,7759.312
residual,residual_w50_physics_s2,physics,2,50,4,True,val,6,856,4911.544751282946,41106.043477860396,1.7008549415882812,8181.928
residual,residual_w50_physics_s2,physics,2,50,4,True,test,0,4563,1.0950668341616066,1247.8426594698512,0.04368157275619344,69.21399999999994
residual,residual_w50_physics_s2,physics,2,50,4,True,test,1,4563,64.62579085878417,3455.4779777899635,0.20147844780405572,335.087
residual,residual_w50_physics_s2,physics,2,50,4,True,test,2,4563,269.73251204685766,8170.504902024777,0.3378516647006835,752.393
residual,residual_w50_physics_s2,physics,2,50,4,True,test,3,4563,562.1185366464374,12135.826926476893,0.5574096691696173,1994.9869999999999
residual,residual_w50_physics_s2,physics,2,50,4,True,test,4,2914,1922.3296567499303,23027.04641405817,0.9548842801522968,6269.4015
residual,residual_w50_physics_s2,physics,2,50,4,True,test,5,1481,3958.2083868398568,48053.50592756213,1.5454736750633926,7783.540000000001
residual,residual_w50_physics_s2,physics,2,50,4,True,test,6,853,4840.271310017044,34526.51103779144,1.7115406652953649,8330.801
residual,residual_w50_physics_s3,physics,3,50,4,True,val,0,4551,1.050812284573155,2144.443781207774,0.0446925744830573,55.0
residual,residual_w50_physics_s3,physics,3,50,4,True,val,1,4551,69.57293341355353,4707.481160631885,0.2697645445002145,373.71799999999996
residual,residual_w50_physics_s3,physics,3,50,4,True,val,2,4551,314.2735927390845,11217.816783852897,0.45087669262831864,821.8929999999991
residual,residual_w50_physics_s3,physics,3,50,4,True,val,3,4551,673.6803433683889,15322.521419359986,0.710776177127323,2099.987
residual,residual_w50_physics_s3,physics,3,50,4,True,val,4,2932,2286.39451907668,33637.61788306029,1.0540056432782885,6281.1775
residual,residual_w50_physics_s3,physics,3,50,4,True,val,5,1524,4381.331633960983,51985.7117205173,1.5184396886952778,7759.312
residual,residual_w50_physics_s3,physics,3,50,4,True,val,6,856,5024.467875051414,51601.44768350369,1.6324301945079416,8181.928
residual,residual_w50_physics_s3,physics,3,50,4,True,test,0,4563,1.0499861223252083,1975.6492343251214,0.04301492030164833,69.21399999999994
residual,residual_w50_physics_s3,physics,3,50,4,True,test,1,4563,65.51244719821625,4236.545890015913,0.267104642301369,335.087
residual,residual_w50_physics_s3,physics,3,50,4,True,test,2,4563,275.911434952576,10585.359450945747,0.4514717943314775,752.393
residual,residual_w50_physics_s3,physics,3,50,4,True,test,3,4563,601.756277850896,15529.549231904502,0.6971099572863557,1994.9869999999999
residual,residual_w50_physics_s3,physics,3,50,4,True,test,4,2914,2236.550961207826,26749.86285299416,1.0262794372228878,6269.4015
residual,residual_w50_physics_s3,physics,3,50,4,True,test,5,1481,4495.660148549405,45376.05074695239,1.3769766614760703,7783.540000000001
residual,residual_w50_physics_s3,physics,3,50,4,True,test,6,853,5118.462801795886,33377.178631319555,1.486308931443088,8330.801
residual,residual_w50_physics_s4,physics,4,50,4,True,val,0,4551,1.006938615557118,1199.9679997579804,0.04170218147211968,55.0
residual,residual_w50_physics_s4,physics,4,50,4,True,val,1,4551,54.61400693758378,3157.472135302953,0.1821736021220266,373.71799999999996
residual,residual_w50_physics_s4,physics,4,50,4,True,val,2,4551,248.30807755131445,8637.98345249009,0.3167233729612501,821.8929999999991
residual,residual_w50_physics_s4,physics,4,50,4,True,val,3,4551,550.6003934027142,11808.94004287552,0.5332238961375524,2099.987
residual,residual_w50_physics_s4,physics,4,50,4,True,val,4,2932,1580.283375507861,29413.194272567882,0.9347601238531593,6281.1775
residual,residual_w50_physics_s4,physics,4,50,4,True,val,5,1524,2922.7077037276244,43982.68048156458,2.0341510999572625,7759.312
residual,residual_w50_physics_s4,physics,4,50,4,True,val,6,856,3577.8583638928294,43570.85696391561,2.4238290924579533,8181.928
residual,residual_w50_physics_s4,physics,4,50,4,True,test,0,4563,1.01290779089247,1167.3508130338737,0.04249942659140943,69.21399999999994
residual,residual_w50_physics_s4,physics,4,50,4,True,test,1,4563,55.31518374927913,3104.8299334445287,0.18188935363669737,335.087
residual,residual_w50_physics_s4,physics,4,50,4,True,test,2,4563,246.9000156780794,8100.636007864555,0.3174285162341195,752.393
residual,residual_w50_physics_s4,physics,4,50,4,True,test,3,4563,510.188152953873,12542.647598022704,0.5299794808532321,1994.9869999999999
residual,residual_w50_physics_s4,physics,4,50,4,True,test,4,2914,1549.6222654285248,22698.74304149682,0.8713272121415125,6269.4015
residual,residual_w50_physics_s4,physics,4,50,4,True,test,5,1481,3190.1578849988255,34679.83352390684,1.9526153316425932,7783.540000000001
residual,residual_w50_physics_s4,physics,4,50,4,True,test,6,853,3634.035012480126,28042.88927117526,2.137025532674558,8330.801
residual,residual_w50_physics_s5,physics,5,50,4,True,val,0,4551,1.1652409895352989,1921.9740902933609,0.038019462091268705,55.0
residual,residual_w50_physics_s5,physics,5,50,4,True,val,1,4551,88.88376929738229,4134.708614219015,0.21822198029876816,373.71799999999996
residual,residual_w50_physics_s5,physics,5,50,4,True,val,2,4551,374.8736990452279,10955.302236479838,0.3983676410084618,821.8929999999991
residual,residual_w50_physics_s5,physics,5,50,4,True,val,3,4551,796.2809934123029,15207.556608143932,0.6582767718514848,2099.987
residual,residual_w50_physics_s5,physics,5,50,4,True,val,4,2932,2069.5649735715024,30591.686842224597,1.0712188499017685,6281.1775
residual,residual_w50_physics_s5,physics,5,50,4,True,val,5,1524,4183.189723782893,46862.54891951492,1.6332387928232779,7759.312
residual,residual_w50_physics_s5,physics,5,50,4,True,val,6,856,4894.470274434678,47549.333853940996,1.6387558033136382,8181.928
residual,residual_w50_physics_s5,physics,5,50,4,True,test,0,4563,1.1542749498052451,1639.3426322704554,0.03665085141227038,69.21399999999994
residual,residual_w50_physics_s5,physics,5,50,4,True,test,1,4563,76.81376329071554,3700.449742167861,0.20636061167072714,335.087
residual,residual_w50_physics_s5,physics,5,50,4,True,test,2,4563,341.23706352716,9693.81228747446,0.36344464072284033,752.393
residual,residual_w50_physics_s5,physics,5,50,4,True,test,3,4563,762.9421408964845,14384.689910079158,0.5993072162579216,1994.9869999999999
residual,residual_w50_physics_s5,physics,5,50,4,True,test,4,2914,1915.5182301659152,27388.563201416437,0.9949124584245489,6269.4015
residual,residual_w50_physics_s5,physics,5,50,4,True,test,5,1481,3985.8815088479105,47987.48807108768,1.5955104388835906,7783.540000000001
residual,residual_w50_physics_s5,physics,5,50,4,True,test,6,853,4555.837528545908,41574.99484342797,1.6513174655246599,8330.801
residual,residual_w50_physics_s6,physics,6,50,4,True,val,0,4551,0.8519290366573173,1307.0113381399296,0.03846538015564449,55.0
residual,residual_w50_physics_s6,physics,6,50,4,True,val,1,4551,46.53372334288974,3550.690329224647,0.1973372965104747,373.71799999999996
residual,residual_w50_physics_s6,physics,6,50,4,True,val,2,4551,234.74895151681307,9347.593844294694,0.33907093089046575,821.8929999999991
residual,residual_w50_physics_s6,physics,6,50,4,True,val,3,4551,514.4177262563403,12486.899299641835,0.5420488648539782,2099.987
residual,residual_w50_physics_s6,physics,6,50,4,True,val,4,2932,1852.976027172275,29339.22052416353,0.8545880721896187,6281.1775
residual,residual_w50_physics_s6,physics,6,50,4,True,val,5,1524,3603.9642056442176,42074.415418071665,1.1552682626744004,7759.312
residual,residual_w50_physics_s6,physics,6,50,4,True,val,6,856,4400.766496630795,38491.668528565904,1.2434668381223966,8181.928
residual,residual_w50_physics_s6,physics,6,50,4,True,test,0,4563,0.8195266212727148,1355.293721376515,0.03798452313875239,69.21399999999994
residual,residual_w50_physics_s6,physics,6,50,4,True,test,1,4563,44.43412850059758,3614.4296191177436,0.19577171224245682,335.087
residual,residual_w50_physics_s6,physics,6,50,4,True,test,2,4563,215.51803111674417,9262.218563619846,0.3252973486656957,752.393
residual,residual_w50_physics_s6,physics,6,50,4,True,test,3,4563,486.9305655096241,13017.329781314122,0.5312252506605164,1994.9869999999999
residual,residual_w50_physics_s6,physics,6,50,4,True,test,4,2914,1730.9228338442608,23554.067983104145,0.8120384909411014,6269.4015
residual,residual_w50_physics_s6,physics,6,50,4,True,test,5,1481,3548.401158470597,45609.514829030784,1.05376089782247,7783.540000000001
residual,residual_w50_physics_s6,physics,6,50,4,True,test,6,853,4342.994924625316,35054.553090900394,1.1077716920608465,8330.801
residual,residual_w50_physics_s7,physics,7,50,4,True,val,0,4551,1.320540041578333,1502.5902919307441,0.04440025770906936,55.0
residual,residual_w50_physics_s7,physics,7,50,4,True,val,1,4551,71.25330889596881,4124.769780200836,0.24565095020787248,373.71799999999996
residual,residual_w50_physics_s7,physics,7,50,4,True,val,2,4551,291.81899541002565,9551.65783655741,0.4251038089575776,821.8929999999991
residual,residual_w50_physics_s7,physics,7,50,4,True,val,3,4551,622.0220326292747,13448.291381840249,0.6910824240662448,2099.987
residual,residual_w50_physics_s7,physics,7,50,4,True,val,4,2932,2427.0646859700946,28107.367904098446,1.0827392650665946,6281.1775
residual,residual_w50_physics_s7,physics,7,50,4,True,val,5,1524,4610.197883083657,44411.80133625769,1.4008592699484792,7759.312
residual,residual_w50_physics_s7,physics,7,50,4,True,val,6,856,5754.122991509803,42428.19178778598,1.4649403396605893,8181.928
residual,residual_w50_physics_s7,physics,7,50,4,True,test,0,4563,1.2843634641441781,1450.8664407558917,0.04271819629064755,69.21399999999994
residual,residual_w50_physics_s7,physics,7,50,4,True,test,1,4563,61.63523482001665,3999.439042325339,0.2507283890488942,335.087
residual,residual_w50_physics_s7,physics,7,50,4,True,test,2,4563,252.38513720926647,8533.879614861178,0.4275390580406255,752.393
residual,residual_w50_physics_s7,physics,7,50,4,True,test,3,4563,566.3786052474507,12365.911964905381,0.6704521723425727,1994.9869999999999
residual,residual_w50_physics_s7,physics,7,50,4,True,test,4,2914,2266.082713647151,22319.02167928093,1.0100443077516035,6269.4015
residual,residual_w50_physics_s7,physics,7,50,4,True,test,5,1481,4666.133430697471,32188.546147606303,1.358028022065083,7783.540000000001
residual,residual_w50_physics_s7,physics,7,50,4,True,test,6,853,5643.922686588098,30837.155764381154,1.4966582975942944,8330.801
residual,residual_w50_physics_s8,physics,8,50,4,True,val,0,4551,0.9788325615609494,1616.224286220529,0.037517585763409064,55.0
residual,residual_w50_physics_s8,physics,8,50,4,True,val,1,4551,61.79877554821189,4033.489209944555,0.2205114030608981,373.71799999999996
residual,residual_w50_physics_s8,physics,8,50,4,True,val,2,4551,272.7544615127755,9679.361039044237,0.41147430466087487,821.8929999999991
residual,residual_w50_physics_s8,physics,8,50,4,True,val,3,4551,600.303001684324,14795.03849727871,0.6804408842706888,2099.987
residual,residual_w50_physics_s8,physics,8,50,4,True,val,4,2932,2138.037242743195,32900.87695756117,1.1142032287567438,6281.1775
residual,residual_w50_physics_s8,physics,8,50,4,True,val,5,1524,4375.661781692401,47962.708780959154,1.7001746654960042,7759.312
residual,residual_w50_physics_s8,physics,8,50,4,True,val,6,856,5195.927385492837,48750.05394715504,1.9705301125435628,8181.928
residual,residual_w50_physics_s8,physics,8,50,4,True,test,0,4563,0.9598536320645223,1360.1446852697673,0.036322032516689085,69.21399999999994
residual,residual_w50_physics_s8,physics,8,50,4,True,test,1,4563,49.86588595551211,3531.541815358556,0.21119552450610257,335.087
residual,residual_w50_physics_s8,physics,8,50,4,True,test,2,4563,234.59026484709022,9505.995877945963,0.404393237754222,752.393
residual,residual_w50_physics_s8,physics,8,50,4,True,test,3,4563,538.953485487454,13730.29558137006,0.6694601907691333,1994.9869999999999
residual,residual_w50_physics_s8,physics,8,50,4,True,test,4,2914,2040.0459404018106,28211.29241925841,1.0966096128529543,6269.4015
residual,residual_w50_physics_s8,physics,8,50,4,True,test,5,1481,4351.9376477165115,54158.67972793785,1.660378334087293,7783.540000000001
residual,residual_w50_physics_s8,physics,8,50,4,True,test,6,853,4891.007676557649,38599.66968394571,1.7446540119519516,8330.801
residual,residual_w50_physics_s9,physics,9,50,4,True,val,0,4551,1.2850660102685652,1639.3295834736678,0.04561482429838587,55.0
residual,residual_w50_physics_s9,physics,9,50,4,True,val,1,4551,69.52316450633589,4233.972582880291,0.22740693887417315,373.71799999999996
residual,residual_w50_physics_s9,physics,9,50,4,True,val,2,4551,315.82278745736403,11479.410883646693,0.3880829573675304,821.8929999999991
residual,residual_w50_physics_s9,physics,9,50,4,True,val,3,4551,699.0514039171742,14926.00208915701,0.6295078305632029,2099.987
residual,residual_w50_physics_s9,physics,9,50,4,True,val,4,2932,2215.1448949595647,36063.727392720975,1.0679869333878809,6281.1775
residual,residual_w50_physics_s9,physics,9,50,4,True,val,5,1524,4332.574273771613,47816.58950660622,1.9159053529637267,7759.312
residual,residual_w50_physics_s9,physics,9,50,4,True,val,6,856,5119.4115991334,49936.44744727817,2.0311269709874513,8181.928
residual,residual_w50_physics_s9,physics,9,50,4,True,test,0,4563,1.2696829287425215,1513.8558668084092,0.04322620897752316,69.21399999999994
residual,residual_w50_physics_s9,physics,9,50,4,True,test,1,4563,59.35084027692028,3991.6194446144,0.22547905867894602,335.087
residual,residual_w50_physics_s9,physics,9,50,4,True,test,2,4563,269.40748976443274,10201.263217785121,0.3944512235637479,752.393
residual,residual_w50_physics_s9,physics,9,50,4,True,test,3,4563,607.6704643048743,13739.249854101829,0.6027688486314048,1994.9869999999999
residual,residual_w50_physics_s9,physics,9,50,4,True,test,4,2914,2030.8922366181719,24834.708801373123,1.0482137284580535,6269.4015
residual,residual_w50_physics_s9,physics,9,50,4,True,test,5,1481,4120.917521413162,43964.04811888852,1.89213749585794,7783.540000000001
residual,residual_w50_physics_s9,physics,9,50,4,True,test,6,853,4976.35703785636,38423.12797181984,2.136762505920764,8330.801
