arch,mode,column,component,unit,median_abs,p95_abs,bias_over_rms,bias_over_median,p95_over_median,n_cells
2x128,data,0.1 mm,max_xy,um,283746,2.14485e+06,nan,nan,7.76969,30
2x128,data,0.1 mm,tx,mrad,115.261,838.608,0.10319,0.34417,7.69833,30
2x128,data,0.1 mm,ty,mrad,1.20126,30.2906,0.0886293,1.26352,26.7442,30
2x128,data,0.1 mm,x,um,281632,2.14485e+06,0.072566,0.238889,7.82693,30
2x128,data,0.1 mm,y,um,2928.78,74089.4,0.0539708,0.728019,27.0165,30
2x128,data,1 mm,max_xy,um,140424,1.91168e+06,nan,nan,13.9711,30
2x128,data,1 mm,tx,mrad,51.4825,760.167,0.0779647,0.548313,15.2058,30
2x128,data,1 mm,ty,mrad,0.922476,29.0112,0.0572292,1.31683,28.7955,30
2x128,data,1 mm,x,um,137080,1.91168e+06,0.0869333,0.559466,14.1301,30
2x128,data,1 mm,y,um,2534.39,74921.3,0.0413008,0.75021,29.4753,30
2x128,data,10 mm,max_xy,um,13870.3,391962,nan,nan,23.2817,30
2x128,data,10 mm,tx,mrad,4.68847,145.791,0.0388694,1.14773,25.4787,30
2x128,data,10 mm,ty,mrad,0.64593,14.7477,0.0320829,0.567404,22.9999,30
2x128,data,10 mm,x,um,12358.6,391962,0.0749035,1.87034,24.5451,30
2x128,data,10 mm,y,um,2021.3,49082.4,0.0279805,0.475849,24.5985,30
2x128,data,100 mm,max_xy,um,8555.94,105162,nan,nan,12.6855,30
2x128,data,100 mm,tx,mrad,2.59479,34.2677,0.0394395,0.407319,14.9982,30
2x128,data,100 mm,ty,mrad,0.794023,12.9109,0.0501048,0.476372,16.8624,30
2x128,data,100 mm,x,um,6999.34,101952,0.063223,0.759541,14.5024,30
2x128,data,100 mm,y,um,2114.84,39466.1,0.0529348,0.518426,16.954,30
2x128,data,1000 mm,max_xy,um,6845.16,77621.1,nan,nan,12.0613,30
2x128,data,1000 mm,tx,mrad,1.90417,30.4278,0.0454256,0.395069,15.6036,30
2x128,data,1000 mm,ty,mrad,0.718903,12.5502,0.0359477,0.298281,17.9648,30
2x128,data,1000 mm,x,um,5445.88,74530.9,0.0685646,0.632406,13.7208,30
2x128,data,1000 mm,y,um,1908.89,34457.8,0.0511954,0.515687,17.2556,30
2x128,data,full crossing,max_xy,um,4244.53,55305.2,nan,nan,12.6086,30
2x128,data,full crossing,tx,mrad,1.29797,21.7495,0.039716,0.403609,15.5089,30
2x128,data,full crossing,ty,mrad,0.534431,10.3884,0.0433799,0.417655,18.6955,30
2x128,data,full crossing,x,um,3284.75,48785.2,0.0689097,0.628638,15.341,30
2x128,data,full crossing,y,um,1710.21,31392.7,0.0251014,0.204932,17.5197,30
2x128,physics,0.1 mm,max_xy,um,391564,1.03222e+06,nan,nan,2.6951,30
2x128,physics,0.1 mm,tx,mrad,137.563,380.362,0.0352652,0.0507091,2.86151,30
2x128,physics,0.1 mm,ty,mrad,2.60916,25.3407,0.0961275,0.531977,9.43181,30
2x128,physics,0.1 mm,x,um,391564,1.03222e+06,0.142803,0.204502,2.6951,30
2x128,physics,0.1 mm,y,um,6316.22,77059.8,0.110788,0.746562,12.0824,30
2x128,physics,1 mm,max_xy,um,379470,1.04731e+06,nan,nan,2.73829,30
2x128,physics,1 mm,tx,mrad,134.873,388.236,0.0419959,0.0616363,2.89766,30
2x128,physics,1 mm,ty,mrad,2.53073,24.8099,0.0933192,0.465387,9.84214,30
2x128,physics,1 mm,x,um,379470,1.04731e+06,0.17458,0.243314,2.73829,30
2x128,physics,1 mm,y,um,5949.04,75019.6,0.164993,0.900003,12.0515,30
2x128,physics,10 mm,max_xy,um,332286,918416,nan,nan,2.79791,30
2x128,physics,10 mm,tx,mrad,117.546,343.956,0.0430257,0.0681885,2.9987,30
2x128,physics,10 mm,ty,mrad,2.36623,22.536,0.0810856,0.415339,9.47673,30
2x128,physics,10 mm,x,um,332286,918416,0.172787,0.233905,2.79791,30
2x128,physics,10 mm,y,um,5665.43,69833.7,0.162062,0.887501,11.9753,30
2x128,physics,100 mm,max_xy,um,29582.5,139206,nan,nan,4.83971,30
2x128,physics,100 mm,tx,mrad,10.6918,49.9394,0.118049,0.276614,4.65019,30
2x128,physics,100 mm,ty,mrad,1.14417,11.5464,0.0794656,0.384743,9.7989,30
2x128,physics,100 mm,x,um,28711.3,138858,0.133676,0.347401,4.91929,30
2x128,physics,100 mm,y,um,3376.22,39673.6,0.0659091,0.348987,11.8126,30
2x128,physics,1000 mm,max_xy,um,3512.66,31651.2,nan,nan,9.2811,30
2x128,physics,1000 mm,tx,mrad,1.38016,15.0187,0.0438744,0.264378,11.1359,30
2x128,physics,1000 mm,ty,mrad,0.431519,6.58822,0.0592866,0.57228,15.0097,30
2x128,physics,1000 mm,x,um,3077.76,29293.2,0.0599786,0.379333,9.68011,30
2x128,physics,1000 mm,y,um,1180.48,14799.1,0.0971351,0.72358,11.908,30
2x128,physics,full crossing,max_xy,um,936.681,10942.4,nan,nan,10.9352,30
2x128,physics,full crossing,tx,mrad,0.208364,3.36158,0.0252726,0.206015,15.3776,30
2x128,physics,full crossing,ty,mrad,0.0832255,1.65518,0.0274409,0.376409,20.3958,30
2x128,physics,full crossing,x,um,835.615,9138.34,0.0261767,0.15126,10.7908,30
2x128,physics,full crossing,y,um,318.133,4830.55,0.0227737,0.249101,16.0676,30
2x256,data,0.1 mm,max_xy,um,355170,2.52933e+06,nan,nan,6.73834,30
2x256,data,0.1 mm,tx,mrad,145.925,981.556,0.0922453,0.329472,7.08167,30
2x256,data,0.1 mm,ty,mrad,2.23826,47.6924,0.0833659,0.873531,21.977,30
2x256,data,0.1 mm,x,um,355170,2.52933e+06,0.0939963,0.261646,6.73834,30
2x256,data,0.1 mm,y,um,4763.94,114672,0.0841319,0.896815,22.5159,30
2x256,data,1 mm,max_xy,um,222747,2.43528e+06,nan,nan,9.87481,30
2x256,data,1 mm,tx,mrad,90.7753,919.695,0.101026,0.511684,11.544,30
2x256,data,1 mm,ty,mrad,1.738,50.544,0.0839755,1.17102,26.9768,30
2x256,data,1 mm,x,um,221752,2.43528e+06,0.0729989,0.365032,9.90203,30
2x256,data,1 mm,y,um,3854.93,118692,0.0681857,1.02353,29.0619,30
2x256,data,10 mm,max_xy,um,44436.6,865716,nan,nan,21.9795,30
2x256,data,10 mm,tx,mrad,15.3994,350.252,0.0489436,0.751236,26.0888,30
2x256,data,10 mm,ty,mrad,0.675294,23.4624,0.0541226,0.892898,36.8711,30
2x256,data,10 mm,x,um,43606.4,865716,0.0394702,0.816194,22.3639,30
2x256,data,10 mm,y,um,1865.06,62065.7,0.029787,0.68227,35.8486,30
2x256,data,100 mm,max_xy,um,30692.1,261815,nan,nan,8.19049,30
2x256,data,100 mm,tx,mrad,10.9768,99.3441,0.0730739,0.320924,8.51839,30
2x256,data,100 mm,ty,mrad,1.24249,18.4537,0.0405334,0.330266,14.0564,30
2x256,data,100 mm,x,um,28172.3,255404,0.0731674,0.298807,8.46701,30
2x256,data,100 mm,y,um,3370.17,47302.7,0.0640435,0.478272,15.5008,30
2x256,data,1000 mm,max_xy,um,8674.19,104269,nan,nan,11.5513,30
2x256,data,1000 mm,tx,mrad,3.57966,45.5606,0.0594752,0.359846,12.4112,30
2x256,data,1000 mm,ty,mrad,0.795513,14.8421,0.0369304,0.363942,18.3369,30
2x256,data,1000 mm,x,um,7762.77,97429.8,0.0516462,0.274392,13.0886,30
2x256,data,1000 mm,y,um,1809.2,35110.2,0.053772,0.495357,18.3311,30
2x256,data,full crossing,max_xy,um,1894.63,28785.7,nan,nan,15.0896,30
2x256,data,full crossing,tx,mrad,0.724591,15.6888,0.031161,0.517222,21.6095,30
2x256,data,full crossing,ty,mrad,0.330379,5.51764,0.0522736,0.432002,16.4458,30
2x256,data,full crossing,x,um,1424.07,26788.6,0.0556094,0.638041,19.3488,30
2x256,data,full crossing,y,um,753.962,11725.6,0.0281452,0.242839,15.8488,30
2x256,physics,0.1 mm,max_xy,um,386451,991734,nan,nan,2.51485,30
2x256,physics,0.1 mm,tx,mrad,131.534,358.919,0.0227004,0.0321155,2.69046,30
2x256,physics,0.1 mm,ty,mrad,1.84832,20.0204,0.15242,0.746855,9.85508,30
2x256,physics,0.1 mm,x,um,386451,991734,0.112873,0.158749,2.51485,30
2x256,physics,0.1 mm,y,um,4846.64,66085.4,0.093893,0.499114,12.4675,30
2x256,physics,1 mm,max_xy,um,377018,1e+06,nan,nan,2.62316,30
2x256,physics,1 mm,tx,mrad,130.787,360.198,0.0236097,0.0355783,2.76595,30
2x256,physics,1 mm,ty,mrad,1.79903,19.602,0.13239,0.70011,9.59944,30
2x256,physics,1 mm,x,um,377018,1e+06,0.14615,0.208801,2.62316,30
2x256,physics,1 mm,y,um,4775.49,64293.4,0.131095,0.686135,13.0337,30
2x256,physics,10 mm,max_xy,um,341914,915374,nan,nan,2.65443,30
2x256,physics,10 mm,tx,mrad,117.202,327.35,0.0262292,0.0400683,2.81999,30
2x256,physics,10 mm,ty,mrad,1.78022,18.8372,0.112509,0.667983,10.1884,30
2x256,physics,10 mm,x,um,341914,915374,0.150575,0.214924,2.65443,30
2x256,physics,10 mm,y,um,4583.73,61659,0.112765,0.630689,13.4341,30
2x256,physics,100 mm,max_xy,um,51379,200288,nan,nan,4.1614,30
2x256,physics,100 mm,tx,mrad,18.8036,73.0643,0.0815394,0.18017,4.16113,30
2x256,physics,100 mm,ty,mrad,1.07919,12.3268,0.0667401,0.336591,10.3222,30
2x256,physics,100 mm,x,um,50909.4,200288,0.112586,0.244904,4.21279,30
2x256,physics,100 mm,y,um,3427.97,40408.8,0.0456879,0.25136,11.8376,30
2x256,physics,1000 mm,max_xy,um,4070.05,36445.3,nan,nan,8.59941,30
2x256,physics,1000 mm,tx,mrad,1.70976,17.4524,0.0621641,0.286774,9.19012,30
2x256,physics,1000 mm,ty,mrad,0.389997,6.2245,0.0222939,0.222715,15.7727,30
2x256,physics,1000 mm,x,um,3720.76,34369.9,0.0694593,0.352334,8.88737,30
2x256,physics,1000 mm,y,um,1052.38,14996.1,0.0535947,0.474579,14.2996,30
2x256,physics,full crossing,max_xy,um,1040.06,10933.2,nan,nan,10.4206,30
2x256,physics,full crossing,tx,mrad,0.22351,3.26286,0.0237198,0.159454,13.8879,30
2x256,physics,full crossing,ty,mrad,0.0698961,1.61908,0.0288852,0.481049,23.0634,30
2x256,physics,full crossing,x,um,940.572,10118.5,0.0390614,0.224144,10.4884,30
2x256,physics,full crossing,y,um,286.577,4546.88,0.0248914,0.25274,16.4732,30
2x32,data,0.1 mm,max_xy,um,19387.4,528936,nan,nan,22.8875,30
2x32,data,0.1 mm,tx,mrad,8.06246,201.928,0.0789783,1.31187,25.9147,30
2x32,data,0.1 mm,ty,mrad,0.486455,11.7965,0.0265841,0.369982,24.3076,30
2x32,data,0.1 mm,x,um,18645.6,528936,0.0951747,1.57972,23.9991,30
2x32,data,0.1 mm,y,um,1702.44,41745.7,0.0435364,0.688246,24.9495,30
2x32,data,1 mm,max_xy,um,8749.01,139021,nan,nan,15.8246,30
2x32,data,1 mm,tx,mrad,2.94518,48.5268,0.056355,0.892694,16.9833,30
2x32,data,1 mm,ty,mrad,0.392799,11.4131,0.0333129,0.486082,29.1173,30
2x32,data,1 mm,x,um,7888.39,136828,0.0542448,0.830834,17.3043,30
2x32,data,1 mm,y,um,1551.57,42618.6,0.0234159,0.375198,27.4606,30
2x32,data,10 mm,max_xy,um,8224.99,129265,nan,nan,15.5192,30
2x32,data,10 mm,tx,mrad,2.74117,46.9502,0.0406522,0.37562,17.5529,30
2x32,data,10 mm,ty,mrad,0.39248,11.5449,0.0356983,0.808919,29.4861,30
2x32,data,10 mm,x,um,7122.41,125574,0.0672958,0.78524,16.8875,30
2x32,data,10 mm,y,um,1545.62,42511.5,0.0246776,0.381091,27.7559,30
2x32,data,100 mm,max_xy,um,8144.95,135002,nan,nan,16.3661,30
2x32,data,100 mm,tx,mrad,2.74374,47.2587,0.032777,0.268655,17.3595,30
2x32,data,100 mm,ty,mrad,0.397117,11.31,0.0434511,0.650595,28.3925,30
2x32,data,100 mm,x,um,7402.29,132802,0.0495843,0.595353,17.8622,30
2x32,data,100 mm,y,um,1582.3,41947.1,0.01661,0.250097,26.6266,30
2x32,data,1000 mm,max_xy,um,8132.93,139836,nan,nan,17.0091,30
2x32,data,1000 mm,tx,mrad,2.70182,49.2911,0.0405426,0.665992,17.9138,30
2x32,data,1000 mm,ty,mrad,0.391072,12.1614,0.035509,0.77615,30.9672,30
2x32,data,1000 mm,x,um,7361.05,138560,0.0543909,0.668159,18.6938,30
2x32,data,1000 mm,y,um,1578.69,42955.4,0.0231036,0.354071,27.2418,30
2x32,data,full crossing,max_xy,um,10324.5,125620,nan,nan,12.3897,30
2x32,data,full crossing,tx,mrad,2.62169,48.0936,0.029747,1.05197,18.0629,30
2x32,data,full crossing,ty,mrad,0.378334,11.5257,0.030997,0.956771,29.9007,30
2x32,data,full crossing,x,um,9352.49,124520,0.0476149,0.52917,13.5963,30
2x32,data,full crossing,y,um,1538.24,42809.8,0.024477,0.587512,27.6289,30
2x32,physics,0.1 mm,max_xy,um,365712,1.20806e+06,nan,nan,3.51362,30
2x32,physics,0.1 mm,tx,mrad,124.02,459.674,0.0522716,0.0965231,3.72489,30
2x32,physics,0.1 mm,ty,mrad,2.39114,23.4779,0.14958,0.782006,10.7513,30
2x32,physics,0.1 mm,x,um,365712,1.20806e+06,0.156885,0.25963,3.51362,30
2x32,physics,0.1 mm,y,um,6393.26,69943.1,0.106687,0.521151,11.3274,30
2x32,physics,1 mm,max_xy,um,355014,1.24992e+06,nan,nan,3.55764,30
2x32,physics,1 mm,tx,mrad,121.091,460.564,0.0507998,0.092609,3.7735,30
2x32,physics,1 mm,ty,mrad,2.31449,23.5034,0.161628,0.843434,11.0091,30
2x32,physics,1 mm,x,um,355014,1.24992e+06,0.199046,0.303551,3.55764,30
2x32,physics,1 mm,y,um,6400.34,68923.6,0.129403,0.600215,11.6903,30
2x32,physics,10 mm,max_xy,um,303402,1.06968e+06,nan,nan,3.70827,30
2x32,physics,10 mm,tx,mrad,106.108,426.798,0.0461132,0.0897898,4.1099,30
2x32,physics,10 mm,ty,mrad,2.18788,22.0837,0.132768,0.583266,10.5206,30
2x32,physics,10 mm,x,um,303402,1.06968e+06,0.216184,0.305541,3.70827,30
2x32,physics,10 mm,y,um,5924.63,65208.7,0.114625,0.580643,11.3746,30
2x32,physics,100 mm,max_xy,um,46109.4,152562,nan,nan,3.52543,30
2x32,physics,100 mm,tx,mrad,16.6382,49.2864,0.0479765,0.144186,3.59176,30
2x32,physics,100 mm,ty,mrad,1.62055,12.6249,0.0782777,0.351617,7.96957,30
2x32,physics,100 mm,x,um,45041.2,152246,0.112468,0.343944,3.58909,30
2x32,physics,100 mm,y,um,4825.62,44209.2,0.0628115,0.25988,9.01898,30
2x32,physics,1000 mm,max_xy,um,5011.8,41100.8,nan,nan,8.19559,30
2x32,physics,1000 mm,tx,mrad,1.89519,17.0661,0.0421271,0.193963,9.75244,30
2x32,physics,1000 mm,ty,mrad,0.671043,7.30523,0.0533021,0.297444,11.0391,30
2x32,physics,1000 mm,x,um,4438.01,37244.6,0.0572265,0.281092,8.67845,30
2x32,physics,1000 mm,y,um,1750.72,18556.8,0.101054,0.604887,10.615,30
2x32,physics,full crossing,max_xy,um,1643.47,15864.8,nan,nan,9.88919,30
2x32,physics,full crossing,tx,mrad,0.389754,4.37128,0.0193091,0.109167,10.4372,30
2x32,physics,full crossing,ty,mrad,0.14157,2.12156,0.0357261,0.342148,14.6492,30
2x32,physics,full crossing,x,um,1466.76,14353.7,0.0308227,0.197987,9.97016,30
2x32,physics,full crossing,y,um,587.106,6314.85,0.023682,0.173081,11.58,30
2x64,data,0.1 mm,max_xy,um,129883,1.54742e+06,nan,nan,12.7349,30
2x64,data,0.1 mm,tx,mrad,54.8419,617.485,0.0791403,0.297666,12.0866,30
2x64,data,0.1 mm,ty,mrad,0.691769,13.4026,0.0615056,0.986158,22.0809,30
2x64,data,0.1 mm,x,um,129883,1.54742e+06,0.0798076,0.419638,12.7349,30
2x64,data,0.1 mm,y,um,2138.2,44506.9,0.0394208,0.638676,21.295,30
2x64,data,1 mm,max_xy,um,16593.5,449704,nan,nan,22.4144,30
2x64,data,1 mm,tx,mrad,6.06335,168.562,0.0468417,0.664023,21.8627,30
2x64,data,1 mm,ty,mrad,0.500725,12.1867,0.0488529,0.687596,24.7344,30
2x64,data,1 mm,x,um,15918,449704,0.0714528,1.28241,23.9779,30
2x64,data,1 mm,y,um,1828.81,42914.2,0.0205061,0.214463,23.0911,30
2x64,data,10 mm,max_xy,um,8410.02,114343,nan,nan,14.8631,30
2x64,data,10 mm,tx,mrad,2.89083,46.4839,0.0578352,0.717792,16.0447,30
2x64,data,10 mm,ty,mrad,0.473638,11.9391,0.0407911,0.521828,24.277,30
2x64,data,10 mm,x,um,7349.2,109556,0.0882429,1.09539,17.0801,30
2x64,data,10 mm,y,um,1754.14,41933.2,0.0351079,0.439045,23.9485,30
2x64,data,100 mm,max_xy,um,7749.51,111796,nan,nan,14.4373,30
2x64,data,100 mm,tx,mrad,2.6566,40.5187,0.0544449,0.757269,16.3521,30
2x64,data,100 mm,ty,mrad,0.459234,11.7366,0.038271,0.647859,25.4243,30
2x64,data,100 mm,x,um,6599.97,110487,0.0876699,1.5564,17.1623,30
2x64,data,100 mm,y,um,1733.62,42041.6,0.0358451,0.653218,24.616,30
2x64,data,1000 mm,max_xy,um,8711.81,112366,nan,nan,13.3527,30
2x64,data,1000 mm,tx,mrad,2.60533,40.7505,0.0424123,0.43041,15.895,30
2x64,data,1000 mm,ty,mrad,0.482737,11.6569,0.0453975,0.566443,24.1932,30
2x64,data,1000 mm,x,um,7538.74,109132,0.0482471,0.658874,15.1846,30
2x64,data,1000 mm,y,um,1743.54,41809.8,0.0209324,0.326117,24.022,30
2x64,data,full crossing,max_xy,um,9469.26,111892,nan,nan,11.7852,30
2x64,data,full crossing,tx,mrad,2.73983,42.864,0.0352428,0.504779,15.4012,30
2x64,data,full crossing,ty,mrad,0.46218,11.2647,0.0453815,0.602812,25.158,30
2x64,data,full crossing,x,um,8350.13,110196,0.0553484,0.583519,13.292,30
2x64,data,full crossing,y,um,1871.59,42471.9,0.0334751,0.579733,21.9647,30
2x64,physics,0.1 mm,max_xy,um,390577,1.14374e+06,nan,nan,2.97492,30
2x64,physics,0.1 mm,tx,mrad,140.225,459.326,0.0415614,0.0662765,3.17449,30
2x64,physics,0.1 mm,ty,mrad,2.34814,24.6153,0.110282,0.527843,10.7689,30
2x64,physics,0.1 mm,x,um,390577,1.14374e+06,0.144408,0.220393,2.97492,30
2x64,physics,0.1 mm,y,um,6407.78,65115.8,0.0914031,0.4279,11.7769,30
2x64,physics,1 mm,max_xy,um,386520,1.16641e+06,nan,nan,3.06867,30
2x64,physics,1 mm,tx,mrad,136.045,458.207,0.0441936,0.0836225,3.30949,30
2x64,physics,1 mm,ty,mrad,2.45334,23.9861,0.124306,0.593486,10.4516,30
2x64,physics,1 mm,x,um,386520,1.16641e+06,0.176627,0.266011,3.06867,30
2x64,physics,1 mm,y,um,6257.1,70129.4,0.121206,0.673537,11.6546,30
2x64,physics,10 mm,max_xy,um,332192,1.00078e+06,nan,nan,3.11159,30
2x64,physics,10 mm,tx,mrad,115.46,396.961,0.0452335,0.0743579,3.35774,30
2x64,physics,10 mm,ty,mrad,2.20769,22.0402,0.113148,0.503605,10.4055,30
2x64,physics,10 mm,x,um,332192,1.00078e+06,0.177034,0.267685,3.11159,30
2x64,physics,10 mm,y,um,5920.42,65346.2,0.127157,0.717669,11.5773,30
2x64,physics,100 mm,max_xy,um,24767.3,116850,nan,nan,5.01764,30
2x64,physics,100 mm,tx,mrad,7.84074,41.1376,0.0820456,0.254901,5.48619,30
2x64,physics,100 mm,ty,mrad,1.31375,11.2034,0.0457462,0.187333,9.34003,30
2x64,physics,100 mm,x,um,23579.5,113910,0.120497,0.368322,5.14225,30
2x64,physics,100 mm,y,um,4072.05,39277.7,0.098593,0.476435,10.0812,30
2x64,physics,1000 mm,max_xy,um,3797.08,34366.1,nan,nan,8.97579,30
2x64,physics,1000 mm,tx,mrad,1.39008,15.1243,0.042726,0.237972,11.0491,30
2x64,physics,1000 mm,ty,mrad,0.507051,6.81106,0.0649203,0.483296,13.8976,30
2x64,physics,1000 mm,x,um,3462.31,32278.3,0.0345405,0.219235,9.54755,30
2x64,physics,1000 mm,y,um,1234.22,14883.2,0.0998265,0.596407,12.558,30
2x64,physics,full crossing,max_xy,um,1048.25,12702.6,nan,nan,11.0713,30
2x64,physics,full crossing,tx,mrad,0.25491,3.49844,0.0304532,0.231496,13.1482,30
2x64,physics,full crossing,ty,mrad,0.0989206,1.80273,0.0262071,0.287881,18.0337,30
2x64,physics,full crossing,x,um,962.612,10856.2,0.0375932,0.22807,11.0264,30
2x64,physics,full crossing,y,um,390.952,5437.76,0.0265568,0.240172,13.8578,30
4x128,data,0.1 mm,max_xy,um,124206,1.75198e+06,nan,nan,14.446,30
4x128,data,0.1 mm,tx,mrad,50.744,702.486,0.0479399,0.238847,13.0502,30
4x128,data,0.1 mm,ty,mrad,0.760942,20.0506,0.0632758,0.884633,24.0748,30
4x128,data,0.1 mm,x,um,122458,1.75198e+06,0.152896,0.843303,14.4507,30
4x128,data,0.1 mm,y,um,2126.18,57421.1,0.0577216,1.01806,27.1487,30
4x128,data,1 mm,max_xy,um,2694.28,1.36058e+06,nan,nan,469.312,30
4x128,data,1 mm,tx,mrad,0.907979,523.483,0.0395336,8.72086,590.918,30
4x128,data,1 mm,ty,mrad,0.397464,16.8027,0.0414481,0.920897,45.6416,30
4x128,data,1 mm,x,um,2196.14,1.36058e+06,0.115775,26.8689,583.924,30
4x128,data,1 mm,y,um,1093.4,45736.2,0.0420394,1.24793,40.2841,30
4x128,data,10 mm,max_xy,um,2194.22,47166.1,nan,nan,18.9166,30
4x128,data,10 mm,tx,mrad,0.543247,16.0541,0.0321186,1.88822,26.8099,30
4x128,data,10 mm,ty,mrad,0.346297,7.38427,0.03708,0.467942,21.3053,30
4x128,data,10 mm,x,um,1503.2,41768.6,0.0482626,2.11505,25.0751,30
4x128,data,10 mm,y,um,1038.96,21007.2,0.0363979,0.529734,21.2158,30
4x128,data,100 mm,max_xy,um,2574.71,43784.9,nan,nan,14.7583,30
4x128,data,100 mm,tx,mrad,0.709624,12.9851,0.0515424,0.514409,17.667,30
4x128,data,100 mm,ty,mrad,0.377667,7.43662,0.034006,0.348787,19.7575,30
4x128,data,100 mm,x,um,1852.23,35356.6,0.071575,0.774353,17.4807,30
4x128,data,100 mm,y,um,1231.53,22813.4,0.0342819,0.411212,19.5656,30
4x128,data,1000 mm,max_xy,um,3185.51,45109.6,nan,nan,13.857,30
4x128,data,1000 mm,tx,mrad,1.00939,17.1184,0.0454728,0.426419,17.2928,30
4x128,data,1000 mm,ty,mrad,0.501138,9.18312,0.0817599,0.673025,17.8834,30
4x128,data,1000 mm,x,um,2584.06,40603.1,0.064079,0.529431,16.4622,30
4x128,data,1000 mm,y,um,1324.88,23556.7,0.0520618,0.464475,17.1037,30
4x128,data,full crossing,max_xy,um,2049.76,29298.2,nan,nan,13.558,30
4x128,data,full crossing,tx,mrad,0.573603,9.86196,0.029199,0.250703,17.0481,30
4x128,data,full crossing,ty,mrad,0.404894,8.53067,0.0542585,0.478624,18.9175,30
4x128,data,full crossing,x,um,1305.84,24067.2,0.0485321,0.500377,16.9603,30
4x128,data,full crossing,y,um,1044.05,17751.2,0.0305138,0.21564,17.8959,30
4x128,physics,0.1 mm,max_xy,um,208281,1.07297e+06,nan,nan,4.76263,30
4x128,physics,0.1 mm,tx,mrad,63.3517,368.569,0.0628605,0.144437,5.88637,30
4x128,physics,0.1 mm,ty,mrad,1.7778,18.7844,0.0868999,0.487543,10.9542,30
4x128,physics,0.1 mm,x,um,208281,1.07297e+06,0.188852,0.361691,4.76263,30
4x128,physics,0.1 mm,y,um,4931.59,63997.8,0.092482,0.475318,13.1467,30
4x128,physics,1 mm,max_xy,um,201230,1.15484e+06,nan,nan,5.22755,30
4x128,physics,1 mm,tx,mrad,61.1868,386.005,0.0619003,0.154746,6.39877,30
4x128,physics,1 mm,ty,mrad,1.76833,18.932,0.107972,0.515998,11.2691,30
4x128,physics,1 mm,x,um,201230,1.15484e+06,0.189637,0.412133,5.22755,30
4x128,physics,1 mm,y,um,4794.98,65599.8,0.0882558,0.638232,14.5819,30
4x128,physics,10 mm,max_xy,um,158036,1.04376e+06,nan,nan,5.74322,30
4x128,physics,10 mm,tx,mrad,50.1691,348.702,0.0577645,0.149585,6.46502,30
4x128,physics,10 mm,ty,mrad,1.62276,18.0058,0.106864,0.526184,11.7067,30
4x128,physics,10 mm,x,um,158036,1.04376e+06,0.173281,0.430921,5.74322,30
4x128,physics,10 mm,y,um,4567.68,60492.1,0.0796365,0.587377,13.8204,30
4x128,physics,100 mm,max_xy,um,15592.1,101175,nan,nan,6.4863,30
4x128,physics,100 mm,tx,mrad,5.45091,31.9857,0.0780291,0.541505,5.80732,30
4x128,physics,100 mm,ty,mrad,0.985807,10.2219,0.0715347,0.336047,10.2035,30
4x128,physics,100 mm,x,um,14600.4,98190.1,0.0712614,0.761398,6.24119,30
4x128,physics,100 mm,y,um,2785.74,35382.7,0.0402535,0.259008,12.725,30
4x128,physics,1000 mm,max_xy,um,2942.93,30333.2,nan,nan,10.1997,30
4x128,physics,1000 mm,tx,mrad,1.02869,12.9853,0.0570462,0.358644,13.0462,30
4x128,physics,1000 mm,ty,mrad,0.422728,5.82046,0.0610484,0.491782,14.05,30
4x128,physics,1000 mm,x,um,2598.19,27741.8,0.0280999,0.163209,10.7936,30
4x128,physics,1000 mm,y,um,1001.83,14051.6,0.0829149,0.799909,13.9973,30
4x128,physics,full crossing,max_xy,um,784.992,9773.62,nan,nan,11.4159,30
4x128,physics,full crossing,tx,mrad,0.177807,3.00672,0.0249573,0.199495,16.1689,30
4x128,physics,full crossing,ty,mrad,0.0758667,1.57673,0.0268063,0.363146,20.8187,30
4x128,physics,full crossing,x,um,689.671,8357.72,0.043299,0.277956,11.5676,30
4x128,physics,full crossing,y,um,248.252,4120.68,0.0208972,0.23317,16.1406,30
4x256,data,0.1 mm,max_xy,um,172648,1.80286e+06,nan,nan,10.5749,30
4x256,data,0.1 mm,tx,mrad,65.9505,675.291,0.0881898,0.377676,9.83377,30
4x256,data,0.1 mm,ty,mrad,0.774544,19.2186,0.0675817,0.996821,25.6417,30
4x256,data,0.1 mm,x,um,172648,1.80286e+06,0.10961,0.485724,10.5749,30
4x256,data,0.1 mm,y,um,2015.94,57886.1,0.045843,0.777956,28.601,30
4x256,data,1 mm,max_xy,um,3687.49,1.50884e+06,nan,nan,396.666,30
4x256,data,1 mm,tx,mrad,1.60437,594.622,0.0677321,6.83116,329.825,30
4x256,data,1 mm,ty,mrad,0.342739,18.2509,0.0571303,1.82407,57.5809,30
4x256,data,1 mm,x,um,3305.98,1.50884e+06,0.13115,20.4109,452.227,30
4x256,data,1 mm,y,um,924.733,48082.6,0.0664527,2.19329,59.9183,30
4x256,data,10 mm,max_xy,um,1524.13,44101.2,nan,nan,30.3417,30
4x256,data,10 mm,tx,mrad,0.40551,16.6804,0.0325215,5.48884,41.7231,30
4x256,data,10 mm,ty,mrad,0.229577,5.97586,0.0312084,0.517888,23.8718,30
4x256,data,10 mm,x,um,1091.01,42898.3,0.0646149,9.69193,36.6763,30
4x256,data,10 mm,y,um,630.125,16676.5,0.0289767,0.666088,24.7195,30
4x256,data,100 mm,max_xy,um,1848.56,31324.7,nan,nan,17.0539,30
4x256,data,100 mm,tx,mrad,0.478599,10.1791,0.0356754,0.418411,20.9783,30
4x256,data,100 mm,ty,mrad,0.276817,5.42785,0.0385056,0.406934,19.8132,30
4x256,data,100 mm,x,um,1295.24,28114.3,0.0507069,0.673862,21.9778,30
4x256,data,100 mm,y,um,797.852,15184.1,0.0480855,0.477711,19.5295,30
4x256,data,1000 mm,max_xy,um,2567.72,41060.9,nan,nan,15.7282,30
4x256,data,1000 mm,tx,mrad,0.777675,15.8676,0.0322414,0.337723,20.4375,30
4x256,data,1000 mm,ty,mrad,0.401051,7.96882,0.0537983,0.496352,19.5925,30
4x256,data,1000 mm,x,um,1930.49,37192.3,0.0488247,0.48404,20.1173,30
4x256,data,1000 mm,y,um,1067.64,19543.3,0.0741318,0.624398,17.6562,30
4x256,data,full crossing,max_xy,um,1321,21700,nan,nan,15.9237,30
4x256,data,full crossing,tx,mrad,0.394281,7.45758,0.0220473,0.255466,18.8071,30
4x256,data,full crossing,ty,mrad,0.301218,5.97791,0.069837,0.578973,18.1883,30
4x256,data,full crossing,x,um,896.844,19127.2,0.0570711,0.833741,20.4836,30
4x256,data,full crossing,y,um,614.021,10600.5,0.0348329,0.405774,17.0513,30
4x256,physics,0.1 mm,max_xy,um,190409,954856,nan,nan,4.65505,30
4x256,physics,0.1 mm,tx,mrad,58.0728,350.672,0.0675766,0.162087,5.52871,30
4x256,physics,0.1 mm,ty,mrad,1.72945,17.5558,0.0920265,0.481385,10.1518,30
4x256,physics,0.1 mm,x,um,190409,954856,0.170527,0.412753,4.65505,30
4x256,physics,0.1 mm,y,um,4903.36,56329.2,0.0539481,0.305389,12.3552,30
4x256,physics,1 mm,max_xy,um,184364,1.00745e+06,nan,nan,4.81333,30
4x256,physics,1 mm,tx,mrad,56.2073,366.332,0.0468431,0.117313,5.76746,30
4x256,physics,1 mm,ty,mrad,1.65073,17.9338,0.0741771,0.357162,10.5347,30
4x256,physics,1 mm,x,um,184364,1.00745e+06,0.174535,0.431924,4.81333,30
4x256,physics,1 mm,y,um,4814.34,58759.2,0.0485414,0.363287,13.1138,30
4x256,physics,10 mm,max_xy,um,149238,860710,nan,nan,5.29302,30
4x256,physics,10 mm,tx,mrad,46.8919,299.004,0.0452842,0.109639,5.76989,30
4x256,physics,10 mm,ty,mrad,1.54969,16.4342,0.0729533,0.334222,10.8412,30
4x256,physics,10 mm,x,um,149238,860710,0.155963,0.427285,5.29302,30
4x256,physics,10 mm,y,um,4429.45,56603.7,0.0425688,0.274208,12.895,30
4x256,physics,100 mm,max_xy,um,13866.6,109722,nan,nan,7.55424,30
4x256,physics,100 mm,tx,mrad,5.04965,34.5615,0.0804381,0.585138,6.7517,30
4x256,physics,100 mm,ty,mrad,0.963627,10.558,0.0598774,0.320076,10.4952,30
4x256,physics,100 mm,x,um,12913.8,105180,0.0723017,0.579181,7.78454,30
4x256,physics,100 mm,y,um,3125.78,36876.1,0.0383836,0.198157,12.4095,30
4x256,physics,1000 mm,max_xy,um,2946.52,30905,nan,nan,10.5817,30
4x256,physics,1000 mm,tx,mrad,1.02149,12.7194,0.0589339,0.36391,12.9173,30
4x256,physics,1000 mm,ty,mrad,0.443543,6.34823,0.0471605,0.366062,13.8924,30
4x256,physics,1000 mm,x,um,2579.61,27198.6,0.0261512,0.177509,10.8261,30
4x256,physics,1000 mm,y,um,1009.68,14562.3,0.0846617,0.757131,14.3449,30
4x256,physics,full crossing,max_xy,um,814.996,9824.15,nan,nan,11.3087,30
4x256,physics,full crossing,tx,mrad,0.182828,3.10154,0.01946,0.17906,16.3788,30
4x256,physics,full crossing,ty,mrad,0.0747038,1.49166,0.0230986,0.241506,19.5928,30
4x256,physics,full crossing,x,um,742.633,8995.53,0.0511397,0.328284,11.6025,30
4x256,physics,full crossing,y,um,264.222,3793.32,0.0239281,0.23811,15.0919,30
4x32,data,0.1 mm,max_xy,um,13322.9,1.2935e+06,nan,nan,83.5052,30
4x32,data,0.1 mm,tx,mrad,5.70629,522.062,0.0701201,1.93385,90.3098,30
4x32,data,0.1 mm,ty,mrad,0.580944,11.3873,0.0466469,0.455825,20.2143,30
4x32,data,0.1 mm,x,um,12375.1,1.2935e+06,0.0681867,2.68862,93.6526,30
4x32,data,0.1 mm,y,um,1962.34,40967.6,0.0306826,0.327531,21.857,30
4x32,data,1 mm,max_xy,um,5543.12,69101.9,nan,nan,13.8798,30
4x32,data,1 mm,tx,mrad,1.5921,21.481,0.032485,0.626242,16.8961,30
4x32,data,1 mm,ty,mrad,0.474687,10.857,0.0324036,0.364092,23.0003,30
4x32,data,1 mm,x,um,4406.1,55980.9,0.0437858,1.00842,15.203,30
4x32,data,1 mm,y,um,1695.28,41360.8,0.0284546,0.314277,23.9165,30
4x32,data,10 mm,max_xy,um,5535.26,60932.7,nan,nan,12.2267,30
4x32,data,10 mm,tx,mrad,1.6724,17.5038,0.059646,0.422409,13.0015,30
4x32,data,10 mm,ty,mrad,0.473113,10.7896,0.0469796,0.503509,23.957,30
4x32,data,10 mm,x,um,4194.78,46452.6,0.080242,0.708325,12.9167,30
4x32,data,10 mm,y,um,1678.62,41272.5,0.0307833,0.320907,24.4971,30
4x32,data,100 mm,max_xy,um,7114.55,67089.4,nan,nan,11.3243,30
4x32,data,100 mm,tx,mrad,2.13025,19.9843,0.0494989,0.287078,12.4831,30
4x32,data,100 mm,ty,mrad,0.440453,10.8351,0.0467501,0.55109,24.625,30
4x32,data,100 mm,x,um,5829.5,55994.4,0.133331,0.798098,11.931,30
4x32,data,100 mm,y,um,1653.36,41518.7,0.025172,0.275822,25.3661,30
4x32,data,1000 mm,max_xy,um,10294.1,85755.4,nan,nan,7.96407,30
4x32,data,1000 mm,tx,mrad,2.31984,29.5365,0.0584142,0.335011,14.0058,30
4x32,data,1000 mm,ty,mrad,0.44482,10.7584,0.0387013,0.451786,24.2804,30
4x32,data,1000 mm,x,um,8781.27,81962.8,0.13179,0.687489,9.17068,30
4x32,data,1000 mm,y,um,1732.53,41296.5,0.0321715,0.326972,24.329,30
4x32,data,full crossing,max_xy,um,7485.06,83228.1,nan,nan,11.347,30
4x32,data,full crossing,tx,mrad,2.49458,31.0495,0.068849,0.430098,13.0255,30
4x32,data,full crossing,ty,mrad,0.493127,10.9155,0.0265145,0.258748,22.0945,30
4x32,data,full crossing,x,um,6321.85,74981.2,0.061115,0.41861,12.7913,30
4x32,data,full crossing,y,um,1819.84,41670,0.0366447,0.3694,22.8063,30
4x32,physics,0.1 mm,max_xy,um,290776,1.3746e+06,nan,nan,4.71433,30
4x32,physics,0.1 mm,tx,mrad,99.9882,550.313,0.0862797,0.210587,4.92124,30
4x32,physics,0.1 mm,ty,mrad,2.35813,20.8178,0.12304,0.669385,9.04202,30
4x32,physics,0.1 mm,x,um,290776,1.3746e+06,0.14604,0.29848,4.71433,30
4x32,physics,0.1 mm,y,um,5537.17,64692.2,0.0794641,0.435785,10.7394,30
4x32,physics,1 mm,max_xy,um,287701,1.45073e+06,nan,nan,4.61759,30
4x32,physics,1 mm,tx,mrad,100.578,563.569,0.0870755,0.22002,5.19164,30
4x32,physics,1 mm,ty,mrad,2.22539,20.7642,0.111113,0.64797,9.00566,30
4x32,physics,1 mm,x,um,287701,1.45073e+06,0.144497,0.319534,4.61759,30
4x32,physics,1 mm,y,um,5676.78,63388.8,0.0963646,0.589293,11.2741,30
4x32,physics,10 mm,max_xy,um,204666,1.22867e+06,nan,nan,5.31275,30
4x32,physics,10 mm,tx,mrad,74.668,489.427,0.0826254,0.224304,5.78622,30
4x32,physics,10 mm,ty,mrad,1.96236,18.4124,0.0995279,0.627886,9.26502,30
4x32,physics,10 mm,x,um,204666,1.22867e+06,0.161372,0.38895,5.31275,30
4x32,physics,10 mm,y,um,5162.85,59036.6,0.0952771,0.491719,11.6637,30
4x32,physics,100 mm,max_xy,um,16390,106604,nan,nan,6.48625,30
4x32,physics,100 mm,tx,mrad,5.80801,36.329,0.0709431,0.680588,6.40268,30
4x32,physics,100 mm,ty,mrad,1.16088,10.5698,0.0879785,0.346624,9.08202,30
4x32,physics,100 mm,x,um,15262.3,104410,0.0801177,0.638525,6.83371,30
4x32,physics,100 mm,y,um,3275.78,34704.9,0.0504563,0.282164,10.1708,30
4x32,physics,1000 mm,max_xy,um,2880.3,32187.8,nan,nan,11.0747,30
4x32,physics,1000 mm,tx,mrad,1.03022,13.3665,0.0555556,0.372715,12.7585,30
4x32,physics,1000 mm,ty,mrad,0.44089,5.93849,0.0354389,0.31961,12.7156,30
4x32,physics,1000 mm,x,um,2455.63,29378.4,0.0409858,0.271367,11.9096,30
4x32,physics,1000 mm,y,um,1155.43,14365.2,0.0861905,0.648096,13.1783,30
4x32,physics,full crossing,max_xy,um,942.761,11090.9,nan,nan,11.4518,30
4x32,physics,full crossing,tx,mrad,0.231922,3.26703,0.0235472,0.245791,13.1773,30
4x32,physics,full crossing,ty,mrad,0.0958299,1.731,0.0272154,0.298514,17.5858,30
4x32,physics,full crossing,x,um,831.591,9996.83,0.054504,0.325292,11.2263,30
4x32,physics,full crossing,y,um,327.656,4734.99,0.0241043,0.226945,15.14,30
4x64,data,0.1 mm,max_xy,um,76293,1.7072e+06,nan,nan,24.8639,30
4x64,data,0.1 mm,tx,mrad,35.7287,689.57,0.0683433,0.523771,17.9467,30
4x64,data,0.1 mm,ty,mrad,0.722345,13.2712,0.0770316,0.788582,19.4624,30
4x64,data,0.1 mm,x,um,73684.6,1.7072e+06,0.0663823,0.562285,25.6308,30
4x64,data,0.1 mm,y,um,2285.41,44468.6,0.0363768,0.417831,18.7977,30
4x64,data,1 mm,max_xy,um,4673.34,565572,nan,nan,108.565,30
4x64,data,1 mm,tx,mrad,1.30579,233.411,0.0461493,5.62335,140.784,30
4x64,data,1 mm,ty,mrad,0.50266,11.51,0.0606203,0.56418,22.349,30
4x64,data,1 mm,x,um,3293.02,565572,0.0548506,5.37028,138.074,30
4x64,data,1 mm,y,um,1805.45,41599.4,0.0232613,0.226897,23.1792,30
4x64,data,10 mm,max_xy,um,4355.82,57619.2,nan,nan,12.6772,30
4x64,data,10 mm,tx,mrad,1.10201,16.7053,0.0491049,0.577069,14.0624,30
4x64,data,10 mm,ty,mrad,0.587492,10.8505,0.0422799,0.378404,18.6595,30
4x64,data,10 mm,x,um,2926.24,42466.2,0.0539318,0.586627,13.5474,30
4x64,data,10 mm,y,um,1769.01,40177.9,0.0333042,0.315436,21.686,30
4x64,data,100 mm,max_xy,um,4605.55,57244.2,nan,nan,12.4352,30
4x64,data,100 mm,tx,mrad,1.1849,15.7199,0.0404111,0.356949,13.5671,30
4x64,data,100 mm,ty,mrad,0.553092,10.7996,0.0379281,0.315468,19.0874,30
4x64,data,100 mm,x,um,3172.9,41970.4,0.0603089,0.509389,13.7407,30
4x64,data,100 mm,y,um,1792.68,41078.4,0.0274493,0.248513,22.5925,30
4x64,data,1000 mm,max_xy,um,9360.23,70594.9,nan,nan,7.73078,30
4x64,data,1000 mm,tx,mrad,1.6829,23.7651,0.0419367,0.249094,14.1688,30
4x64,data,1000 mm,ty,mrad,0.59496,10.9354,0.0459031,0.416131,18.822,30
4x64,data,1000 mm,x,um,7791.88,62018.1,0.107515,0.4342,8.19742,30
4x64,data,1000 mm,y,um,1841.59,40600,0.0357953,0.340402,20.0486,30
4x64,data,full crossing,max_xy,um,5511.44,63092.9,nan,nan,11.9151,30
4x64,data,full crossing,tx,mrad,2.02083,20.4447,0.0375583,0.166171,11.4164,30
4x64,data,full crossing,ty,mrad,0.602323,11.2391,0.0597081,0.489144,17.464,30
4x64,data,full crossing,x,um,3876.01,49381.2,0.0910678,0.632989,13.0417,30
4x64,data,full crossing,y,um,2159.98,41207.6,0.0304395,0.249157,18.5877,30
4x64,physics,0.1 mm,max_xy,um,204520,1.0907e+06,nan,nan,5.23591,30
4x64,physics,0.1 mm,tx,mrad,62.9144,434.714,0.0630996,0.169166,6.24158,30
4x64,physics,0.1 mm,ty,mrad,1.79015,17.7685,0.123654,0.733223,11.6091,30
4x64,physics,0.1 mm,x,um,204520,1.0907e+06,0.162322,0.362669,5.23591,30
4x64,physics,0.1 mm,y,um,4985.48,61349.9,0.0697408,0.398615,13.0396,30
4x64,physics,1 mm,max_xy,um,201364,1.14121e+06,nan,nan,5.54942,30
4x64,physics,1 mm,tx,mrad,63.4513,444.191,0.0565538,0.155279,5.93227,30
4x64,physics,1 mm,ty,mrad,1.75543,18.1208,0.109318,0.649015,11.8951,30
4x64,physics,1 mm,x,um,201364,1.14121e+06,0.169812,0.361005,5.54942,30
4x64,physics,1 mm,y,um,4908.19,61110.7,0.100931,0.618263,13.6216,30
4x64,physics,10 mm,max_xy,um,153368,988312,nan,nan,6.11535,30
4x64,physics,10 mm,tx,mrad,49.67,376.736,0.0608106,0.19325,6.38028,30
4x64,physics,10 mm,ty,mrad,1.57258,16.8008,0.101701,0.671484,11.632,30
4x64,physics,10 mm,x,um,153368,988312,0.141088,0.386996,6.11535,30
4x64,physics,10 mm,y,um,4629.57,58090.8,0.0867533,0.543598,13.3348,30
4x64,physics,100 mm,max_xy,um,15099.5,107842,nan,nan,6.91408,30
4x64,physics,100 mm,tx,mrad,5.37719,33.0943,0.0688232,0.678071,6.50391,30
4x64,physics,100 mm,ty,mrad,0.955444,9.78032,0.0511324,0.266679,10.3954,30
4x64,physics,100 mm,x,um,14076.3,107148,0.0756353,0.844529,7.18144,30
4x64,physics,100 mm,y,um,2784.95,36213.8,0.0450221,0.266033,12.416,30
4x64,physics,1000 mm,max_xy,um,2876.94,29823.8,nan,nan,10.5044,30
4x64,physics,1000 mm,tx,mrad,0.987639,12.9974,0.0387175,0.26794,13.0367,30
4x64,physics,1000 mm,ty,mrad,0.399287,5.449,0.0532656,0.4363,13.9726,30
4x64,physics,1000 mm,x,um,2578.22,28293.4,0.034452,0.237368,10.9478,30
4x64,physics,1000 mm,y,um,977.007,13166.3,0.0922881,0.750456,13.6898,30
4x64,physics,full crossing,max_xy,um,801.66,9747.52,nan,nan,11.6022,30
4x64,physics,full crossing,tx,mrad,0.198294,3.04207,0.0265885,0.262063,14.5122,30
4x64,physics,full crossing,ty,mrad,0.0795242,1.56614,0.0301466,0.427288,19.1781,30
4x64,physics,full crossing,x,um,709.192,8498.78,0.0475609,0.299651,10.9897,30
4x64,physics,full crossing,y,um,268.569,4071.11,0.0261611,0.295976,15.7002,30
8x128,data,0.1 mm,max_xy,um,143756,1.82364e+06,nan,nan,12.0565,30
8x128,data,0.1 mm,tx,mrad,57.0042,719.28,0.0807384,0.440058,12.3303,30
8x128,data,0.1 mm,ty,mrad,0.85915,11.7895,0.0626801,0.376226,14.7109,30
8x128,data,0.1 mm,x,um,143756,1.82364e+06,0.116667,0.592697,12.0697,30
8x128,data,0.1 mm,y,um,2500.13,41592.7,0.0391427,0.299682,16.9948,30
8x128,data,1 mm,max_xy,um,10881.3,1.3625e+06,nan,nan,123.954,30
8x128,data,1 mm,tx,mrad,3.82156,558.103,0.0642363,4.18709,158.558,30
8x128,data,1 mm,ty,mrad,0.524958,11.3621,0.0442293,0.535137,20.6621,30
8x128,data,1 mm,x,um,9783.95,1.3625e+06,0.0921418,5.28338,138.765,30
8x128,data,1 mm,y,um,1867.56,42541.2,0.0295769,0.303381,22.9589,30
8x128,data,10 mm,max_xy,um,6602.18,66886.1,nan,nan,11.3133,30
8x128,data,10 mm,tx,mrad,1.93051,21.0937,0.0389921,1.04399,12.3747,30
8x128,data,10 mm,ty,mrad,0.547795,11.0351,0.0490403,0.41215,20.354,30
8x128,data,10 mm,x,um,5085.74,56531.6,0.0692546,1.95131,12.5715,30
8x128,data,10 mm,y,um,1841.47,41630.2,0.0628298,0.589968,21.9045,30
8x128,data,100 mm,max_xy,um,6797.69,65493.8,nan,nan,10.1996,30
8x128,data,100 mm,tx,mrad,1.88417,20.1887,0.0658701,0.438132,11.1879,30
8x128,data,100 mm,ty,mrad,0.502592,10.8434,0.0572207,0.525231,21.1064,30
8x128,data,100 mm,x,um,5263.31,51432.8,0.133708,0.951673,10.9444,30
8x128,data,100 mm,y,um,1829.26,41313.8,0.045742,0.485286,21.9521,30
8x128,data,1000 mm,max_xy,um,9644.2,80752.4,nan,nan,8.14319,30
8x128,data,1000 mm,tx,mrad,2.35491,27.5748,0.0631851,0.321875,12.3821,30
8x128,data,1000 mm,ty,mrad,0.485291,10.8652,0.0551989,0.558313,22.2139,30
8x128,data,1000 mm,x,um,8200.76,74753,0.156298,0.612157,8.59945,30
8x128,data,1000 mm,y,um,1684.72,41089.8,0.0317896,0.349983,24.4837,30
8x128,data,full crossing,max_xy,um,6382.03,78556.5,nan,nan,12.9115,30
8x128,data,full crossing,tx,mrad,1.93697,28.1623,0.038104,0.233606,14.1561,30
8x128,data,full crossing,ty,mrad,0.58869,10.8925,0.0508765,0.450385,18.6892,30
8x128,data,full crossing,x,um,5253.82,69376.9,0.0867999,0.520174,13.8857,30
8x128,data,full crossing,y,um,1905.03,41505.2,0.0224229,0.185616,21.761,30
8x128,physics,0.1 mm,max_xy,um,151564,1.19529e+06,nan,nan,6.91742,30
8x128,physics,0.1 mm,tx,mrad,45.6243,391.858,0.0934926,0.300076,7.64676,30
8x128,physics,0.1 mm,ty,mrad,1.96437,16.2611,0.11477,0.591607,8.27791,30
8x128,physics,0.1 mm,x,um,151564,1.19529e+06,0.122396,0.413611,6.91742,30
8x128,physics,0.1 mm,y,um,5591.74,54902.4,0.0460961,0.321567,9.54266,30
8x128,physics,1 mm,max_xy,um,145826,1.11309e+06,nan,nan,7.3653,30
8x128,physics,1 mm,tx,mrad,46.5553,375.207,0.0723627,0.292318,7.93715,30
8x128,physics,1 mm,ty,mrad,1.89224,17.29,0.106345,0.623912,8.55821,30
8x128,physics,1 mm,x,um,145625,1.11309e+06,0.125841,0.459071,7.36776,30
8x128,physics,1 mm,y,um,5612.68,54436,0.0455263,0.228866,10.3626,30
8x128,physics,10 mm,max_xy,um,101450,1.01738e+06,nan,nan,8.76403,30
8x128,physics,10 mm,tx,mrad,34.2674,305.257,0.0637277,0.245538,9.27947,30
8x128,physics,10 mm,ty,mrad,1.79988,15.8207,0.1028,0.604724,8.27478,30
8x128,physics,10 mm,x,um,101216,1.01738e+06,0.11638,0.456465,8.77027,30
8x128,physics,10 mm,y,um,5341.02,51523.2,0.0510376,0.284322,9.51262,30
8x128,physics,100 mm,max_xy,um,10515.8,167077,nan,nan,14.9214,30
8x128,physics,100 mm,tx,mrad,3.52044,44.343,0.0442303,0.649742,13.5597,30
8x128,physics,100 mm,ty,mrad,0.939644,9.51307,0.0526344,0.301811,10.1473,30
8x128,physics,100 mm,x,um,9473.17,165147,0.0499975,0.880663,17.2966,30
8x128,physics,100 mm,y,um,2645.69,29136.5,0.0829771,0.504449,10.628,30
8x128,physics,1000 mm,max_xy,um,2528.03,28665.8,nan,nan,11.0408,30
8x128,physics,1000 mm,tx,mrad,0.84849,12.0492,0.0553296,0.491892,14.2024,30
8x128,physics,1000 mm,ty,mrad,0.338036,5.56863,0.0378907,0.389787,15.9543,30
8x128,physics,1000 mm,x,um,2198.59,26686,0.056404,0.439362,11.8427,30
8x128,physics,1000 mm,y,um,849.933,13347.5,0.0937595,0.949007,15.614,30
8x128,physics,full crossing,max_xy,um,720.654,8772.17,nan,nan,11.8922,30
8x128,physics,full crossing,tx,mrad,0.16525,3.00345,0.0192661,0.108296,17.8456,30
8x128,physics,full crossing,ty,mrad,0.0653225,1.37743,0.0193456,0.220984,21.2233,30
8x128,physics,full crossing,x,um,650.773,8208.71,0.0364503,0.257527,11.7146,30
8x128,physics,full crossing,y,um,209.151,3792.68,0.0112532,0.153372,18.8717,30
8x256,data,0.1 mm,max_xy,um,189139,1.76027e+06,nan,nan,8.92882,30
8x256,data,0.1 mm,tx,mrad,78.835,683.558,0.0570845,0.246064,8.89882,30
8x256,data,0.1 mm,ty,mrad,0.816304,11.7959,0.0446191,0.352394,14.4714,30
8x256,data,0.1 mm,x,um,189139,1.76027e+06,0.0942542,0.376143,8.92882,30
8x256,data,0.1 mm,y,um,2696.31,41797.2,0.040288,0.279735,15.3338,30
8x256,data,1 mm,max_xy,um,14979.6,1.53998e+06,nan,nan,96.8251,30
8x256,data,1 mm,tx,mrad,5.901,612.83,0.0430737,1.49847,95.9547,30
8x256,data,1 mm,ty,mrad,0.587716,11.647,0.0500182,0.479994,20.1806,30
8x256,data,1 mm,x,um,13539.7,1.53998e+06,0.111441,3.42822,104.547,30
8x256,data,1 mm,y,um,2122.4,41967.6,0.0349366,0.412695,22.2787,30
8x256,data,10 mm,max_xy,um,5555.02,97426.4,nan,nan,14.7156,30
8x256,data,10 mm,tx,mrad,1.6355,34.4617,0.0522518,2.35209,19.4003,30
8x256,data,10 mm,ty,mrad,0.562411,10.8316,0.0496958,0.480224,18.9986,30
8x256,data,10 mm,x,um,4289.49,92579,0.0833748,4.4363,16.566,30
8x256,data,10 mm,y,um,1864.81,41145.8,0.0533091,0.55313,21.389,30
8x256,data,100 mm,max_xy,um,5423.29,59743.4,nan,nan,11.845,30
8x256,data,100 mm,tx,mrad,1.53403,16.7922,0.0409151,0.340937,11.7645,30
8x256,data,100 mm,ty,mrad,0.471657,10.4984,0.046614,0.409205,21.3986,30
8x256,data,100 mm,x,um,3725.61,46067.4,0.0714327,0.552378,11.8652,30
8x256,data,100 mm,y,um,1690.95,41184.6,0.0458963,0.497045,23.0325,30
8x256,data,1000 mm,max_xy,um,9147.62,67480.2,nan,nan,8.67871,30
8x256,data,1000 mm,tx,mrad,2.11817,22.0025,0.0600176,0.389687,12.4532,30
8x256,data,1000 mm,ty,mrad,0.497966,10.7008,0.041644,0.424706,20.5562,30
8x256,data,1000 mm,x,um,7004.97,56286.2,0.118334,0.594852,8.83774,30
8x256,data,1000 mm,y,um,1679.27,40960.2,0.0326738,0.287253,22.1883,30
8x256,data,full crossing,max_xy,um,5543.77,65389.6,nan,nan,12.3738,30
8x256,data,full crossing,tx,mrad,1.42374,21.4924,0.0317565,0.201034,14.336,30
8x256,data,full crossing,ty,mrad,0.561025,11.02,0.0664554,0.596709,18.8321,30
8x256,data,full crossing,x,um,4015.23,51015.6,0.0765523,0.565383,13.9221,30
8x256,data,full crossing,y,um,2006.45,41294.9,0.0367876,0.341282,19.156,30
8x256,physics,0.1 mm,max_xy,um,124630,838776,nan,nan,7.01481,30
8x256,physics,0.1 mm,tx,mrad,35.5283,229.758,0.0567027,0.210465,6.46809,30
8x256,physics,0.1 mm,ty,mrad,1.98471,14.949,0.110397,0.370583,7.65368,30
8x256,physics,0.1 mm,x,um,124630,838776,0.134269,0.453373,7.01481,30
8x256,physics,0.1 mm,y,um,5552.1,49902.7,0.064419,0.331551,9.35752,30
8x256,physics,1 mm,max_xy,um,116566,893050,nan,nan,7.70636,30
8x256,physics,1 mm,tx,mrad,34.3038,255.791,0.0359885,0.130468,7.26736,30
8x256,physics,1 mm,ty,mrad,1.98581,16.0029,0.0983846,0.371404,8.13406,30
8x256,physics,1 mm,x,um,116408,893050,0.137306,0.456435,7.70636,30
8x256,physics,1 mm,y,um,5570.82,53660.2,0.060106,0.300244,10.0942,30
8x256,physics,10 mm,max_xy,um,85890.2,810708,nan,nan,9.11985,30
8x256,physics,10 mm,tx,mrad,26.6544,235.007,0.0364452,0.176433,8.4844,30
8x256,physics,10 mm,ty,mrad,1.80642,15.4186,0.0872428,0.336974,8.32868,30
8x256,physics,10 mm,x,um,85216.8,810708,0.123647,0.42691,9.16685,30
8x256,physics,10 mm,y,um,4948.05,49905.4,0.0608435,0.269549,10.2325,30
8x256,physics,100 mm,max_xy,um,11732.7,164654,nan,nan,16.7492,30
8x256,physics,100 mm,tx,mrad,3.68083,45.5206,0.0452924,0.672593,13.8828,30
8x256,physics,100 mm,ty,mrad,1.03181,10.0048,0.0528,0.279992,9.91399,30
8x256,physics,100 mm,x,um,10952.9,164654,0.0590764,0.991381,17.5648,30
8x256,physics,100 mm,y,um,2839.59,31606.5,0.0447731,0.33945,11.7813,30
8x256,physics,1000 mm,max_xy,um,2478.42,29580.1,nan,nan,11.9288,30
8x256,physics,1000 mm,tx,mrad,0.887015,12.6153,0.0728642,0.613027,14.2017,30
8x256,physics,1000 mm,ty,mrad,0.328056,5.77843,0.021958,0.246846,17.3378,30
8x256,physics,1000 mm,x,um,2135.56,26948.2,0.0702999,0.578545,12.6446,30
8x256,physics,1000 mm,y,um,855.392,13663.9,0.0623652,0.611555,16.3386,30
8x256,physics,full crossing,max_xy,um,726.178,9295.99,nan,nan,12.4585,30
8x256,physics,full crossing,tx,mrad,0.162433,3.15187,0.0180247,0.15796,18.2053,30
8x256,physics,full crossing,ty,mrad,0.05973,1.29669,0.0201465,0.284809,20.9688,30
8x256,physics,full crossing,x,um,669.227,8467.51,0.0346215,0.263353,12.341,30
8x256,physics,full crossing,y,um,193.742,3478.73,0.0186209,0.227608,18.6183,30
8x32,data,0.1 mm,max_xy,um,15239.7,1.33822e+06,nan,nan,91.2989,30
8x32,data,0.1 mm,tx,mrad,6.1227,567.096,0.0944506,2.59608,91.6483,30
8x32,data,0.1 mm,ty,mrad,1.01581,11.6598,0.0676708,0.36833,11.9107,30
8x32,data,0.1 mm,x,um,14112.3,1.33822e+06,0.083968,2.58884,97.1135,30
8x32,data,0.1 mm,y,um,2820.07,41845.8,0.03273,0.201286,14.5482,30
8x32,data,1 mm,max_xy,um,8008.81,134951,nan,nan,17.1536,30
8x32,data,1 mm,tx,mrad,2.73428,50.5267,0.0515527,1.23712,18.2229,30
8x32,data,1 mm,ty,mrad,0.629158,11.028,0.0458967,0.372683,17.5653,30
8x32,data,1 mm,x,um,7025.36,133433,0.0487896,1.10657,19.8545,30
8x32,data,1 mm,y,um,2055.49,41534.4,0.0628047,0.550074,20.2838,30
8x32,data,10 mm,max_xy,um,7807.08,121853,nan,nan,15.1336,30
8x32,data,10 mm,tx,mrad,2.7014,44.987,0.0191663,0.130883,16.257,30
8x32,data,10 mm,ty,mrad,0.535146,10.7239,0.0496256,0.511012,20.346,30
8x32,data,10 mm,x,um,6879.1,115702,0.0982606,0.665445,16.1695,30
8x32,data,10 mm,y,um,1913.38,41453.2,0.0456698,0.450344,21.8988,30
8x32,data,100 mm,max_xy,um,8193.53,122245,nan,nan,14.8587,30
8x32,data,100 mm,tx,mrad,2.70172,44.6659,0.0214812,0.132945,16.206,30
8x32,data,100 mm,ty,mrad,0.497715,10.7316,0.0581557,0.543179,21.6545,30
8x32,data,100 mm,x,um,7297.39,117558,0.107963,0.747221,15.84,30
8x32,data,100 mm,y,um,1773.58,41281,0.0311782,0.313399,23.0084,30
8x32,data,1000 mm,max_xy,um,8412.95,121636,nan,nan,14.2838,30
8x32,data,1000 mm,tx,mrad,2.78383,44.2307,0.0295089,0.18961,15.4737,30
8x32,data,1000 mm,ty,mrad,0.488181,10.7909,0.0462645,0.496779,22.1921,30
8x32,data,1000 mm,x,um,7760.78,116348,0.08957,0.604419,14.8336,30
8x32,data,1000 mm,y,um,1648.45,41328.5,0.0325662,0.349895,24.4335,30
8x32,data,full crossing,max_xy,um,9406.06,124072,nan,nan,12.5751,30
8x32,data,full crossing,tx,mrad,2.72197,45.3536,0.0308817,0.187159,16.4264,30
8x32,data,full crossing,ty,mrad,0.51877,10.7856,0.0385311,0.403963,20.6314,30
8x32,data,full crossing,x,um,8524.49,122133,0.0968367,0.608156,13.9173,30
8x32,data,full crossing,y,um,1792.28,41372.1,0.0355278,0.339411,23.0777,30
8x32,physics,0.1 mm,max_xy,um,267368,1.26354e+06,nan,nan,5.157,30
8x32,physics,0.1 mm,tx,mrad,99.0471,491.045,0.0730034,0.176904,5.15399,30
8x32,physics,0.1 mm,ty,mrad,2.6043,20.6579,0.115937,0.466084,8.82307,30
8x32,physics,0.1 mm,x,um,267368,1.26354e+06,0.169802,0.352214,5.157,30
8x32,physics,0.1 mm,y,um,7439.03,61505.1,0.0873631,0.477026,9.03001,30
8x32,physics,1 mm,max_xy,um,255701,1.33032e+06,nan,nan,5.28688,30
8x32,physics,1 mm,tx,mrad,92.8226,507.611,0.0700165,0.165004,5.22469,30
8x32,physics,1 mm,ty,mrad,2.67343,20.4167,0.0978113,0.453631,8.36632,30
8x32,physics,1 mm,x,um,255701,1.33032e+06,0.188184,0.393508,5.28688,30
8x32,physics,1 mm,y,um,7642.71,62895.1,0.0930224,0.463835,9.0125,30
8x32,physics,10 mm,max_xy,um,157366,1.22274e+06,nan,nan,7.33627,30
8x32,physics,10 mm,tx,mrad,60.7832,454.202,0.0715652,0.19035,7.30816,30
8x32,physics,10 mm,ty,mrad,2.52263,18.3871,0.106311,0.444721,7.51564,30
8x32,physics,10 mm,x,um,157366,1.22274e+06,0.170899,0.499045,7.33982,30
8x32,physics,10 mm,y,um,7177.92,57406.7,0.0930192,0.445053,8.60867,30
8x32,physics,100 mm,max_xy,um,10517.3,104038,nan,nan,10.2534,30
8x32,physics,100 mm,tx,mrad,3.65752,33.2458,0.05167,0.803551,11.1974,30
8x32,physics,100 mm,ty,mrad,1.03721,8.479,0.0525415,0.23307,7.77983,30
8x32,physics,100 mm,x,um,9632.16,104038,0.0516819,0.850942,11.6572,30
8x32,physics,100 mm,y,um,3030.96,25013.8,0.0691875,0.355059,8.8999,30
8x32,physics,1000 mm,max_xy,um,2663.05,29966.8,nan,nan,11.5032,30
8x32,physics,1000 mm,tx,mrad,0.87425,12.083,0.0419082,0.349355,13.3056,30
8x32,physics,1000 mm,ty,mrad,0.379331,5.47448,0.0596818,0.468497,14.3208,30
8x32,physics,1000 mm,x,um,2312.32,27346.2,0.0598206,0.505492,12.4618,30
8x32,physics,1000 mm,y,um,918.032,13479.7,0.0840571,0.781119,14.5817,30
8x32,physics,full crossing,max_xy,um,795.766,10557.9,nan,nan,12.4429,30
8x32,physics,full crossing,tx,mrad,0.220247,3.44224,0.0232667,0.29638,14.3554,30
8x32,physics,full crossing,ty,mrad,0.0815213,1.58427,0.0167484,0.23211,19.572,30
8x32,physics,full crossing,x,um,722.137,9215.45,0.0457462,0.366052,11.9132,30
8x32,physics,full crossing,y,um,257.608,4303.1,0.0295352,0.340073,17.2344,30
8x64,data,0.1 mm,max_xy,um,57271.2,1.68202e+06,nan,nan,30.7443,30
8x64,data,0.1 mm,tx,mrad,21.7301,662.875,0.0845407,0.966007,30.0972,30
8x64,data,0.1 mm,ty,mrad,0.760625,11.4231,0.0550897,0.433816,16.145,30
8x64,data,0.1 mm,x,um,55615.9,1.68202e+06,0.0956444,1.28856,31.5186,30
8x64,data,0.1 mm,y,um,2531.34,41757.5,0.0205308,0.185637,16.7258,30
8x64,data,1 mm,max_xy,um,8454.24,447239,nan,nan,59.0999,30
8x64,data,1 mm,tx,mrad,2.96245,190.898,0.0430372,2.16842,83.249,30
8x64,data,1 mm,ty,mrad,0.509938,11.226,0.0360379,0.384116,21.4122,30
8x64,data,1 mm,x,um,7600.49,447239,0.0898031,4.36648,68.7084,30
8x64,data,1 mm,y,um,1792.41,41578.1,0.0357475,0.38871,22.5555,30
8x64,data,10 mm,max_xy,um,6852.68,62899.2,nan,nan,12.5648,30
8x64,data,10 mm,tx,mrad,2.07741,19.9742,0.0370056,0.313853,12.9717,30
8x64,data,10 mm,ty,mrad,0.503564,10.8607,0.0409496,0.374043,21.3516,30
8x64,data,10 mm,x,um,5526.28,53421.8,0.0605023,0.637565,12.8196,30
8x64,data,10 mm,y,um,1742.41,41470.9,0.0292697,0.313764,24.1074,30
8x64,data,100 mm,max_xy,um,7372.14,75197.9,nan,nan,12.0088,30
8x64,data,100 mm,tx,mrad,2.27502,21.7069,0.0370433,0.238698,12.6198,30
8x64,data,100 mm,ty,mrad,0.469461,10.8886,0.0454496,0.458743,23.0841,30
8x64,data,100 mm,x,um,5858.57,65898,0.153115,1.00389,12.8731,30
8x64,data,100 mm,y,um,1741.8,41482.2,0.0406905,0.392147,23.7255,30
8x64,data,1000 mm,max_xy,um,9550.46,82782.4,nan,nan,8.99671,30
8x64,data,1000 mm,tx,mrad,2.57101,27.4755,0.0652301,0.313973,12.2538,30
8x64,data,1000 mm,ty,mrad,0.455183,10.7061,0.0365147,0.422504,22.8874,30
8x64,data,1000 mm,x,um,8743.51,75798.6,0.113179,0.514703,9.06663,30
8x64,data,1000 mm,y,um,1640.55,41212.5,0.0344253,0.340525,24.7426,30
8x64,data,full crossing,max_xy,um,7424.88,90903.4,nan,nan,12.9322,30
8x64,data,full crossing,tx,mrad,2.65191,30.2104,0.0331962,0.203152,12.0094,30
8x64,data,full crossing,ty,mrad,0.567231,10.8697,0.0364456,0.311268,19.2274,30
8x64,data,full crossing,x,um,5812.68,86384,0.066979,0.505525,13.8287,30
8x64,data,full crossing,y,um,1847.29,41598.9,0.0366242,0.333769,22.0467,30
8x64,physics,0.1 mm,max_xy,um,163383,1.44406e+06,nan,nan,7.60788,30
8x64,physics,0.1 mm,tx,mrad,51.648,515.862,0.108998,0.359441,8.06063,30
8x64,physics,0.1 mm,ty,mrad,2.24476,19.4119,0.100773,0.571916,8.15221,30
8x64,physics,0.1 mm,x,um,163383,1.44406e+06,0.142094,0.47957,7.60788,30
8x64,physics,0.1 mm,y,um,6598.85,61832.8,0.0644766,0.346324,9.15012,30
8x64,physics,1 mm,max_xy,um,148777,1.44547e+06,nan,nan,7.80045,30
8x64,physics,1 mm,tx,mrad,48.883,521.413,0.110735,0.432214,8.03506,30
8x64,physics,1 mm,ty,mrad,2.27163,19.2863,0.10899,0.578428,8.65934,30
8x64,physics,1 mm,x,um,148777,1.44547e+06,0.136061,0.454568,7.80045,30
8x64,physics,1 mm,y,um,6427.32,63112,0.0624605,0.336972,9.38726,30
8x64,physics,10 mm,max_xy,um,100167,1.27992e+06,nan,nan,9.88252,30
8x64,physics,10 mm,tx,mrad,35.3525,458.155,0.107946,0.485226,9.58502,30
8x64,physics,10 mm,ty,mrad,2.20015,17.733,0.0841067,0.415076,7.47667,30
8x64,physics,10 mm,x,um,100167,1.27992e+06,0.112993,0.578555,9.88252,30
8x64,physics,10 mm,y,um,6184.91,57467.3,0.0610588,0.263242,8.29886,30
8x64,physics,100 mm,max_xy,um,10014.8,124630,nan,nan,13.5801,30
8x64,physics,100 mm,tx,mrad,3.30306,37.7351,0.0703388,1.15398,12.769,30
8x64,physics,100 mm,ty,mrad,0.960171,8.7413,0.0451111,0.262068,8.52359,30
8x64,physics,100 mm,x,um,9263.67,123917,0.0578078,1.08442,15.0646,30
8x64,physics,100 mm,y,um,2635.43,26476.2,0.0670053,0.392854,10.5042,30
8x64,physics,1000 mm,max_xy,um,2428.8,28535.1,nan,nan,12.119,30
8x64,physics,1000 mm,tx,mrad,0.837316,12.1112,0.0476375,0.373786,14.6801,30
8x64,physics,1000 mm,ty,mrad,0.330055,5.02101,0.0436537,0.412892,15.2454,30
8x64,physics,1000 mm,x,um,2089.47,26384.5,0.0599466,0.521679,12.7381,30
8x64,physics,1000 mm,y,um,794.116,12927.1,0.0666768,0.666855,16.5562,30
8x64,physics,full crossing,max_xy,um,761.793,9729.9,nan,nan,11.8967,30
8x64,physics,full crossing,tx,mrad,0.179563,3.09523,0.0207732,0.198567,16.193,30
8x64,physics,full crossing,ty,mrad,0.0725937,1.46718,0.0293394,0.381564,21.0197,30
8x64,physics,full crossing,x,um,693.972,8959.03,0.0429324,0.296233,12.0207,30
8x64,physics,full crossing,y,um,221.81,3936.94,0.0293185,0.324339,17.7112,30
