tag,width,depth,q,mode,seed,wall_s,host,created
w128_d2_q02_data_s0,128,2,2,data,0,386.2,wn-lot-050.nikhef.nl,2026-09-08 13:32:50
w128_d2_q02_data_s1,128,2,2,data,1,384.3,wn-knek-003.nikhef.nl,2026-09-08 13:32:50
w128_d2_q02_data_s2,128,2,2,data,2,388.9,wn-knek-014.nikhef.nl,2026-09-08 13:32:55
w128_d2_q02_physics_s0,128,2,2,physics,0,383.6,wn-knek-010.nikhef.nl,2026-09-08 13:32:47
w128_d2_q02_physics_s1,128,2,2,physics,1,396,wn-knek-015.nikhef.nl,2026-09-08 13:33:00
w128_d2_q02_physics_s2,128,2,2,physics,2,391.7,wn-knek-013.nikhef.nl,2026-09-08 13:32:55
w128_d2_q04_data_s0,128,2,4,data,0,402.2,wn-knek-007.nikhef.nl,2026-09-08 13:33:15
w128_d2_q04_data_s1,128,2,4,data,1,399.6,wn-lot-050.nikhef.nl,2026-09-08 13:33:10
w128_d2_q04_data_s2,128,2,4,data,2,400.5,wn-knek-017.nikhef.nl,2026-09-08 13:33:14
w128_d2_q04_physics_s0,128,2,4,physics,0,422.8,wn-lot-038.nikhef.nl,2026-09-08 13:33:31
w128_d2_q04_physics_s1,128,2,4,physics,1,430.2,wn-lot-049.nikhef.nl,2026-09-08 13:33:39
w128_d2_q04_physics_s2,128,2,4,physics,2,406.8,wn-knek-005.nikhef.nl,2026-09-08 13:33:18
w128_d2_q06_data_s0,128,2,6,data,0,407,wn-lot-050.nikhef.nl,2026-09-08 13:33:23
w128_d2_q06_data_s1,128,2,6,data,1,417.2,wn-lot-048.nikhef.nl,2026-09-08 13:33:34
w128_d2_q06_data_s2,128,2,6,data,2,419.1,wn-lot-048.nikhef.nl,2026-09-08 13:33:36
w128_d2_q06_physics_s0,128,2,6,physics,0,430.6,wn-lot-059.nikhef.nl,2026-09-08 13:33:42
w128_d2_q06_physics_s1,128,2,6,physics,1,415.3,wn-lot-045.nikhef.nl,2026-09-08 13:33:29
w128_d2_q06_physics_s2,128,2,6,physics,2,432.4,wn-lot-044.nikhef.nl,2026-09-08 13:33:47
w128_d2_q08_data_s0,128,2,8,data,0,428,wn-lot-053.nikhef.nl,2026-09-08 13:33:47
w128_d2_q08_data_s1,128,2,8,data,1,425,wn-lot-048.nikhef.nl,2026-09-08 13:33:44
w128_d2_q08_data_s2,128,2,8,data,2,424,wn-lot-048.nikhef.nl,2026-09-08 13:33:44
w128_d2_q08_physics_s0,128,2,8,physics,0,418.2,wn-lot-046.nikhef.nl,2026-09-08 13:33:36
w128_d2_q08_physics_s1,128,2,8,physics,1,440.6,wn-lot-055.nikhef.nl,2026-09-08 13:33:59
w128_d2_q08_physics_s2,128,2,8,physics,2,407.3,wn-lot-047.nikhef.nl,2026-09-08 13:33:27
w128_d2_q10_data_s0,128,2,10,data,0,443.8,wn-lot-064.nikhef.nl,2026-09-08 13:34:07
w128_d2_q10_data_s1,128,2,10,data,1,437.2,wn-lot-048.nikhef.nl,2026-09-08 13:34:00
w128_d2_q10_data_s2,128,2,10,data,2,426.7,wn-lot-047.nikhef.nl,2026-09-08 13:33:50
w128_d2_q10_physics_s0,128,2,10,physics,0,447.9,wn-lot-053.nikhef.nl,2026-09-08 13:34:08
w128_d2_q10_physics_s1,128,2,10,physics,1,433.8,wn-lot-044.nikhef.nl,2026-09-08 13:33:54
w128_d2_q10_physics_s2,128,2,10,physics,2,431.7,wn-lot-047.nikhef.nl,2026-09-08 13:33:54
w128_d2_q12_data_s0,128,2,12,data,0,429.4,wn-lot-046.nikhef.nl,2026-09-08 13:33:55
w128_d2_q12_data_s1,128,2,12,data,1,448.1,wn-lot-044.nikhef.nl,2026-09-08 13:34:13
w128_d2_q12_data_s2,128,2,12,data,2,431.1,wn-lot-059.nikhef.nl,2026-09-08 13:33:57
w128_d2_q12_physics_s0,128,2,12,physics,0,442.8,wn-lot-046.nikhef.nl,2026-09-08 13:34:05
w128_d2_q12_physics_s1,128,2,12,physics,1,420.6,wn-knek-004.nikhef.nl,2026-09-08 13:33:44
w128_d2_q12_physics_s2,128,2,12,physics,2,325.2,wn-lot-005.nikhef.nl,2026-09-08 13:32:12
w128_d2_q14_data_s0,128,2,14,data,0,441.4,wn-lot-037.nikhef.nl,2026-09-08 13:34:09
w128_d2_q14_data_s1,128,2,14,data,1,421.4,wn-knek-005.nikhef.nl,2026-09-08 13:33:49
w128_d2_q14_data_s2,128,2,14,data,2,422.8,wn-lot-045.nikhef.nl,2026-09-08 13:33:50
w128_d2_q14_physics_s0,128,2,14,physics,0,440.7,wn-lot-053.nikhef.nl,2026-09-08 13:34:07
w128_d2_q14_physics_s1,128,2,14,physics,1,442.8,wn-lot-053.nikhef.nl,2026-09-08 13:34:09
w128_d2_q14_physics_s2,128,2,14,physics,2,460.6,wn-lot-055.nikhef.nl,2026-09-08 13:34:27
w128_d2_q16_data_s0,128,2,16,data,0,446.2,wn-lot-044.nikhef.nl,2026-09-08 13:34:15
w128_d2_q16_data_s1,128,2,16,data,1,421.1,wn-knek-015.nikhef.nl,2026-09-08 13:33:52
w128_d2_q16_data_s2,128,2,16,data,2,471.9,wn-lot-064.nikhef.nl,2026-09-08 13:34:43
w128_d2_q16_physics_s0,128,2,16,physics,0,422.1,wn-knek-007.nikhef.nl,2026-09-08 13:33:51
w128_d2_q16_physics_s1,128,2,16,physics,1,448.8,wn-lot-055.nikhef.nl,2026-09-08 13:34:17
w128_d2_q16_physics_s2,128,2,16,physics,2,430.4,wn-lot-047.nikhef.nl,2026-09-08 13:33:59
w128_d2_q18_data_s0,128,2,18,data,0,455.5,wn-lot-055.nikhef.nl,2026-09-08 13:34:30
w128_d2_q18_data_s1,128,2,18,data,1,428.3,wn-lot-050.nikhef.nl,2026-09-08 13:34:03
w128_d2_q18_data_s2,128,2,18,data,2,450.2,wn-lot-047.nikhef.nl,2026-09-08 13:34:28
w128_d2_q18_physics_s0,128,2,18,physics,0,475.7,wn-lot-064.nikhef.nl,2026-09-08 13:34:47
w128_d2_q18_physics_s1,128,2,18,physics,1,425.3,wn-knek-017.nikhef.nl,2026-09-08 13:33:58
w128_d2_q18_physics_s2,128,2,18,physics,2,415.9,wn-knek-014.nikhef.nl,2026-09-08 13:33:50
w128_d2_q20_data_s0,128,2,20,data,0,442,wn-lot-048.nikhef.nl,2026-09-08 13:34:22
w128_d2_q20_data_s1,128,2,20,data,1,510.2,wn-sate-063.nikhef.nl,2026-09-08 13:35:36
w128_d2_q20_data_s2,128,2,20,data,2,312.7,wn-lot-009.nikhef.nl,2026-09-08 13:32:18
w128_d2_q20_physics_s0,128,2,20,physics,0,449.8,wn-lot-046.nikhef.nl,2026-09-08 13:34:28
w128_d2_q20_physics_s1,128,2,20,physics,1,461.4,wn-lot-064.nikhef.nl,2026-09-08 13:34:41
w128_d2_q20_physics_s2,128,2,20,physics,2,453.8,wn-lot-053.nikhef.nl,2026-09-08 13:34:34
w128_d4_q02_data_s0,128,4,2,data,0,587.1,wn-lot-048.nikhef.nl,2026-09-08 13:36:48
w128_d4_q02_data_s1,128,4,2,data,1,572.9,wn-knek-013.nikhef.nl,2026-09-08 13:36:37
w128_d4_q02_data_s2,128,4,2,data,2,566.4,wn-knek-017.nikhef.nl,2026-09-08 13:36:30
w128_d4_q02_physics_s0,128,4,2,physics,0,671.8,wn-sate-057.nikhef.nl,2026-09-08 13:38:18
w128_d4_q02_physics_s1,128,4,2,physics,1,562,wn-knek-014.nikhef.nl,2026-09-08 13:36:26
w128_d4_q02_physics_s2,128,4,2,physics,2,570.5,wn-lot-050.nikhef.nl,2026-09-08 13:36:31
w128_d4_q04_data_s0,128,4,4,data,0,595.6,wn-lot-059.nikhef.nl,2026-09-08 13:36:57
w128_d4_q04_data_s1,128,4,4,data,1,616.7,wn-lot-055.nikhef.nl,2026-09-08 13:37:18
w128_d4_q04_data_s2,128,4,4,data,2,602.9,wn-lot-046.nikhef.nl,2026-09-08 13:37:05
w128_d4_q04_physics_s0,128,4,4,physics,0,567.4,wn-knek-010.nikhef.nl,2026-09-08 13:36:32
w128_d4_q04_physics_s1,128,4,4,physics,1,674.6,wn-lot-003.nikhef.nl,2026-09-08 13:38:20
w128_d4_q04_physics_s2,128,4,4,physics,2,609.3,wn-lot-049.nikhef.nl,2026-09-08 13:37:13
w128_d4_q06_data_s0,128,4,6,data,0,712.8,wn-lot-004.nikhef.nl,2026-09-08 13:38:57
w128_d4_q06_data_s1,128,4,6,data,1,605.8,wn-lot-045.nikhef.nl,2026-09-08 13:37:07
w128_d4_q06_data_s2,128,4,6,data,2,610.9,wn-lot-038.nikhef.nl,2026-09-08 13:37:14
w128_d4_q06_physics_s0,128,4,6,physics,0,596.7,wn-lot-053.nikhef.nl,2026-09-08 13:36:58
w128_d4_q06_physics_s1,128,4,6,physics,1,592.8,wn-lot-044.nikhef.nl,2026-09-08 13:36:54
w128_d4_q06_physics_s2,128,4,6,physics,2,619.1,wn-lot-064.nikhef.nl,2026-09-08 13:37:21
w128_d4_q08_data_s0,128,4,8,data,0,614.4,wn-lot-057.nikhef.nl,2026-09-08 13:37:18
w128_d4_q08_data_s1,128,4,8,data,1,609.2,wn-lot-057.nikhef.nl,2026-09-08 13:37:12
w128_d4_q08_data_s2,128,4,8,data,2,617.7,wn-lot-057.nikhef.nl,2026-09-08 13:37:21
w128_d4_q08_physics_s0,128,4,8,physics,0,614.8,wn-lot-057.nikhef.nl,2026-09-08 13:37:18
w128_d4_q08_physics_s1,128,4,8,physics,1,621.2,wn-lot-057.nikhef.nl,2026-09-08 13:37:24
w128_d4_q08_physics_s2,128,4,8,physics,2,623.9,wn-lot-057.nikhef.nl,2026-09-08 13:37:27
w128_d4_q10_data_s0,128,4,10,data,0,614.2,wn-lot-038.nikhef.nl,2026-09-08 13:37:17
w128_d4_q10_data_s1,128,4,10,data,1,613.8,wn-lot-045.nikhef.nl,2026-09-08 13:37:15
w128_d4_q10_data_s2,128,4,10,data,2,723.6,wn-lot-004.nikhef.nl,2026-09-08 13:39:08
w128_d4_q10_physics_s0,128,4,10,physics,0,628.6,wn-lot-038.nikhef.nl,2026-09-08 13:37:31
w128_d4_q10_physics_s1,128,4,10,physics,1,608.7,wn-lot-045.nikhef.nl,2026-09-08 13:37:10
w128_d4_q10_physics_s2,128,4,10,physics,2,639.8,wn-lot-057.nikhef.nl,2026-09-08 13:37:43
w128_d4_q12_data_s0,128,4,12,data,0,621.8,wn-lot-064.nikhef.nl,2026-09-08 13:37:23
w128_d4_q12_data_s1,128,4,12,data,1,601.3,wn-lot-044.nikhef.nl,2026-09-08 13:37:03
w128_d4_q12_data_s2,128,4,12,data,2,612.8,wn-lot-053.nikhef.nl,2026-09-08 13:37:14
w128_d4_q12_physics_s0,128,4,12,physics,0,629.9,wn-lot-057.nikhef.nl,2026-09-08 13:37:33
w128_d4_q12_physics_s1,128,4,12,physics,1,626.9,wn-lot-038.nikhef.nl,2026-09-08 13:37:30
w128_d4_q12_physics_s2,128,4,12,physics,2,613.8,wn-lot-045.nikhef.nl,2026-09-08 13:37:15
w128_d4_q14_data_s0,128,4,14,data,0,631.9,wn-lot-057.nikhef.nl,2026-09-08 13:37:35
w128_d4_q14_data_s1,128,4,14,data,1,621.6,wn-lot-038.nikhef.nl,2026-09-08 13:37:24
w128_d4_q14_data_s2,128,4,14,data,2,632.8,wn-lot-049.nikhef.nl,2026-09-08 13:37:36
w128_d4_q14_physics_s0,128,4,14,physics,0,603.9,wn-lot-046.nikhef.nl,2026-09-08 13:37:06
w128_d4_q14_physics_s1,128,4,14,physics,1,611.8,wn-lot-055.nikhef.nl,2026-09-08 13:37:13
w128_d4_q14_physics_s2,128,4,14,physics,2,614.4,wn-lot-059.nikhef.nl,2026-09-08 13:37:16
w128_d4_q16_data_s0,128,4,16,data,0,626.2,wn-lot-059.nikhef.nl,2026-09-08 13:37:31
w128_d4_q16_data_s1,128,4,16,data,1,626.1,wn-lot-037.nikhef.nl,2026-09-08 13:37:32
w128_d4_q16_data_s2,128,4,16,data,2,553.5,wn-lot-061.nikhef.nl,2026-09-08 13:36:26
w128_d4_q16_physics_s0,128,4,16,physics,0,620.9,wn-lot-045.nikhef.nl,2026-09-08 13:37:22
w128_d4_q16_physics_s1,128,4,16,physics,1,626.2,wn-lot-045.nikhef.nl,2026-09-08 13:37:30
w128_d4_q16_physics_s2,128,4,16,physics,2,622.1,wn-lot-049.nikhef.nl,2026-09-08 13:37:26
w128_d4_q18_data_s0,128,4,18,data,0,583.1,wn-lot-050.nikhef.nl,2026-09-08 13:37:17
w128_d4_q18_data_s1,128,4,18,data,1,593.4,wn-knek-007.nikhef.nl,2026-09-08 13:37:30
w128_d4_q18_data_s2,128,4,18,data,2,629.6,wn-lot-053.nikhef.nl,2026-09-08 13:38:07
w128_d4_q18_physics_s0,128,4,18,physics,0,584.8,wn-knek-014.nikhef.nl,2026-09-08 13:37:16
w128_d4_q18_physics_s1,128,4,18,physics,1,594.3,wn-knek-015.nikhef.nl,2026-09-08 13:37:27
w128_d4_q18_physics_s2,128,4,18,physics,2,637.6,wn-lot-038.nikhef.nl,2026-09-08 13:38:11
w128_d4_q20_data_s0,128,4,20,data,0,638.4,wn-lot-049.nikhef.nl,2026-09-08 13:38:16
w128_d4_q20_data_s1,128,4,20,data,1,622.9,wn-lot-045.nikhef.nl,2026-09-08 13:38:03
w128_d4_q20_data_s2,128,4,20,data,2,620.3,wn-lot-044.nikhef.nl,2026-09-08 13:38:02
w128_d4_q20_physics_s0,128,4,20,physics,0,601.7,wn-knek-013.nikhef.nl,2026-09-08 13:37:39
w128_d4_q20_physics_s1,128,4,20,physics,1,603.4,wn-knek-017.nikhef.nl,2026-09-08 13:37:42
w128_d4_q20_physics_s2,128,4,20,physics,2,631.5,wn-lot-059.nikhef.nl,2026-09-08 13:38:09
w128_d8_q02_data_s0,128,8,2,data,0,885.1,wn-knek-008.nikhef.nl,2026-09-08 13:42:28
w128_d8_q02_data_s1,128,8,2,data,1,895.6,wn-lot-045.nikhef.nl,2026-09-08 13:42:37
w128_d8_q02_data_s2,128,8,2,data,2,879.9,wn-knek-013.nikhef.nl,2026-09-08 13:42:23
w128_d8_q02_physics_s0,128,8,2,physics,0,924.9,wn-lot-055.nikhef.nl,2026-09-08 13:43:06
w128_d8_q02_physics_s1,128,8,2,physics,1,906.6,wn-lot-059.nikhef.nl,2026-09-08 13:42:47
w128_d8_q02_physics_s2,128,8,2,physics,2,904.6,wn-lot-046.nikhef.nl,2026-09-08 13:42:46
w128_d8_q04_data_s0,128,8,4,data,0,928.6,wn-lot-038.nikhef.nl,2026-09-08 13:43:12
w128_d8_q04_data_s1,128,8,4,data,1,917.8,wn-lot-044.nikhef.nl,2026-09-08 13:43:01
w128_d8_q04_data_s2,128,8,4,data,2,921.4,wn-lot-048.nikhef.nl,2026-09-08 13:43:06
w128_d8_q04_physics_s0,128,8,4,physics,0,895.8,wn-knek-017.nikhef.nl,2026-09-08 13:42:39
w128_d8_q04_physics_s1,128,8,4,physics,1,1023.5,wn-lot-003.nikhef.nl,2026-09-08 13:44:48
w128_d8_q04_physics_s2,128,8,4,physics,2,906.3,wn-lot-047.nikhef.nl,2026-09-08 13:42:51
w128_d8_q06_data_s0,128,8,6,data,0,960.5,wn-lot-064.nikhef.nl,2026-09-08 13:43:47
w128_d8_q06_data_s1,128,8,6,data,1,936.4,wn-lot-055.nikhef.nl,2026-09-08 13:43:22
w128_d8_q06_data_s2,128,8,6,data,2,925.8,wn-lot-044.nikhef.nl,2026-09-08 13:43:12
w128_d8_q06_physics_s0,128,8,6,physics,0,903.9,wn-lot-045.nikhef.nl,2026-09-08 13:42:48
w128_d8_q06_physics_s1,128,8,6,physics,1,904.4,wn-knek-013.nikhef.nl,2026-09-08 13:42:50
w128_d8_q06_physics_s2,128,8,6,physics,2,916.8,wn-lot-047.nikhef.nl,2026-09-08 13:43:02
w128_d8_q08_data_s0,128,8,8,data,0,916.5,wn-lot-051.nikhef.nl,2026-09-08 13:43:06
w128_d8_q08_data_s1,128,8,8,data,1,904,wn-lot-051.nikhef.nl,2026-09-08 13:42:54
w128_d8_q08_data_s2,128,8,8,data,2,950.7,wn-lot-057.nikhef.nl,2026-09-08 13:43:40
w128_d8_q08_physics_s0,128,8,8,physics,0,949.2,wn-lot-057.nikhef.nl,2026-09-08 13:43:36
w128_d8_q08_physics_s1,128,8,8,physics,1,928.5,wn-lot-059.nikhef.nl,2026-09-08 13:43:16
w128_d8_q08_physics_s2,128,8,8,physics,2,934.9,wn-lot-057.nikhef.nl,2026-09-08 13:43:22
w128_d8_q10_data_s0,128,8,10,data,0,900.8,wn-knek-008.nikhef.nl,2026-09-08 13:42:53
w128_d8_q10_data_s1,128,8,10,data,1,930.6,wn-lot-044.nikhef.nl,2026-09-08 13:43:24
w128_d8_q10_data_s2,128,8,10,data,2,924.8,wn-lot-044.nikhef.nl,2026-09-08 13:43:18
w128_d8_q10_physics_s0,128,8,10,physics,0,899.7,wn-knek-007.nikhef.nl,2026-09-08 13:42:51
w128_d8_q10_physics_s1,128,8,10,physics,1,940.2,wn-lot-047.nikhef.nl,2026-09-08 13:43:31
w128_d8_q10_physics_s2,128,8,10,physics,2,968.3,wn-lot-064.nikhef.nl,2026-09-08 13:44:00
w128_d8_q12_data_s0,128,8,12,data,0,1093.8,wn-lot-004.nikhef.nl,2026-09-08 13:46:15
w128_d8_q12_data_s1,128,8,12,data,1,652,wn-lot-052.nikhef.nl,2026-09-08 13:38:54
w128_d8_q12_data_s2,128,8,12,data,2,1098.4,wn-sate-069.nikhef.nl,2026-09-08 13:46:21
w128_d8_q12_physics_s0,128,8,12,physics,0,935.9,wn-lot-038.nikhef.nl,2026-09-08 13:43:31
w128_d8_q12_physics_s1,128,8,12,physics,1,909,wn-knek-017.nikhef.nl,2026-09-08 13:43:05
w128_d8_q12_physics_s2,128,8,12,physics,2,920.5,wn-lot-037.nikhef.nl,2026-09-08 13:43:18
w128_d8_q14_data_s0,128,8,14,data,0,897.8,wn-knek-009.nikhef.nl,2026-09-08 13:43:01
w128_d8_q14_data_s1,128,8,14,data,1,927.5,wn-lot-047.nikhef.nl,2026-09-08 13:43:30
w128_d8_q14_data_s2,128,8,14,data,2,967.5,wn-lot-064.nikhef.nl,2026-09-08 13:44:10
w128_d8_q14_physics_s0,128,8,14,physics,0,1112.4,wn-sate-061.nikhef.nl,2026-09-08 13:46:36
w128_d8_q14_physics_s1,128,8,14,physics,1,917.5,wn-lot-045.nikhef.nl,2026-09-08 13:43:19
w128_d8_q14_physics_s2,128,8,14,physics,2,950.3,wn-lot-038.nikhef.nl,2026-09-08 13:43:52
w128_d8_q16_data_s0,128,8,16,data,0,948.5,wn-lot-049.nikhef.nl,2026-09-08 13:43:50
w128_d8_q16_data_s1,128,8,16,data,1,939.5,wn-lot-059.nikhef.nl,2026-09-08 13:43:42
w128_d8_q16_data_s2,128,8,16,data,2,927.6,wn-lot-048.nikhef.nl,2026-09-08 13:43:29
w128_d8_q16_physics_s0,128,8,16,physics,0,913.4,wn-knek-005.nikhef.nl,2026-09-08 13:43:17
w128_d8_q16_physics_s1,128,8,16,physics,1,959.8,wn-lot-055.nikhef.nl,2026-09-08 13:44:01
w128_d8_q16_physics_s2,128,8,16,physics,2,939,wn-lot-053.nikhef.nl,2026-09-08 13:43:41
w128_d8_q18_data_s0,128,8,18,data,0,945,wn-lot-057.nikhef.nl,2026-09-08 13:43:47
w128_d8_q18_data_s1,128,8,18,data,1,1147,wn-lot-004.nikhef.nl,2026-09-08 13:47:09
w128_d8_q18_data_s2,128,8,18,data,2,930.4,wn-lot-044.nikhef.nl,2026-09-08 13:43:32
w128_d8_q18_physics_s0,128,8,18,physics,0,938.9,wn-lot-044.nikhef.nl,2026-09-08 13:43:41
w128_d8_q18_physics_s1,128,8,18,physics,1,1109.4,wn-lot-004.nikhef.nl,2026-09-08 13:46:32
w128_d8_q18_physics_s2,128,8,18,physics,2,968.1,wn-lot-057.nikhef.nl,2026-09-08 13:44:10
w128_d8_q20_data_s0,128,8,20,data,0,957.3,wn-lot-049.nikhef.nl,2026-09-08 13:43:59
w128_d8_q20_data_s1,128,8,20,data,1,936.6,wn-lot-044.nikhef.nl,2026-09-08 13:43:39
w128_d8_q20_data_s2,128,8,20,data,2,942.8,wn-lot-053.nikhef.nl,2026-09-08 13:43:45
w128_d8_q20_physics_s0,128,8,20,physics,0,938.1,wn-lot-048.nikhef.nl,2026-09-08 13:43:40
w128_d8_q20_physics_s1,128,8,20,physics,1,940.6,wn-lot-059.nikhef.nl,2026-09-08 13:43:43
w128_d8_q20_physics_s2,128,8,20,physics,2,955.7,wn-lot-057.nikhef.nl,2026-09-08 13:43:58
w256_d2_q02_data_s0,256,2,2,data,0,629.8,wn-lot-057.nikhef.nl,2026-09-08 13:38:32
w256_d2_q02_data_s1,256,2,2,data,1,631.2,wn-lot-049.nikhef.nl,2026-09-08 13:38:33
w256_d2_q02_data_s2,256,2,2,data,2,751.1,wn-sate-061.nikhef.nl,2026-09-08 13:40:34
w256_d2_q02_physics_s0,256,2,2,physics,0,611.2,wn-lot-048.nikhef.nl,2026-09-08 13:38:13
w256_d2_q02_physics_s1,256,2,2,physics,1,635.7,wn-lot-055.nikhef.nl,2026-09-08 13:38:37
w256_d2_q02_physics_s2,256,2,2,physics,2,622.5,wn-lot-059.nikhef.nl,2026-09-08 13:38:24
w256_d2_q04_data_s0,256,2,4,data,0,454.3,wn-lot-062.nikhef.nl,2026-09-08 13:35:55
w256_d2_q04_data_s1,256,2,4,data,1,639.4,wn-lot-059.nikhef.nl,2026-09-08 13:39:07
w256_d2_q04_data_s2,256,2,4,data,2,652.4,wn-lot-049.nikhef.nl,2026-09-08 13:39:19
w256_d2_q04_physics_s0,256,2,4,physics,0,697.8,wn-lot-003.nikhef.nl,2026-09-08 13:39:48
w256_d2_q04_physics_s1,256,2,4,physics,1,777.1,wn-lot-004.nikhef.nl,2026-09-08 13:41:08
w256_d2_q04_physics_s2,256,2,4,physics,2,783.9,wn-lot-004.nikhef.nl,2026-09-08 13:41:20
w256_d2_q06_data_s0,256,2,6,data,0,661.9,wn-lot-057.nikhef.nl,2026-09-08 13:39:33
w256_d2_q06_data_s1,256,2,6,data,1,627.5,wn-lot-048.nikhef.nl,2026-09-08 13:38:58
w256_d2_q06_data_s2,256,2,6,data,2,611.1,wn-lot-050.nikhef.nl,2026-09-08 13:38:42
w256_d2_q06_physics_s0,256,2,6,physics,0,652.8,wn-lot-038.nikhef.nl,2026-09-08 13:39:21
w256_d2_q06_physics_s1,256,2,6,physics,1,635.8,wn-lot-046.nikhef.nl,2026-09-08 13:39:06
w256_d2_q06_physics_s2,256,2,6,physics,2,636.8,wn-lot-059.nikhef.nl,2026-09-08 13:39:06
w256_d2_q08_data_s0,256,2,8,data,0,624.2,wn-lot-046.nikhef.nl,2026-09-08 13:38:59
w256_d2_q08_data_s1,256,2,8,data,1,631.3,wn-lot-045.nikhef.nl,2026-09-08 13:39:05
w256_d2_q08_data_s2,256,2,8,data,2,652.6,wn-lot-049.nikhef.nl,2026-09-08 13:39:27
w256_d2_q08_physics_s0,256,2,8,physics,0,630.5,wn-lot-045.nikhef.nl,2026-09-08 13:39:02
w256_d2_q08_physics_s1,256,2,8,physics,1,654.1,wn-lot-038.nikhef.nl,2026-09-08 13:39:27
w256_d2_q08_physics_s2,256,2,8,physics,2,658.2,wn-lot-055.nikhef.nl,2026-09-08 13:39:32
w256_d2_q10_data_s0,256,2,10,data,0,675,wn-lot-055.nikhef.nl,2026-09-08 13:39:56
w256_d2_q10_data_s1,256,2,10,data,1,677,wn-lot-057.nikhef.nl,2026-09-08 13:40:21
w256_d2_q10_data_s2,256,2,10,data,2,653.6,wn-lot-053.nikhef.nl,2026-09-08 13:39:58
w256_d2_q10_physics_s0,256,2,10,physics,0,648.6,wn-lot-048.nikhef.nl,2026-09-08 13:39:27
w256_d2_q10_physics_s1,256,2,10,physics,1,658.9,wn-lot-057.nikhef.nl,2026-09-08 13:39:38
w256_d2_q10_physics_s2,256,2,10,physics,2,776.5,wn-lot-004.nikhef.nl,2026-09-08 13:41:39
w256_d2_q12_data_s0,256,2,12,data,0,669.5,wn-lot-049.nikhef.nl,2026-09-08 13:40:12
w256_d2_q12_data_s1,256,2,12,data,1,637.2,wn-lot-048.nikhef.nl,2026-09-08 13:39:41
w256_d2_q12_data_s2,256,2,12,data,2,686.6,wn-lot-064.nikhef.nl,2026-09-08 13:40:31
w256_d2_q12_physics_s0,256,2,12,physics,0,638.6,wn-knek-013.nikhef.nl,2026-09-08 13:39:43
w256_d2_q12_physics_s1,256,2,12,physics,1,623.8,wn-knek-008.nikhef.nl,2026-09-08 13:39:29
w256_d2_q12_physics_s2,256,2,12,physics,2,651.7,wn-lot-045.nikhef.nl,2026-09-08 13:39:55
w256_d2_q14_data_s0,256,2,14,data,0,655.3,wn-lot-047.nikhef.nl,2026-09-08 13:39:59
w256_d2_q14_data_s1,256,2,14,data,1,506.5,wn-lot-002.nikhef.nl,2026-09-08 13:37:34
w256_d2_q14_data_s2,256,2,14,data,2,650.1,wn-lot-047.nikhef.nl,2026-09-08 13:39:54
w256_d2_q14_physics_s0,256,2,14,physics,0,768.3,wn-lot-004.nikhef.nl,2026-09-08 13:41:52
w256_d2_q14_physics_s1,256,2,14,physics,1,670.7,wn-lot-038.nikhef.nl,2026-09-08 13:40:14
w256_d2_q14_physics_s2,256,2,14,physics,2,667.3,wn-lot-055.nikhef.nl,2026-09-08 13:40:09
w256_d2_q16_data_s0,256,2,16,data,0,661.1,wn-lot-047.nikhef.nl,2026-09-08 13:40:05
w256_d2_q16_data_s1,256,2,16,data,1,664.8,wn-lot-048.nikhef.nl,2026-09-08 13:40:09
w256_d2_q16_data_s2,256,2,16,data,2,670.1,wn-lot-055.nikhef.nl,2026-09-08 13:40:12
w256_d2_q16_physics_s0,256,2,16,physics,0,690.7,wn-lot-055.nikhef.nl,2026-09-08 13:40:32
w256_d2_q16_physics_s1,256,2,16,physics,1,678.8,wn-lot-038.nikhef.nl,2026-09-08 13:40:22
w256_d2_q16_physics_s2,256,2,16,physics,2,704,wn-lot-064.nikhef.nl,2026-09-08 13:40:48
w256_d2_q18_data_s0,256,2,18,data,0,570.2,wn-lot-058.nikhef.nl,2026-09-08 13:38:34
w256_d2_q18_data_s1,256,2,18,data,1,611.9,wn-lot-061.nikhef.nl,2026-09-08 13:39:31
w256_d2_q18_data_s2,256,2,18,data,2,799.4,wn-lot-004.nikhef.nl,2026-09-08 13:42:40
w256_d2_q18_physics_s0,256,2,18,physics,0,677.1,wn-lot-038.nikhef.nl,2026-09-08 13:40:21
w256_d2_q18_physics_s1,256,2,18,physics,1,687.5,wn-lot-049.nikhef.nl,2026-09-08 13:40:30
w256_d2_q18_physics_s2,256,2,18,physics,2,670.2,wn-lot-045.nikhef.nl,2026-09-08 13:40:14
w256_d2_q20_data_s0,256,2,20,data,0,634.4,wn-knek-003.nikhef.nl,2026-09-08 13:40:06
w256_d2_q20_data_s1,256,2,20,data,1,643.2,wn-knek-013.nikhef.nl,2026-09-08 13:40:16
w256_d2_q20_data_s2,256,2,20,data,2,654.4,wn-knek-013.nikhef.nl,2026-09-08 13:40:27
w256_d2_q20_physics_s0,256,2,20,physics,0,625.4,wn-lot-050.nikhef.nl,2026-09-08 13:39:54
w256_d2_q20_physics_s1,256,2,20,physics,1,645.7,wn-knek-009.nikhef.nl,2026-09-08 13:40:15
w256_d2_q20_physics_s2,256,2,20,physics,2,636.3,wn-knek-015.nikhef.nl,2026-09-08 13:40:07
w256_d4_q02_data_s0,256,4,2,data,0,1025.1,wn-knek-005.nikhef.nl,2026-09-08 13:46:40
w256_d4_q02_data_s1,256,4,2,data,1,1011.4,wn-lot-050.nikhef.nl,2026-09-08 13:46:25
w256_d4_q02_data_s2,256,4,2,data,2,1019.9,wn-lot-045.nikhef.nl,2026-09-08 13:46:37
w256_d4_q02_physics_s0,256,4,2,physics,0,1027.3,wn-knek-009.nikhef.nl,2026-09-08 13:46:40
w256_d4_q02_physics_s1,256,4,2,physics,1,1028.4,wn-knek-017.nikhef.nl,2026-09-08 13:46:43
w256_d4_q02_physics_s2,256,4,2,physics,2,1026.1,wn-knek-017.nikhef.nl,2026-09-08 13:46:40
w256_d4_q04_data_s0,256,4,4,data,0,1075.5,wn-lot-038.nikhef.nl,2026-09-08 13:47:37
w256_d4_q04_data_s1,256,4,4,data,1,1036.3,wn-knek-015.nikhef.nl,2026-09-08 13:47:00
w256_d4_q04_data_s2,256,4,4,data,2,1087.1,wn-lot-049.nikhef.nl,2026-09-08 13:47:50
w256_d4_q04_physics_s0,256,4,4,physics,0,1087.8,wn-lot-049.nikhef.nl,2026-09-08 13:47:47
w256_d4_q04_physics_s1,256,4,4,physics,1,1238.9,wn-lot-004.nikhef.nl,2026-09-08 13:50:19
w256_d4_q04_physics_s2,256,4,4,physics,2,1349.2,wn-sate-069.nikhef.nl,2026-09-08 13:52:11
w256_d4_q06_data_s0,256,4,6,data,0,1056.9,wn-lot-048.nikhef.nl,2026-09-08 13:47:21
w256_d4_q06_data_s1,256,4,6,data,1,1059.9,wn-knek-004.nikhef.nl,2026-09-08 13:47:25
w256_d4_q06_data_s2,256,4,6,data,2,1075.8,wn-lot-046.nikhef.nl,2026-09-08 13:47:41
w256_d4_q06_physics_s0,256,4,6,physics,0,1046.1,wn-lot-045.nikhef.nl,2026-09-08 13:47:09
w256_d4_q06_physics_s1,256,4,6,physics,1,1042.4,wn-knek-005.nikhef.nl,2026-09-08 13:47:06
w256_d4_q06_physics_s2,256,4,6,physics,2,1072.4,wn-lot-051.nikhef.nl,2026-09-08 13:47:37
w256_d4_q08_data_s0,256,4,8,data,0,1070.5,wn-lot-059.nikhef.nl,2026-09-08 13:47:39
w256_d4_q08_data_s1,256,4,8,data,1,1084.5,wn-lot-046.nikhef.nl,2026-09-08 13:47:51
w256_d4_q08_data_s2,256,4,8,data,2,1045,wn-knek-013.nikhef.nl,2026-09-08 13:47:14
w256_d4_q08_physics_s0,256,4,8,physics,0,1061.4,wn-lot-044.nikhef.nl,2026-09-08 13:47:29
w256_d4_q08_physics_s1,256,4,8,physics,1,1091.2,wn-lot-037.nikhef.nl,2026-09-08 13:47:59
w256_d4_q08_physics_s2,256,4,8,physics,2,1082,wn-lot-046.nikhef.nl,2026-09-08 13:47:48
w256_d4_q10_data_s0,256,4,10,data,0,1100.9,wn-lot-049.nikhef.nl,2026-09-08 13:48:10
w256_d4_q10_data_s1,256,4,10,data,1,1077.8,wn-lot-047.nikhef.nl,2026-09-08 13:47:48
w256_d4_q10_data_s2,256,4,10,data,2,1068.9,wn-lot-048.nikhef.nl,2026-09-08 13:47:38
w256_d4_q10_physics_s0,256,4,10,physics,0,1079.4,wn-lot-059.nikhef.nl,2026-09-08 13:47:48
w256_d4_q10_physics_s1,256,4,10,physics,1,1099.4,wn-lot-057.nikhef.nl,2026-09-08 13:48:08
w256_d4_q10_physics_s2,256,4,10,physics,2,1099.9,wn-lot-051.nikhef.nl,2026-09-08 13:48:09
w256_d4_q12_data_s0,256,4,12,data,0,1094.9,wn-lot-055.nikhef.nl,2026-09-08 13:48:07
w256_d4_q12_data_s1,256,4,12,data,1,1078.8,wn-lot-053.nikhef.nl,2026-09-08 13:47:51
w256_d4_q12_data_s2,256,4,12,data,2,1094.3,wn-lot-038.nikhef.nl,2026-09-08 13:48:05
w256_d4_q12_physics_s0,256,4,12,physics,0,1096.3,wn-lot-046.nikhef.nl,2026-09-08 13:48:06
w256_d4_q12_physics_s1,256,4,12,physics,1,1066.1,wn-lot-047.nikhef.nl,2026-09-08 13:47:37
w256_d4_q12_physics_s2,256,4,12,physics,2,1096.2,wn-lot-055.nikhef.nl,2026-09-08 13:48:08
w256_d4_q14_data_s0,256,4,14,data,0,1066.7,wn-lot-044.nikhef.nl,2026-09-08 13:47:39
w256_d4_q14_data_s1,256,4,14,data,1,1069.8,wn-lot-047.nikhef.nl,2026-09-08 13:47:42
w256_d4_q14_data_s2,256,4,14,data,2,1122,wn-lot-064.nikhef.nl,2026-09-08 13:48:36
w256_d4_q14_physics_s0,256,4,14,physics,0,1095.6,wn-lot-057.nikhef.nl,2026-09-08 13:48:07
w256_d4_q14_physics_s1,256,4,14,physics,1,1075.2,wn-lot-053.nikhef.nl,2026-09-08 13:47:47
w256_d4_q14_physics_s2,256,4,14,physics,2,1088.4,wn-lot-038.nikhef.nl,2026-09-08 13:48:00
w256_d4_q16_data_s0,256,4,16,data,0,1131.6,wn-lot-064.nikhef.nl,2026-09-08 13:48:46
w256_d4_q16_data_s1,256,4,16,data,1,1137.2,wn-lot-064.nikhef.nl,2026-09-08 13:48:52
w256_d4_q16_data_s2,256,4,16,data,2,1120.1,wn-lot-049.nikhef.nl,2026-09-08 13:48:35
w256_d4_q16_physics_s0,256,4,16,physics,0,1093.2,wn-lot-059.nikhef.nl,2026-09-08 13:48:07
w256_d4_q16_physics_s1,256,4,16,physics,1,1058,wn-knek-017.nikhef.nl,2026-09-08 13:47:32
w256_d4_q16_physics_s2,256,4,16,physics,2,1100.2,wn-lot-055.nikhef.nl,2026-09-08 13:48:14
w256_d4_q18_data_s0,256,4,18,data,0,1115.3,wn-lot-057.nikhef.nl,2026-09-08 13:48:31
w256_d4_q18_data_s1,256,4,18,data,1,1145.8,wn-lot-064.nikhef.nl,2026-09-08 13:49:02
w256_d4_q18_data_s2,256,4,18,data,2,1105.9,wn-lot-055.nikhef.nl,2026-09-08 13:48:22
w256_d4_q18_physics_s0,256,4,18,physics,0,1098.2,wn-lot-059.nikhef.nl,2026-09-08 13:48:13
w256_d4_q18_physics_s1,256,4,18,physics,1,1114.1,wn-lot-049.nikhef.nl,2026-09-08 13:48:29
w256_d4_q18_physics_s2,256,4,18,physics,2,1116.6,wn-lot-049.nikhef.nl,2026-09-08 13:48:31
w256_d4_q20_data_s0,256,4,20,data,0,1135,wn-lot-064.nikhef.nl,2026-09-08 13:48:51
w256_d4_q20_data_s1,256,4,20,data,1,1114.9,wn-lot-057.nikhef.nl,2026-09-08 13:48:31
w256_d4_q20_data_s2,256,4,20,data,2,1146.2,wn-lot-064.nikhef.nl,2026-09-08 13:49:03
w256_d4_q20_physics_s0,256,4,20,physics,0,1104.2,wn-lot-049.nikhef.nl,2026-09-08 13:48:20
w256_d4_q20_physics_s1,256,4,20,physics,1,1112,wn-lot-038.nikhef.nl,2026-09-08 13:48:28
w256_d4_q20_physics_s2,256,4,20,physics,2,1087.2,wn-lot-053.nikhef.nl,2026-09-08 13:48:04
w256_d8_q02_data_s0,256,8,2,data,0,1910.5,wn-lot-046.nikhef.nl,2026-09-08 14:01:48
w256_d8_q02_data_s1,256,8,2,data,1,1971.1,wn-lot-064.nikhef.nl,2026-09-08 14:02:49
w256_d8_q02_data_s2,256,8,2,data,2,1911.6,wn-lot-049.nikhef.nl,2026-09-08 14:01:49
w256_d8_q02_physics_s0,256,8,2,physics,0,1882.7,wn-lot-038.nikhef.nl,2026-09-08 14:01:20
w256_d8_q02_physics_s1,256,8,2,physics,1,1905,wn-lot-055.nikhef.nl,2026-09-08 14:01:42
w256_d8_q02_physics_s2,256,8,2,physics,2,1900,wn-lot-046.nikhef.nl,2026-09-08 14:01:37
w256_d8_q04_data_s0,256,8,4,data,0,2566.5,wn-sate-064.nikhef.nl,2026-09-08 14:12:51
w256_d8_q04_data_s1,256,8,4,data,1,1903.3,wn-lot-038.nikhef.nl,2026-09-08 14:01:45
w256_d8_q04_data_s2,256,8,4,data,2,1885.4,wn-lot-048.nikhef.nl,2026-09-08 14:01:26
w256_d8_q04_physics_s0,256,8,4,physics,0,1952.1,wn-lot-037.nikhef.nl,2026-09-08 14:02:31
w256_d8_q04_physics_s1,256,8,4,physics,1,1923.4,wn-lot-055.nikhef.nl,2026-09-08 14:02:02
w256_d8_q04_physics_s2,256,8,4,physics,2,1925.2,wn-lot-049.nikhef.nl,2026-09-08 14:02:05
w256_d8_q06_data_s0,256,8,6,data,0,1917.5,wn-lot-057.nikhef.nl,2026-09-08 14:01:59
w256_d8_q06_data_s1,256,8,6,data,1,1951.5,wn-lot-064.nikhef.nl,2026-09-08 14:02:33
w256_d8_q06_data_s2,256,8,6,data,2,2175.5,wn-lot-004.nikhef.nl,2026-09-08 14:06:17
w256_d8_q06_physics_s0,256,8,6,physics,0,1864.9,wn-knek-001.nikhef.nl,2026-09-08 14:01:07
w256_d8_q06_physics_s1,256,8,6,physics,1,1875.5,wn-lot-045.nikhef.nl,2026-09-08 14:01:16
w256_d8_q06_physics_s2,256,8,6,physics,2,1925,wn-lot-049.nikhef.nl,2026-09-08 14:02:06
w256_d8_q08_data_s0,256,8,8,data,0,1923,wn-lot-046.nikhef.nl,2026-09-08 14:02:04
w256_d8_q08_data_s1,256,8,8,data,1,1928.8,wn-lot-057.nikhef.nl,2026-09-08 14:02:10
w256_d8_q08_data_s2,256,8,8,data,2,1936.6,wn-lot-049.nikhef.nl,2026-09-08 14:02:18
w256_d8_q08_physics_s0,256,8,8,physics,0,1915.8,wn-lot-046.nikhef.nl,2026-09-08 14:01:57
w256_d8_q08_physics_s1,256,8,8,physics,1,1916.5,wn-lot-046.nikhef.nl,2026-09-08 14:01:58
w256_d8_q08_physics_s2,256,8,8,physics,2,1947.5,wn-lot-064.nikhef.nl,2026-09-08 14:02:29
w256_d8_q10_data_s0,256,8,10,data,0,1981.1,wn-lot-064.nikhef.nl,2026-09-08 14:03:04
w256_d8_q10_data_s1,256,8,10,data,1,1894.2,wn-lot-051.nikhef.nl,2026-09-08 14:01:37
w256_d8_q10_data_s2,256,8,10,data,2,1947.1,wn-lot-055.nikhef.nl,2026-09-08 14:02:30
w256_d8_q10_physics_s0,256,8,10,physics,0,1893.3,wn-lot-045.nikhef.nl,2026-09-08 14:01:34
w256_d8_q10_physics_s1,256,8,10,physics,1,1978.9,wn-lot-064.nikhef.nl,2026-09-08 14:03:00
w256_d8_q10_physics_s2,256,8,10,physics,2,1929.4,wn-lot-046.nikhef.nl,2026-09-08 14:02:11
w256_d8_q12_data_s0,256,8,12,data,0,1906.2,wn-lot-044.nikhef.nl,2026-09-08 14:01:54
w256_d8_q12_data_s1,256,8,12,data,1,1940.8,wn-lot-057.nikhef.nl,2026-09-08 14:02:30
w256_d8_q12_data_s2,256,8,12,data,2,1928.8,wn-lot-053.nikhef.nl,2026-09-08 14:02:18
w256_d8_q12_physics_s0,256,8,12,physics,0,2012.3,wn-lot-064.nikhef.nl,2026-09-08 14:03:37
w256_d8_q12_physics_s1,256,8,12,physics,1,1986.7,wn-lot-064.nikhef.nl,2026-09-08 14:03:13
w256_d8_q12_physics_s2,256,8,12,physics,2,1927.1,wn-lot-055.nikhef.nl,2026-09-08 14:02:14
w256_d8_q14_data_s0,256,8,14,data,0,1882.8,wn-knek-015.nikhef.nl,2026-09-08 14:02:01
w256_d8_q14_data_s1,256,8,14,data,1,2600.7,wn-sate-067.nikhef.nl,2026-09-08 14:14:02
w256_d8_q14_data_s2,256,8,14,data,2,2621.9,wn-sate-065.nikhef.nl,2026-09-08 14:14:26
w256_d8_q14_physics_s0,256,8,14,physics,0,1904.9,wn-lot-053.nikhef.nl,2026-09-08 14:01:57
w256_d8_q14_physics_s1,256,8,14,physics,1,1994.4,wn-lot-064.nikhef.nl,2026-09-08 14:03:27
w256_d8_q14_physics_s2,256,8,14,physics,2,1901.8,wn-lot-051.nikhef.nl,2026-09-08 14:02:16
w256_d8_q16_data_s0,256,8,16,data,0,1910.6,wn-lot-048.nikhef.nl,2026-09-08 14:02:40
w256_d8_q16_data_s1,256,8,16,data,1,1949.7,wn-lot-046.nikhef.nl,2026-09-08 14:03:21
w256_d8_q16_data_s2,256,8,16,data,2,2602.9,wn-sate-069.nikhef.nl,2026-09-08 14:14:15
w256_d8_q16_physics_s0,256,8,16,physics,0,1909.3,wn-lot-045.nikhef.nl,2026-09-08 14:02:34
w256_d8_q16_physics_s1,256,8,16,physics,1,1954.7,wn-lot-049.nikhef.nl,2026-09-08 14:03:23
w256_d8_q16_physics_s2,256,8,16,physics,2,1988.6,wn-lot-064.nikhef.nl,2026-09-08 14:03:57
w256_d8_q18_data_s0,256,8,18,data,0,1930.9,wn-lot-059.nikhef.nl,2026-09-08 14:03:09
w256_d8_q18_data_s1,256,8,18,data,1,1915,wn-lot-053.nikhef.nl,2026-09-08 14:02:56
w256_d8_q18_data_s2,256,8,18,data,2,1945.8,wn-lot-055.nikhef.nl,2026-09-08 14:03:27
w256_d8_q18_physics_s0,256,8,18,physics,0,1984.7,wn-lot-037.nikhef.nl,2026-09-08 14:03:58
w256_d8_q18_physics_s1,256,8,18,physics,1,1679,wn-lot-060.nikhef.nl,2026-09-08 13:58:52
w256_d8_q18_physics_s2,256,8,18,physics,2,1935.6,wn-lot-047.nikhef.nl,2026-09-08 14:03:10
w256_d8_q20_data_s0,256,8,20,data,0,1934.1,wn-lot-059.nikhef.nl,2026-09-08 14:03:16
w256_d8_q20_data_s1,256,8,20,data,1,1967.1,wn-lot-055.nikhef.nl,2026-09-08 14:03:49
w256_d8_q20_data_s2,256,8,20,data,2,1940.7,wn-lot-053.nikhef.nl,2026-09-08 14:03:23
w256_d8_q20_physics_s0,256,8,20,physics,0,1935.7,wn-lot-038.nikhef.nl,2026-09-08 14:03:17
w256_d8_q20_physics_s1,256,8,20,physics,1,2650.7,wn-sate-061.nikhef.nl,2026-09-08 14:15:14
w256_d8_q20_physics_s2,256,8,20,physics,2,1936.3,wn-lot-057.nikhef.nl,2026-09-08 14:03:19
w32_d2_q02_data_s0,32,2,2,data,0,276.4,wn-knek-013.nikhef.nl,2026-09-08 13:26:18
w32_d2_q02_data_s1,32,2,2,data,1,277.6,wn-knek-003.nikhef.nl,2026-09-08 13:26:20
w32_d2_q02_data_s2,32,2,2,data,2,276.7,wn-knek-009.nikhef.nl,2026-09-08 13:26:16
w32_d2_q02_physics_s0,32,2,2,physics,0,219.8,wn-lot-009.nikhef.nl,2026-09-08 13:25:22
w32_d2_q02_physics_s1,32,2,2,physics,1,275.3,wn-knek-012.nikhef.nl,2026-09-08 13:26:16
w32_d2_q02_physics_s2,32,2,2,physics,2,281.3,wn-lot-038.nikhef.nl,2026-09-08 13:26:24
w32_d2_q04_data_s0,32,2,4,data,0,281.3,wn-knek-014.nikhef.nl,2026-09-08 13:26:21
w32_d2_q04_data_s1,32,2,4,data,1,283.6,wn-lot-049.nikhef.nl,2026-09-08 13:26:24
w32_d2_q04_data_s2,32,2,4,data,2,287,wn-knek-017.nikhef.nl,2026-09-08 13:26:28
w32_d2_q04_physics_s0,32,2,4,physics,0,297.9,wn-knek-004.nikhef.nl,2026-09-08 13:26:39
w32_d2_q04_physics_s1,32,2,4,physics,1,281.9,wn-knek-010.nikhef.nl,2026-09-08 13:26:18
w32_d2_q04_physics_s2,32,2,4,physics,2,261.2,wn-lot-061.nikhef.nl,2026-09-08 13:26:04
w32_d2_q06_data_s0,32,2,6,data,0,287.5,wn-knek-005.nikhef.nl,2026-09-08 13:26:25
w32_d2_q06_data_s1,32,2,6,data,1,356.2,wn-lot-003.nikhef.nl,2026-09-08 13:27:39
w32_d2_q06_data_s2,32,2,6,data,2,288.4,wn-lot-045.nikhef.nl,2026-09-08 13:26:29
w32_d2_q06_physics_s0,32,2,6,physics,0,281.1,wn-knek-015.nikhef.nl,2026-09-08 13:26:18
w32_d2_q06_physics_s1,32,2,6,physics,1,300.5,wn-lot-037.nikhef.nl,2026-09-08 13:26:43
w32_d2_q06_physics_s2,32,2,6,physics,2,287.6,wn-knek-007.nikhef.nl,2026-09-08 13:26:26
w32_d2_q08_data_s0,32,2,8,data,0,293.9,wn-lot-046.nikhef.nl,2026-09-08 13:26:33
w32_d2_q08_data_s1,32,2,8,data,1,291.8,wn-lot-044.nikhef.nl,2026-09-08 13:26:30
w32_d2_q08_data_s2,32,2,8,data,2,297.5,wn-lot-064.nikhef.nl,2026-09-08 13:26:39
w32_d2_q08_physics_s0,32,2,8,physics,0,287.2,wn-lot-059.nikhef.nl,2026-09-08 13:26:28
w32_d2_q08_physics_s1,32,2,8,physics,1,282.5,wn-lot-050.nikhef.nl,2026-09-08 13:26:18
w32_d2_q08_physics_s2,32,2,8,physics,2,294.8,wn-lot-055.nikhef.nl,2026-09-08 13:26:34
w32_d2_q10_data_s0,32,2,10,data,0,293.8,wn-lot-048.nikhef.nl,2026-09-08 13:26:33
w32_d2_q10_data_s1,32,2,10,data,1,293.5,wn-lot-048.nikhef.nl,2026-09-08 13:26:33
w32_d2_q10_data_s2,32,2,10,data,2,386.8,wn-lot-004.nikhef.nl,2026-09-08 13:28:06
w32_d2_q10_physics_s0,32,2,10,physics,0,295.8,wn-lot-053.nikhef.nl,2026-09-08 13:26:35
w32_d2_q10_physics_s1,32,2,10,physics,1,297.9,wn-lot-047.nikhef.nl,2026-09-08 13:26:35
w32_d2_q10_physics_s2,32,2,10,physics,2,375.6,wn-lot-004.nikhef.nl,2026-09-08 13:27:55
w32_d2_q12_data_s0,32,2,12,data,0,392.7,wn-lot-004.nikhef.nl,2026-09-08 13:28:12
w32_d2_q12_data_s1,32,2,12,data,1,306.9,wn-lot-064.nikhef.nl,2026-09-08 13:26:48
w32_d2_q12_data_s2,32,2,12,data,2,302.2,wn-lot-047.nikhef.nl,2026-09-08 13:26:39
w32_d2_q12_physics_s0,32,2,12,physics,0,302.8,wn-lot-047.nikhef.nl,2026-09-08 13:26:39
w32_d2_q12_physics_s1,32,2,12,physics,1,303.9,wn-lot-053.nikhef.nl,2026-09-08 13:26:43
w32_d2_q12_physics_s2,32,2,12,physics,2,300.4,wn-lot-048.nikhef.nl,2026-09-08 13:26:39
w32_d2_q14_data_s0,32,2,14,data,0,297.3,wn-lot-048.nikhef.nl,2026-09-08 13:26:36
w32_d2_q14_data_s1,32,2,14,data,1,306.1,wn-lot-055.nikhef.nl,2026-09-08 13:26:45
w32_d2_q14_data_s2,32,2,14,data,2,291.4,wn-lot-050.nikhef.nl,2026-09-08 13:26:27
w32_d2_q14_physics_s0,32,2,14,physics,0,298.9,wn-lot-044.nikhef.nl,2026-09-08 13:26:37
w32_d2_q14_physics_s1,32,2,14,physics,1,298.5,wn-lot-053.nikhef.nl,2026-09-08 13:26:37
w32_d2_q14_physics_s2,32,2,14,physics,2,300.3,wn-lot-046.nikhef.nl,2026-09-08 13:26:40
w32_d2_q16_data_s0,32,2,16,data,0,307.2,wn-lot-044.nikhef.nl,2026-09-08 13:26:46
w32_d2_q16_data_s1,32,2,16,data,1,304.1,wn-lot-053.nikhef.nl,2026-09-08 13:26:43
w32_d2_q16_data_s2,32,2,16,data,2,303,wn-lot-046.nikhef.nl,2026-09-08 13:26:42
w32_d2_q16_physics_s0,32,2,16,physics,0,418.1,wn-lot-004.nikhef.nl,2026-09-08 13:28:37
w32_d2_q16_physics_s1,32,2,16,physics,1,315.3,wn-lot-064.nikhef.nl,2026-09-08 13:26:56
w32_d2_q16_physics_s2,32,2,16,physics,2,308.9,wn-lot-047.nikhef.nl,2026-09-08 13:26:46
w32_d2_q18_data_s0,32,2,18,data,0,297,wn-lot-050.nikhef.nl,2026-09-08 13:26:33
w32_d2_q18_data_s1,32,2,18,data,1,303.3,wn-lot-045.nikhef.nl,2026-09-08 13:26:44
w32_d2_q18_data_s2,32,2,18,data,2,382.1,wn-lot-003.nikhef.nl,2026-09-08 13:28:05
w32_d2_q18_physics_s0,32,2,18,physics,0,298.4,wn-lot-048.nikhef.nl,2026-09-08 13:26:37
w32_d2_q18_physics_s1,32,2,18,physics,1,304.4,wn-lot-055.nikhef.nl,2026-09-08 13:26:44
w32_d2_q18_physics_s2,32,2,18,physics,2,301.8,wn-lot-059.nikhef.nl,2026-09-08 13:26:43
w32_d2_q20_data_s0,32,2,20,data,0,307,wn-lot-064.nikhef.nl,2026-09-08 13:26:48
w32_d2_q20_data_s1,32,2,20,data,1,317.7,wn-lot-047.nikhef.nl,2026-09-08 13:26:54
w32_d2_q20_data_s2,32,2,20,data,2,303.9,wn-lot-044.nikhef.nl,2026-09-08 13:26:42
w32_d2_q20_physics_s0,32,2,20,physics,0,306.1,wn-knek-005.nikhef.nl,2026-09-08 13:26:44
w32_d2_q20_physics_s1,32,2,20,physics,1,306.5,wn-knek-007.nikhef.nl,2026-09-08 13:26:45
w32_d2_q20_physics_s2,32,2,20,physics,2,319.4,wn-lot-037.nikhef.nl,2026-09-08 13:27:02
w32_d4_q02_data_s0,32,4,2,data,0,315.9,wn-lot-046.nikhef.nl,2026-09-08 13:26:55
w32_d4_q02_data_s1,32,4,2,data,1,318,wn-lot-048.nikhef.nl,2026-09-08 13:26:57
w32_d4_q02_data_s2,32,4,2,data,2,312,wn-lot-055.nikhef.nl,2026-09-08 13:26:51
w32_d4_q02_physics_s0,32,4,2,physics,0,310.1,wn-knek-015.nikhef.nl,2026-09-08 13:26:47
w32_d4_q02_physics_s1,32,4,2,physics,1,308.7,wn-knek-017.nikhef.nl,2026-09-08 13:26:50
w32_d4_q02_physics_s2,32,4,2,physics,2,317.8,wn-lot-053.nikhef.nl,2026-09-08 13:26:57
w32_d4_q04_data_s0,32,4,4,data,0,319.8,wn-lot-045.nikhef.nl,2026-09-08 13:27:01
w32_d4_q04_data_s1,32,4,4,data,1,311,wn-knek-014.nikhef.nl,2026-09-08 13:26:50
w32_d4_q04_data_s2,32,4,4,data,2,238.5,wn-lot-009.nikhef.nl,2026-09-08 13:25:41
w32_d4_q04_physics_s0,32,4,4,physics,0,320.5,wn-lot-059.nikhef.nl,2026-09-08 13:27:01
w32_d4_q04_physics_s1,32,4,4,physics,1,319.5,wn-lot-049.nikhef.nl,2026-09-08 13:27:00
w32_d4_q04_physics_s2,32,4,4,physics,2,316,wn-lot-050.nikhef.nl,2026-09-08 13:26:52
w32_d4_q06_data_s0,32,4,6,data,0,313.1,wn-knek-015.nikhef.nl,2026-09-08 13:27:28
w32_d4_q06_data_s1,32,4,6,data,1,337.5,wn-lot-037.nikhef.nl,2026-09-08 13:27:53
w32_d4_q06_data_s2,32,4,6,data,2,294.3,wn-lot-061.nikhef.nl,2026-09-08 13:27:09
w32_d4_q06_physics_s0,32,4,6,physics,0,312,wn-knek-014.nikhef.nl,2026-09-08 13:27:27
w32_d4_q06_physics_s1,32,4,6,physics,1,315.2,wn-lot-050.nikhef.nl,2026-09-08 13:27:30
w32_d4_q06_physics_s2,32,4,6,physics,2,317.4,wn-lot-053.nikhef.nl,2026-09-08 13:27:33
w32_d4_q08_data_s0,32,4,8,data,0,330,wn-lot-064.nikhef.nl,2026-09-08 13:27:42
w32_d4_q08_data_s1,32,4,8,data,1,321.4,wn-knek-008.nikhef.nl,2026-09-08 13:27:37
w32_d4_q08_data_s2,32,4,8,data,2,318,wn-knek-007.nikhef.nl,2026-09-08 13:27:32
w32_d4_q08_physics_s0,32,4,8,physics,0,321.4,wn-lot-049.nikhef.nl,2026-09-08 13:27:34
w32_d4_q08_physics_s1,32,4,8,physics,1,327.8,wn-lot-048.nikhef.nl,2026-09-08 13:27:41
w32_d4_q08_physics_s2,32,4,8,physics,2,324.2,wn-lot-046.nikhef.nl,2026-09-08 13:27:37
w32_d4_q10_data_s0,32,4,10,data,0,321.5,wn-knek-017.nikhef.nl,2026-09-08 13:27:34
w32_d4_q10_data_s1,32,4,10,data,1,328.5,wn-lot-047.nikhef.nl,2026-09-08 13:27:40
w32_d4_q10_data_s2,32,4,10,data,2,443.5,wn-lot-004.nikhef.nl,2026-09-08 13:29:36
w32_d4_q10_physics_s0,32,4,10,physics,0,328,wn-lot-051.nikhef.nl,2026-09-08 13:27:44
w32_d4_q10_physics_s1,32,4,10,physics,1,326.4,wn-lot-055.nikhef.nl,2026-09-08 13:27:37
w32_d4_q10_physics_s2,32,4,10,physics,2,320.2,wn-knek-013.nikhef.nl,2026-09-08 13:27:33
w32_d4_q12_data_s0,32,4,12,data,0,324.5,wn-lot-059.nikhef.nl,2026-09-08 13:27:34
w32_d4_q12_data_s1,32,4,12,data,1,326.2,wn-lot-044.nikhef.nl,2026-09-08 13:27:37
w32_d4_q12_data_s2,32,4,12,data,2,261.8,wn-lot-005.nikhef.nl,2026-09-08 13:26:39
w32_d4_q12_physics_s0,32,4,12,physics,0,330.8,wn-lot-045.nikhef.nl,2026-09-08 13:27:41
w32_d4_q12_physics_s1,32,4,12,physics,1,319.7,wn-lot-038.nikhef.nl,2026-09-08 13:27:29
w32_d4_q12_physics_s2,32,4,12,physics,2,328.7,wn-lot-057.nikhef.nl,2026-09-08 13:27:44
w32_d4_q14_data_s0,32,4,14,data,0,326.9,wn-lot-057.nikhef.nl,2026-09-08 13:27:43
w32_d4_q14_data_s1,32,4,14,data,1,330.7,wn-lot-038.nikhef.nl,2026-09-08 13:27:40
w32_d4_q14_data_s2,32,4,14,data,2,328.3,wn-lot-045.nikhef.nl,2026-09-08 13:27:38
w32_d4_q14_physics_s0,32,4,14,physics,0,332.6,wn-lot-044.nikhef.nl,2026-09-08 13:27:43
w32_d4_q14_physics_s1,32,4,14,physics,1,329.8,wn-lot-044.nikhef.nl,2026-09-08 13:27:40
w32_d4_q14_physics_s2,32,4,14,physics,2,327.4,wn-lot-059.nikhef.nl,2026-09-08 13:27:37
w32_d4_q16_data_s0,32,4,16,data,0,327.2,wn-knek-017.nikhef.nl,2026-09-08 13:27:40
w32_d4_q16_data_s1,32,4,16,data,1,326.3,wn-knek-013.nikhef.nl,2026-09-08 13:27:39
w32_d4_q16_data_s2,32,4,16,data,2,332.1,wn-lot-055.nikhef.nl,2026-09-08 13:27:43
w32_d4_q16_physics_s0,32,4,16,physics,0,423.8,wn-lot-004.nikhef.nl,2026-09-08 13:29:16
w32_d4_q16_physics_s1,32,4,16,physics,1,330.7,wn-lot-047.nikhef.nl,2026-09-08 13:27:42
w32_d4_q16_physics_s2,32,4,16,physics,2,339.3,wn-lot-044.nikhef.nl,2026-09-08 13:27:50
w32_d4_q18_data_s0,32,4,18,data,0,326.1,wn-lot-045.nikhef.nl,2026-09-08 13:27:36
w32_d4_q18_data_s1,32,4,18,data,1,329.5,wn-lot-051.nikhef.nl,2026-09-08 13:27:46
w32_d4_q18_data_s2,32,4,18,data,2,333.2,wn-knek-007.nikhef.nl,2026-09-08 13:27:47
w32_d4_q18_physics_s0,32,4,18,physics,0,334.7,wn-lot-059.nikhef.nl,2026-09-08 13:27:44
w32_d4_q18_physics_s1,32,4,18,physics,1,330.3,wn-lot-057.nikhef.nl,2026-09-08 13:27:46
w32_d4_q18_physics_s2,32,4,18,physics,2,342.6,wn-lot-038.nikhef.nl,2026-09-08 13:27:52
w32_d4_q20_data_s0,32,4,20,data,0,339.3,wn-lot-044.nikhef.nl,2026-09-08 13:27:50
w32_d4_q20_data_s1,32,4,20,data,1,340.3,wn-knek-017.nikhef.nl,2026-09-08 13:27:53
w32_d4_q20_data_s2,32,4,20,data,2,328.8,wn-knek-013.nikhef.nl,2026-09-08 13:27:42
w32_d4_q20_physics_s0,32,4,20,physics,0,333.2,wn-knek-008.nikhef.nl,2026-09-08 13:27:49
w32_d4_q20_physics_s1,32,4,20,physics,1,336.1,wn-lot-064.nikhef.nl,2026-09-08 13:27:48
w32_d4_q20_physics_s2,32,4,20,physics,2,335.8,wn-lot-047.nikhef.nl,2026-09-08 13:27:47
w32_d8_q02_data_s0,32,8,2,data,0,376.3,wn-lot-059.nikhef.nl,2026-09-08 13:28:26
w32_d8_q02_data_s1,32,8,2,data,1,379.9,wn-lot-057.nikhef.nl,2026-09-08 13:28:36
w32_d8_q02_data_s2,32,8,2,data,2,375.6,wn-lot-038.nikhef.nl,2026-09-08 13:28:25
w32_d8_q02_physics_s0,32,8,2,physics,0,378,wn-lot-046.nikhef.nl,2026-09-08 13:28:31
w32_d8_q02_physics_s1,32,8,2,physics,1,382.5,wn-lot-048.nikhef.nl,2026-09-08 13:28:36
w32_d8_q02_physics_s2,32,8,2,physics,2,387.1,wn-lot-055.nikhef.nl,2026-09-08 13:28:38
w32_d8_q04_data_s0,32,8,4,data,0,455.7,wn-sate-069.nikhef.nl,2026-09-08 13:30:48
w32_d8_q04_data_s1,32,8,4,data,1,372.9,wn-knek-009.nikhef.nl,2026-09-08 13:29:25
w32_d8_q04_data_s2,32,8,4,data,2,374.8,wn-knek-015.nikhef.nl,2026-09-08 13:29:26
w32_d8_q04_physics_s0,32,8,4,physics,0,378.4,wn-lot-049.nikhef.nl,2026-09-08 13:28:31
w32_d8_q04_physics_s1,32,8,4,physics,1,380.8,wn-lot-045.nikhef.nl,2026-09-08 13:28:31
w32_d8_q04_physics_s2,32,8,4,physics,2,283.9,wn-lot-052.nikhef.nl,2026-09-08 13:27:57
w32_d8_q06_data_s0,32,8,6,data,0,389.5,wn-lot-045.nikhef.nl,2026-09-08 13:29:40
w32_d8_q06_data_s1,32,8,6,data,1,373.9,wn-lot-050.nikhef.nl,2026-09-08 13:29:24
w32_d8_q06_data_s2,32,8,6,data,2,389.5,wn-lot-048.nikhef.nl,2026-09-08 13:29:40
w32_d8_q06_physics_s0,32,8,6,physics,0,391.5,wn-lot-037.nikhef.nl,2026-09-08 13:29:43
w32_d8_q06_physics_s1,32,8,6,physics,1,378.9,wn-knek-005.nikhef.nl,2026-09-08 13:29:30
w32_d8_q06_physics_s2,32,8,6,physics,2,388.2,wn-lot-051.nikhef.nl,2026-09-08 13:29:40
w32_d8_q08_data_s0,32,8,8,data,0,398.7,wn-lot-044.nikhef.nl,2026-09-08 13:29:49
w32_d8_q08_data_s1,32,8,8,data,1,395.9,wn-lot-047.nikhef.nl,2026-09-08 13:29:46
w32_d8_q08_data_s2,32,8,8,data,2,395.7,wn-lot-057.nikhef.nl,2026-09-08 13:29:45
w32_d8_q08_physics_s0,32,8,8,physics,0,398.1,wn-lot-053.nikhef.nl,2026-09-08 13:29:48
w32_d8_q08_physics_s1,32,8,8,physics,1,377.2,wn-knek-013.nikhef.nl,2026-09-08 13:29:28
w32_d8_q08_physics_s2,32,8,8,physics,2,378.6,wn-knek-017.nikhef.nl,2026-09-08 13:29:29
w32_d8_q10_data_s0,32,8,10,data,0,387.6,wn-lot-049.nikhef.nl,2026-09-08 13:29:35
w32_d8_q10_data_s1,32,8,10,data,1,399.7,wn-lot-038.nikhef.nl,2026-09-08 13:29:48
w32_d8_q10_data_s2,32,8,10,data,2,412.5,wn-lot-055.nikhef.nl,2026-09-08 13:30:00
w32_d8_q10_physics_s0,32,8,10,physics,0,396.7,wn-lot-059.nikhef.nl,2026-09-08 13:29:45
w32_d8_q10_physics_s1,32,8,10,physics,1,395.9,wn-lot-046.nikhef.nl,2026-09-08 13:29:44
w32_d8_q10_physics_s2,32,8,10,physics,2,537.2,wn-lot-004.nikhef.nl,2026-09-08 13:32:07
w32_d8_q12_data_s0,32,8,12,data,0,411.5,wn-lot-064.nikhef.nl,2026-09-08 13:29:59
w32_d8_q12_data_s1,32,8,12,data,1,399.8,wn-lot-055.nikhef.nl,2026-09-08 13:29:47
w32_d8_q12_data_s2,32,8,12,data,2,405.7,wn-lot-064.nikhef.nl,2026-09-08 13:29:53
w32_d8_q12_physics_s0,32,8,12,physics,0,403.8,wn-lot-064.nikhef.nl,2026-09-08 13:29:51
w32_d8_q12_physics_s1,32,8,12,physics,1,405,wn-lot-064.nikhef.nl,2026-09-08 13:29:52
w32_d8_q12_physics_s2,32,8,12,physics,2,403.5,wn-lot-055.nikhef.nl,2026-09-08 13:29:51
w32_d8_q14_data_s0,32,8,14,data,0,582.7,wn-lot-004.nikhef.nl,2026-09-08 13:32:52
w32_d8_q14_data_s1,32,8,14,data,1,406.2,wn-lot-064.nikhef.nl,2026-09-08 13:29:54
w32_d8_q14_data_s2,32,8,14,data,2,395.2,wn-lot-046.nikhef.nl,2026-09-08 13:29:43
w32_d8_q14_physics_s0,32,8,14,physics,0,405.2,wn-lot-055.nikhef.nl,2026-09-08 13:29:53
w32_d8_q14_physics_s1,32,8,14,physics,1,389.5,wn-lot-038.nikhef.nl,2026-09-08 13:29:37
w32_d8_q14_physics_s2,32,8,14,physics,2,391.7,wn-lot-049.nikhef.nl,2026-09-08 13:29:40
w32_d8_q16_data_s0,32,8,16,data,0,404.8,wn-lot-049.nikhef.nl,2026-09-08 13:29:53
w32_d8_q16_data_s1,32,8,16,data,1,530.4,wn-lot-004.nikhef.nl,2026-09-08 13:32:00
w32_d8_q16_data_s2,32,8,16,data,2,413.6,wn-lot-064.nikhef.nl,2026-09-08 13:30:01
w32_d8_q16_physics_s0,32,8,16,physics,0,400,wn-lot-055.nikhef.nl,2026-09-08 13:29:47
w32_d8_q16_physics_s1,32,8,16,physics,1,403,wn-lot-059.nikhef.nl,2026-09-08 13:29:51
w32_d8_q16_physics_s2,32,8,16,physics,2,404.8,wn-lot-038.nikhef.nl,2026-09-08 13:29:53
w32_d8_q18_data_s0,32,8,18,data,0,415.8,wn-lot-057.nikhef.nl,2026-09-08 13:30:05
w32_d8_q18_data_s1,32,8,18,data,1,406,wn-lot-038.nikhef.nl,2026-09-08 13:29:54
w32_d8_q18_data_s2,32,8,18,data,2,408.7,wn-lot-049.nikhef.nl,2026-09-08 13:29:57
w32_d8_q18_physics_s0,32,8,18,physics,0,410.3,wn-lot-046.nikhef.nl,2026-09-08 13:29:58
w32_d8_q18_physics_s1,32,8,18,physics,1,416,wn-lot-055.nikhef.nl,2026-09-08 13:30:03
w32_d8_q18_physics_s2,32,8,18,physics,2,401.8,wn-lot-059.nikhef.nl,2026-09-08 13:29:50
w32_d8_q20_data_s0,32,8,20,data,0,399.4,wn-knek-017.nikhef.nl,2026-09-08 13:29:50
w32_d8_q20_data_s1,32,8,20,data,1,394.1,wn-knek-013.nikhef.nl,2026-09-08 13:29:45
w32_d8_q20_data_s2,32,8,20,data,2,415.1,wn-lot-053.nikhef.nl,2026-09-08 13:30:05
w32_d8_q20_physics_s0,32,8,20,physics,0,421,wn-lot-064.nikhef.nl,2026-09-08 13:30:08
w32_d8_q20_physics_s1,32,8,20,physics,1,398.8,wn-lot-047.nikhef.nl,2026-09-08 13:29:49
w32_d8_q20_physics_s2,32,8,20,physics,2,413.8,wn-lot-044.nikhef.nl,2026-09-08 13:30:04
w64_d2_q02_data_s0,64,2,2,data,0,314.8,wn-lot-059.nikhef.nl,2026-09-08 13:28:23
w64_d2_q02_data_s1,64,2,2,data,1,317.5,wn-lot-057.nikhef.nl,2026-09-08 13:28:27
w64_d2_q02_data_s2,64,2,2,data,2,321.7,wn-lot-038.nikhef.nl,2026-09-08 13:28:30
w64_d2_q02_physics_s0,64,2,2,physics,0,317,wn-lot-046.nikhef.nl,2026-09-08 13:28:25
w64_d2_q02_physics_s1,64,2,2,physics,1,316.3,wn-lot-048.nikhef.nl,2026-09-08 13:28:27
w64_d2_q02_physics_s2,64,2,2,physics,2,323.4,wn-lot-055.nikhef.nl,2026-09-08 13:28:31
w64_d2_q04_data_s0,64,2,4,data,0,384.1,wn-sate-069.nikhef.nl,2026-09-08 13:29:37
w64_d2_q04_data_s1,64,2,4,data,1,240.8,wn-lot-062.nikhef.nl,2026-09-08 13:28:16
w64_d2_q04_data_s2,64,2,4,data,2,380.7,wn-sate-067.nikhef.nl,2026-09-08 13:30:36
w64_d2_q04_physics_s0,64,2,4,physics,0,315.5,wn-lot-049.nikhef.nl,2026-09-08 13:28:23
w64_d2_q04_physics_s1,64,2,4,physics,1,317.4,wn-lot-050.nikhef.nl,2026-09-08 13:28:28
w64_d2_q04_physics_s2,64,2,4,physics,2,318.4,wn-lot-045.nikhef.nl,2026-09-08 13:28:28
w64_d2_q06_data_s0,64,2,6,data,0,313.2,wn-knek-013.nikhef.nl,2026-09-08 13:29:28
w64_d2_q06_data_s1,64,2,6,data,1,312,wn-knek-003.nikhef.nl,2026-09-08 13:29:27
w64_d2_q06_data_s2,64,2,6,data,2,315.7,wn-knek-017.nikhef.nl,2026-09-08 13:29:30
w64_d2_q06_physics_s0,64,2,6,physics,0,382.6,wn-sate-065.nikhef.nl,2026-09-08 13:30:38
w64_d2_q06_physics_s1,64,2,6,physics,1,282.1,wn-lot-058.nikhef.nl,2026-09-08 13:28:58
w64_d2_q06_physics_s2,64,2,6,physics,2,316.4,wn-lot-050.nikhef.nl,2026-09-08 13:29:31
w64_d2_q08_data_s0,64,2,8,data,0,325,wn-knek-005.nikhef.nl,2026-09-08 13:29:40
w64_d2_q08_data_s1,64,2,8,data,1,301.1,wn-lot-061.nikhef.nl,2026-09-08 13:29:15
w64_d2_q08_data_s2,64,2,8,data,2,320.5,wn-lot-045.nikhef.nl,2026-09-08 13:29:33
w64_d2_q08_physics_s0,64,2,8,physics,0,314.1,wn-knek-009.nikhef.nl,2026-09-08 13:29:29
w64_d2_q08_physics_s1,64,2,8,physics,1,327.8,wn-lot-044.nikhef.nl,2026-09-08 13:29:42
w64_d2_q08_physics_s2,64,2,8,physics,2,325.9,wn-knek-004.nikhef.nl,2026-09-08 13:29:40
w64_d2_q10_data_s0,64,2,10,data,0,326.2,wn-knek-015.nikhef.nl,2026-09-08 13:29:39
w64_d2_q10_data_s1,64,2,10,data,1,333.9,wn-lot-047.nikhef.nl,2026-09-08 13:29:47
w64_d2_q10_data_s2,64,2,10,data,2,342,wn-lot-037.nikhef.nl,2026-09-08 13:29:55
w64_d2_q10_physics_s0,64,2,10,physics,0,335.9,wn-lot-038.nikhef.nl,2026-09-08 13:29:48
w64_d2_q10_physics_s1,64,2,10,physics,1,331,wn-lot-059.nikhef.nl,2026-09-08 13:29:44
w64_d2_q10_physics_s2,64,2,10,physics,2,334,wn-lot-048.nikhef.nl,2026-09-08 13:29:46
w64_d2_q12_data_s0,64,2,12,data,0,341.1,wn-lot-057.nikhef.nl,2026-09-08 13:29:52
w64_d2_q12_data_s1,64,2,12,data,1,336.8,wn-lot-053.nikhef.nl,2026-09-08 13:29:47
w64_d2_q12_data_s2,64,2,12,data,2,331.2,wn-lot-046.nikhef.nl,2026-09-08 13:29:41
w64_d2_q12_physics_s0,64,2,12,physics,0,344.4,wn-lot-055.nikhef.nl,2026-09-08 13:29:56
w64_d2_q12_physics_s1,64,2,12,physics,1,334.5,wn-lot-051.nikhef.nl,2026-09-08 13:29:45
w64_d2_q12_physics_s2,64,2,12,physics,2,432.7,wn-lot-003.nikhef.nl,2026-09-08 13:31:24
w64_d2_q14_data_s0,64,2,14,data,0,337.8,wn-lot-049.nikhef.nl,2026-09-08 13:29:46
w64_d2_q14_data_s1,64,2,14,data,1,340.7,wn-lot-064.nikhef.nl,2026-09-08 13:29:50
w64_d2_q14_data_s2,64,2,14,data,2,343.3,wn-lot-049.nikhef.nl,2026-09-08 13:29:51
w64_d2_q14_physics_s0,64,2,14,physics,0,448.6,wn-lot-004.nikhef.nl,2026-09-08 13:31:40
w64_d2_q14_physics_s1,64,2,14,physics,1,341.9,wn-lot-064.nikhef.nl,2026-09-08 13:29:51
w64_d2_q14_physics_s2,64,2,14,physics,2,343.7,wn-lot-049.nikhef.nl,2026-09-08 13:29:52
w64_d2_q16_data_s0,64,2,16,data,0,343,wn-lot-049.nikhef.nl,2026-09-08 13:29:51
w64_d2_q16_data_s1,64,2,16,data,1,459.2,wn-lot-004.nikhef.nl,2026-09-08 13:31:53
w64_d2_q16_data_s2,64,2,16,data,2,345.1,wn-lot-064.nikhef.nl,2026-09-08 13:29:54
w64_d2_q16_physics_s0,64,2,16,physics,0,454.6,wn-lot-004.nikhef.nl,2026-09-08 13:31:46
w64_d2_q16_physics_s1,64,2,16,physics,1,353.1,wn-lot-064.nikhef.nl,2026-09-08 13:30:02
w64_d2_q16_physics_s2,64,2,16,physics,2,337.4,wn-lot-046.nikhef.nl,2026-09-08 13:29:47
w64_d2_q18_data_s0,64,2,18,data,0,346.2,wn-lot-049.nikhef.nl,2026-09-08 13:29:54
w64_d2_q18_data_s1,64,2,18,data,1,437.2,wn-lot-003.nikhef.nl,2026-09-08 13:31:29
w64_d2_q18_data_s2,64,2,18,data,2,481.4,wn-lot-004.nikhef.nl,2026-09-08 13:32:12
w64_d2_q18_physics_s0,64,2,18,physics,0,342.3,wn-lot-053.nikhef.nl,2026-09-08 13:29:53
w64_d2_q18_physics_s1,64,2,18,physics,1,344.5,wn-lot-046.nikhef.nl,2026-09-08 13:29:54
w64_d2_q18_physics_s2,64,2,18,physics,2,337.5,wn-lot-057.nikhef.nl,2026-09-08 13:29:48
w64_d2_q20_data_s0,64,2,20,data,0,344.7,wn-lot-046.nikhef.nl,2026-09-08 13:29:54
w64_d2_q20_data_s1,64,2,20,data,1,342.8,wn-lot-055.nikhef.nl,2026-09-08 13:29:54
w64_d2_q20_data_s2,64,2,20,data,2,342.5,wn-lot-057.nikhef.nl,2026-09-08 13:29:53
w64_d2_q20_physics_s0,64,2,20,physics,0,348.6,wn-lot-051.nikhef.nl,2026-09-08 13:29:59
w64_d2_q20_physics_s1,64,2,20,physics,1,348.5,wn-lot-064.nikhef.nl,2026-09-08 13:29:58
w64_d2_q20_physics_s2,64,2,20,physics,2,357.6,wn-lot-053.nikhef.nl,2026-09-08 13:30:08
w64_d4_q02_data_s0,64,4,2,data,0,396.4,wn-lot-037.nikhef.nl,2026-09-08 13:30:49
w64_d4_q02_data_s1,64,4,2,data,1,395.6,wn-lot-064.nikhef.nl,2026-09-08 13:30:45
w64_d4_q02_data_s2,64,4,2,data,2,396.9,wn-lot-047.nikhef.nl,2026-09-08 13:30:50
w64_d4_q02_physics_s0,64,4,2,physics,0,395.2,wn-lot-049.nikhef.nl,2026-09-08 13:30:43
w64_d4_q02_physics_s1,64,4,2,physics,1,481.1,wn-lot-003.nikhef.nl,2026-09-08 13:32:13
w64_d4_q02_physics_s2,64,4,2,physics,2,379.7,wn-lot-051.nikhef.nl,2026-09-08 13:30:31
w64_d4_q04_data_s0,64,4,4,data,0,393.2,wn-lot-048.nikhef.nl,2026-09-08 13:30:46
w64_d4_q04_data_s1,64,4,4,data,1,405.5,wn-lot-055.nikhef.nl,2026-09-08 13:30:57
w64_d4_q04_data_s2,64,4,4,data,2,401,wn-lot-059.nikhef.nl,2026-09-08 13:30:54
w64_d4_q04_physics_s0,64,4,4,physics,0,381,wn-knek-015.nikhef.nl,2026-09-08 13:30:34
w64_d4_q04_physics_s1,64,4,4,physics,1,406.1,wn-lot-053.nikhef.nl,2026-09-08 13:30:57
w64_d4_q04_physics_s2,64,4,4,physics,2,396.9,wn-lot-046.nikhef.nl,2026-09-08 13:30:47
w64_d4_q06_data_s0,64,4,6,data,0,387.9,wn-lot-045.nikhef.nl,2026-09-08 13:30:40
w64_d4_q06_data_s1,64,4,6,data,1,337.9,wn-lot-060.nikhef.nl,2026-09-08 13:30:48
w64_d4_q06_data_s2,64,4,6,data,2,388.6,wn-lot-050.nikhef.nl,2026-09-08 13:31:37
w64_d4_q06_physics_s0,64,4,6,physics,0,411.5,wn-lot-057.nikhef.nl,2026-09-08 13:31:02
w64_d4_q06_physics_s1,64,4,6,physics,1,404.2,wn-lot-038.nikhef.nl,2026-09-08 13:30:57
w64_d4_q06_physics_s2,64,4,6,physics,2,410.5,wn-lot-049.nikhef.nl,2026-09-08 13:30:59
w64_d4_q08_data_s0,64,4,8,data,0,398.3,wn-lot-037.nikhef.nl,2026-09-08 13:31:48
w64_d4_q08_data_s1,64,4,8,data,1,391.3,wn-knek-005.nikhef.nl,2026-09-08 13:31:40
w64_d4_q08_data_s2,64,4,8,data,2,385.3,wn-knek-012.nikhef.nl,2026-09-08 13:31:34
w64_d4_q08_physics_s0,64,4,8,physics,0,387.3,wn-knek-015.nikhef.nl,2026-09-08 13:31:37
w64_d4_q08_physics_s1,64,4,8,physics,1,393.9,wn-lot-047.nikhef.nl,2026-09-08 13:31:43
w64_d4_q08_physics_s2,64,4,8,physics,2,411.3,wn-lot-064.nikhef.nl,2026-09-08 13:32:01
w64_d4_q10_data_s0,64,4,10,data,0,432.5,wn-knek-016.nikhef.nl,2026-09-08 13:32:23
w64_d4_q10_data_s1,64,4,10,data,1,470.3,wn-lot-003.nikhef.nl,2026-09-08 13:32:59
w64_d4_q10_data_s2,64,4,10,data,2,398.2,wn-lot-045.nikhef.nl,2026-09-08 13:31:45
w64_d4_q10_physics_s0,64,4,10,physics,0,404.1,wn-lot-057.nikhef.nl,2026-09-08 13:31:52
w64_d4_q10_physics_s1,64,4,10,physics,1,420.6,wn-lot-044.nikhef.nl,2026-09-08 13:32:09
w64_d4_q10_physics_s2,64,4,10,physics,2,389.2,wn-knek-008.nikhef.nl,2026-09-08 13:31:38
w64_d4_q12_data_s0,64,4,12,data,0,522.9,wn-lot-004.nikhef.nl,2026-09-08 13:33:50
w64_d4_q12_data_s1,64,4,12,data,1,426.1,wn-lot-055.nikhef.nl,2026-09-08 13:32:12
w64_d4_q12_data_s2,64,4,12,data,2,414.1,wn-lot-048.nikhef.nl,2026-09-08 13:32:00
w64_d4_q12_physics_s0,64,4,12,physics,0,423.8,wn-lot-049.nikhef.nl,2026-09-08 13:32:11
w64_d4_q12_physics_s1,64,4,12,physics,1,416.7,wn-lot-059.nikhef.nl,2026-09-08 13:32:04
w64_d4_q12_physics_s2,64,4,12,physics,2,407.3,wn-lot-038.nikhef.nl,2026-09-08 13:31:54
w64_d4_q14_data_s0,64,4,14,data,0,425.7,wn-lot-055.nikhef.nl,2026-09-08 13:32:11
w64_d4_q14_data_s1,64,4,14,data,1,538.4,wn-lot-004.nikhef.nl,2026-09-08 13:34:06
w64_d4_q14_data_s2,64,4,14,data,2,420.8,wn-lot-053.nikhef.nl,2026-09-08 13:32:07
w64_d4_q14_physics_s0,64,4,14,physics,0,410.9,wn-lot-053.nikhef.nl,2026-09-08 13:31:57
w64_d4_q14_physics_s1,64,4,14,physics,1,407,wn-lot-053.nikhef.nl,2026-09-08 13:31:53
w64_d4_q14_physics_s2,64,4,14,physics,2,415.6,wn-lot-048.nikhef.nl,2026-09-08 13:32:01
w64_d4_q16_data_s0,64,4,16,data,0,530.9,wn-lot-004.nikhef.nl,2026-09-08 13:33:58
w64_d4_q16_data_s1,64,4,16,data,1,423.3,wn-lot-053.nikhef.nl,2026-09-08 13:32:09
w64_d4_q16_data_s2,64,4,16,data,2,416.5,wn-lot-048.nikhef.nl,2026-09-08 13:32:02
w64_d4_q16_physics_s0,64,4,16,physics,0,408.1,wn-lot-048.nikhef.nl,2026-09-08 13:31:54
w64_d4_q16_physics_s1,64,4,16,physics,1,419.3,wn-lot-055.nikhef.nl,2026-09-08 13:32:05
w64_d4_q16_physics_s2,64,4,16,physics,2,418.7,wn-lot-038.nikhef.nl,2026-09-08 13:32:05
w64_d4_q18_data_s0,64,4,18,data,0,420.3,wn-lot-049.nikhef.nl,2026-09-08 13:32:07
w64_d4_q18_data_s1,64,4,18,data,1,415.3,wn-lot-045.nikhef.nl,2026-09-08 13:32:02
w64_d4_q18_data_s2,64,4,18,data,2,512.4,wn-lot-003.nikhef.nl,2026-09-08 13:33:41
w64_d4_q18_physics_s0,64,4,18,physics,0,432.9,wn-lot-055.nikhef.nl,2026-09-08 13:32:19
w64_d4_q18_physics_s1,64,4,18,physics,1,425.9,wn-lot-059.nikhef.nl,2026-09-08 13:32:13
w64_d4_q18_physics_s2,64,4,18,physics,2,417.9,wn-lot-038.nikhef.nl,2026-09-08 13:32:04
w64_d4_q20_data_s0,64,4,20,data,0,413.2,wn-lot-053.nikhef.nl,2026-09-08 13:31:59
w64_d4_q20_data_s1,64,4,20,data,1,409.9,wn-lot-048.nikhef.nl,2026-09-08 13:31:56
w64_d4_q20_data_s2,64,4,20,data,2,417.1,wn-lot-055.nikhef.nl,2026-09-08 13:32:03
w64_d4_q20_physics_s0,64,4,20,physics,0,428.5,wn-knek-016.nikhef.nl,2026-09-08 13:32:19
w64_d4_q20_physics_s1,64,4,20,physics,1,403.4,wn-knek-008.nikhef.nl,2026-09-08 13:31:52
w64_d4_q20_physics_s2,64,4,20,physics,2,434.8,wn-lot-044.nikhef.nl,2026-09-08 13:32:23
w64_d8_q02_data_s0,64,8,2,data,0,550.1,wn-lot-049.nikhef.nl,2026-09-08 13:34:17
w64_d8_q02_data_s1,64,8,2,data,1,532.6,wn-lot-045.nikhef.nl,2026-09-08 13:33:59
w64_d8_q02_data_s2,64,8,2,data,2,504.8,wn-knek-012.nikhef.nl,2026-09-08 13:33:34
w64_d8_q02_physics_s0,64,8,2,physics,0,546.7,wn-lot-059.nikhef.nl,2026-09-08 13:34:14
w64_d8_q02_physics_s1,64,8,2,physics,1,546.3,wn-lot-057.nikhef.nl,2026-09-08 13:34:14
w64_d8_q02_physics_s2,64,8,2,physics,2,552.9,wn-lot-038.nikhef.nl,2026-09-08 13:34:19
w64_d8_q04_data_s0,64,8,4,data,0,542.4,wn-lot-046.nikhef.nl,2026-09-08 13:35:12
w64_d8_q04_data_s1,64,8,4,data,1,527.5,wn-knek-013.nikhef.nl,2026-09-08 13:34:57
w64_d8_q04_data_s2,64,8,4,data,2,559,wn-lot-064.nikhef.nl,2026-09-08 13:35:28
w64_d8_q04_physics_s0,64,8,4,physics,0,369.9,wn-lot-009.nikhef.nl,2026-09-08 13:31:39
w64_d8_q04_physics_s1,64,8,4,physics,1,375,wn-lot-009.nikhef.nl,2026-09-08 13:32:00
w64_d8_q04_physics_s2,64,8,4,physics,2,606.5,wn-sate-061.nikhef.nl,2026-09-08 13:36:17
w64_d8_q06_data_s0,64,8,6,data,0,537.2,wn-lot-045.nikhef.nl,2026-09-08 13:35:06
w64_d8_q06_data_s1,64,8,6,data,1,554.5,wn-lot-049.nikhef.nl,2026-09-08 13:35:23
w64_d8_q06_data_s2,64,8,6,data,2,543.7,wn-lot-048.nikhef.nl,2026-09-08 13:35:12
w64_d8_q06_physics_s0,64,8,6,physics,0,540.8,wn-lot-037.nikhef.nl,2026-09-08 13:35:10
w64_d8_q06_physics_s1,64,8,6,physics,1,541.9,wn-lot-051.nikhef.nl,2026-09-08 13:35:12
w64_d8_q06_physics_s2,64,8,6,physics,2,509.8,wn-knek-012.nikhef.nl,2026-09-08 13:34:38
w64_d8_q08_data_s0,64,8,8,data,0,554.5,wn-lot-038.nikhef.nl,2026-09-08 13:35:22
w64_d8_q08_data_s1,64,8,8,data,1,555.1,wn-lot-057.nikhef.nl,2026-09-08 13:35:22
w64_d8_q08_data_s2,64,8,8,data,2,555.6,wn-lot-055.nikhef.nl,2026-09-08 13:35:23
w64_d8_q08_physics_s0,64,8,8,physics,0,522.9,wn-knek-001.nikhef.nl,2026-09-08 13:34:53
w64_d8_q08_physics_s1,64,8,8,physics,1,525,wn-knek-004.nikhef.nl,2026-09-08 13:34:54
w64_d8_q08_physics_s2,64,8,8,physics,2,523,wn-knek-005.nikhef.nl,2026-09-08 13:34:51
w64_d8_q10_data_s0,64,8,10,data,0,551.5,wn-lot-059.nikhef.nl,2026-09-08 13:35:17
w64_d8_q10_data_s1,64,8,10,data,1,555.5,wn-lot-044.nikhef.nl,2026-09-08 13:35:21
w64_d8_q10_data_s2,64,8,10,data,2,552.4,wn-lot-044.nikhef.nl,2026-09-08 13:35:18
w64_d8_q10_physics_s0,64,8,10,physics,0,544.3,wn-lot-047.nikhef.nl,2026-09-08 13:35:11
w64_d8_q10_physics_s1,64,8,10,physics,1,556.1,wn-lot-053.nikhef.nl,2026-09-08 13:35:23
w64_d8_q10_physics_s2,64,8,10,physics,2,674.7,wn-lot-004.nikhef.nl,2026-09-08 13:37:22
w64_d8_q12_data_s0,64,8,12,data,0,542.9,wn-lot-053.nikhef.nl,2026-09-08 13:35:10
w64_d8_q12_data_s1,64,8,12,data,1,566.4,wn-lot-059.nikhef.nl,2026-09-08 13:35:32
w64_d8_q12_data_s2,64,8,12,data,2,704.3,wn-lot-004.nikhef.nl,2026-09-08 13:37:52
w64_d8_q12_physics_s0,64,8,12,physics,0,560.4,wn-lot-059.nikhef.nl,2026-09-08 13:35:26
w64_d8_q12_physics_s1,64,8,12,physics,1,677.7,wn-lot-004.nikhef.nl,2026-09-08 13:37:25
w64_d8_q12_physics_s2,64,8,12,physics,2,560.8,wn-lot-044.nikhef.nl,2026-09-08 13:35:26
w64_d8_q14_data_s0,64,8,14,data,0,577,wn-lot-055.nikhef.nl,2026-09-08 13:35:44
w64_d8_q14_data_s1,64,8,14,data,1,568.2,wn-lot-059.nikhef.nl,2026-09-08 13:35:33
w64_d8_q14_data_s2,64,8,14,data,2,568.1,wn-lot-057.nikhef.nl,2026-09-08 13:35:35
w64_d8_q14_physics_s0,64,8,14,physics,0,544.5,wn-lot-047.nikhef.nl,2026-09-08 13:35:11
w64_d8_q14_physics_s1,64,8,14,physics,1,553.6,wn-lot-044.nikhef.nl,2026-09-08 13:35:19
w64_d8_q14_physics_s2,64,8,14,physics,2,548.2,wn-lot-053.nikhef.nl,2026-09-08 13:35:15
w64_d8_q16_data_s0,64,8,16,data,0,563.9,wn-lot-047.nikhef.nl,2026-09-08 13:35:30
w64_d8_q16_data_s1,64,8,16,data,1,562.7,wn-lot-044.nikhef.nl,2026-09-08 13:35:28
w64_d8_q16_data_s2,64,8,16,data,2,530.3,wn-knek-001.nikhef.nl,2026-09-08 13:35:01
w64_d8_q16_physics_s0,64,8,16,physics,0,579.7,wn-lot-038.nikhef.nl,2026-09-08 13:35:47
w64_d8_q16_physics_s1,64,8,16,physics,1,537.5,wn-knek-005.nikhef.nl,2026-09-08 13:35:06
w64_d8_q16_physics_s2,64,8,16,physics,2,545.1,wn-knek-004.nikhef.nl,2026-09-08 13:35:14
w64_d8_q18_data_s0,64,8,18,data,0,563.5,wn-lot-059.nikhef.nl,2026-09-08 13:35:29
w64_d8_q18_data_s1,64,8,18,data,1,573,wn-lot-057.nikhef.nl,2026-09-08 13:35:40
w64_d8_q18_data_s2,64,8,18,data,2,570.7,wn-lot-038.nikhef.nl,2026-09-08 13:35:38
w64_d8_q18_physics_s0,64,8,18,physics,0,571,wn-lot-053.nikhef.nl,2026-09-08 13:35:38
w64_d8_q18_physics_s1,64,8,18,physics,1,553.9,wn-lot-048.nikhef.nl,2026-09-08 13:35:22
w64_d8_q18_physics_s2,64,8,18,physics,2,581.9,wn-lot-055.nikhef.nl,2026-09-08 13:35:49
w64_d8_q20_data_s0,64,8,20,data,0,500,wn-lot-061.nikhef.nl,2026-09-08 13:34:31
w64_d8_q20_data_s1,64,8,20,data,1,531.7,wn-knek-009.nikhef.nl,2026-09-08 13:35:13
w64_d8_q20_data_s2,64,8,20,data,2,533.2,wn-knek-012.nikhef.nl,2026-09-08 13:35:13
w64_d8_q20_physics_s0,64,8,20,physics,0,577.5,wn-lot-049.nikhef.nl,2026-09-08 13:35:46
w64_d8_q20_physics_s1,64,8,20,physics,1,573.1,wn-lot-045.nikhef.nl,2026-09-08 13:35:42
w64_d8_q20_physics_s2,64,8,20,physics,2,528.9,wn-knek-012.nikhef.nl,2026-09-08 13:34:57
