rank,tag,arch,width,depth,q,mode,seed,best_column,best_median_um,single_step_full_crossing_um,n_parameters,multiply_adds,col_0.1_mm,col_1_mm,col_10_mm,col_100_mm,col_1000_mm,col_full_crossing
1,w128_d8_q14_physics_s0,8x128,128,8,14,physics,0,full crossing,549.323,673.202,124348,123264,188321,171971,120584,9040.77,2692.15,549.323
2,w128_d8_q12_physics_s2,8x128,128,8,12,physics,2,full crossing,572.562,677.336,123316,122240,165647,178225,120202,10953.1,2214.08,572.562
3,w128_d8_q18_physics_s0,8x128,128,8,18,physics,0,full crossing,590.349,673.724,126412,125312,131875,120557,84479.6,10708.1,2251.02,590.349
4,w64_d8_q18_physics_s1,8x64,64,8,18,physics,1,full crossing,592.09,647.261,34572,33984,241615,221823,155211,9201.8,2053.18,592.09
5,w256_d8_q18_physics_s1,8x256,256,8,18,physics,1,full crossing,593.911,592.895,482124,480000,146557,142378,100332,13865.4,2187.59,593.911
6,w256_d8_q14_physics_s2,8x256,256,8,14,physics,2,full crossing,612.244,621.325,478012,475904,121147,116311,86657.3,11770.1,2281.83,612.244
7,w256_d8_q18_physics_s2,8x256,256,8,18,physics,2,full crossing,613.805,592.895,482124,480000,209855,199287,135041,11737.1,2172.87,613.805
8,w256_d8_q12_physics_s2,8x256,256,8,12,physics,2,full crossing,623.397,645.284,475956,473856,108343,103964,78379.8,7367.94,2136.08,623.397
9,w128_d8_q16_physics_s1,8x128,128,8,16,physics,1,full crossing,634.655,631.616,125380,124288,127948,122398,88149.4,7925.53,2558.82,634.655
10,w128_d8_q20_physics_s2,8x128,128,8,20,physics,2,full crossing,642.56,648.301,127444,126336,285074,275019,169614,8768.27,2930.41,642.56
11,w128_d8_q10_physics_s0,8x128,128,8,10,physics,0,full crossing,642.732,658.747,122284,121216,169780,156889,100787,8095.05,2648.76,642.732
12,w64_d8_q20_physics_s0,8x64,64,8,20,physics,0,full crossing,642.732,638.527,35092,34496,179141,173051,109998,10328.1,2440.97,642.732
13,w256_d8_q20_physics_s1,8x256,256,8,20,physics,1,full crossing,646.463,655.726,484180,482048,130241,130505,98727.2,11841.5,2750.18,646.463
14,w256_d8_q16_physics_s1,8x256,256,8,16,physics,1,full crossing,647.571,669.552,480068,477952,106734,104942,75369,14561.5,2402.73,647.571
15,w256_d8_q08_physics_s1,8x256,256,8,8,physics,1,full crossing,652.628,659.571,471844,469760,136013,148180,104416,11645.9,2333.73,652.628
16,w128_d8_q20_physics_s0,8x128,128,8,20,physics,0,full crossing,655.243,648.301,127444,126336,138308,127132,92760.2,11977,2707,655.243
17,w64_d8_q18_physics_s0,8x64,64,8,18,physics,0,full crossing,657.655,647.261,34572,33984,223873,217896,151782,9098.66,1993.76,657.655
18,w256_d8_q14_physics_s1,8x256,256,8,14,physics,1,full crossing,660.471,621.325,478012,475904,192785,229221,162973,15267,2421.47,660.471
19,w256_d8_q20_physics_s0,8x256,256,8,20,physics,0,full crossing,662.336,655.726,484180,482048,128114,124086,97126.6,11158,2572.73,662.336
20,w256_d4_q10_physics_s0,4x256,256,4,10,physics,0,full crossing,666.643,814.932,210732,209664,190240,171759,138813,18398.4,2716.71,666.643
21,w128_d4_q16_physics_s1,4x128,128,4,16,physics,1,full crossing,666.702,729.159,59332,58752,213581,205159,163555,20345.5,2838.78,666.702
22,w64_d8_q08_physics_s0,8x64,64,8,8,physics,0,full crossing,675.205,685.532,31972,31424,157502,141712,99151.4,10872.5,2758.16,675.205
23,w64_d4_q16_physics_s2,4x64,64,4,16,physics,2,full crossing,675.582,765.959,17412,17088,256213,249861,193522,14528.5,2770.15,675.582
24,w128_d8_q16_physics_s0,8x128,128,8,16,physics,0,full crossing,678.339,631.616,125380,124288,164390,147271,94632.4,9281.42,2094.69,678.339
25,w128_d8_q08_physics_s0,8x128,128,8,8,physics,0,full crossing,684.154,771.173,121252,120192,116487,103296,73011.3,10654.5,2289.31,684.154
26,w64_d8_q20_physics_s1,8x64,64,8,20,physics,1,full crossing,687.187,638.527,35092,34496,139288,131547,92854.7,11466.3,2359.32,687.187
27,w128_d4_q12_physics_s2,4x128,128,4,12,physics,2,full crossing,687.755,775.665,57268,56704,305982,288914,212807,20129.8,3016.95,687.755
28,w256_d8_q16_physics_s0,8x256,256,8,16,physics,0,full crossing,690.305,669.552,480068,477952,164969,161090,120375,9956.42,2165.88,690.305
29,w256_d8_q18_physics_s0,8x256,256,8,18,physics,0,full crossing,691.828,592.895,482124,480000,129794,116822,84092.5,12412.5,2348.79,691.828
30,w128_d8_q12_physics_s0,8x128,128,8,12,physics,0,full crossing,692.847,677.336,123316,122240,153018,144381,101405,12359.7,2512.89,692.847
31,w128_d8_q10_physics_s1,8x128,128,8,10,physics,1,full crossing,694.214,658.747,122284,121216,320355,308831,188958,11892.3,2994.81,694.214
32,w64_d4_q12_physics_s0,4x64,64,4,12,physics,0,full crossing,695.238,725.973,16372,16064,290479,304407,228662,13277.1,3036,695.238
33,w64_d8_q08_physics_s1,8x64,64,8,8,physics,1,full crossing,695.497,685.532,31972,31424,107953,103239,77816.7,7101.2,2556.97,695.497
34,w64_d8_q10_physics_s1,8x64,64,8,10,physics,1,full crossing,697.285,739.572,32492,31936,129185,121383,94800.6,10276.1,2024.76,697.285
35,w128_d8_q16_physics_s2,8x128,128,8,16,physics,2,full crossing,699.332,631.616,125380,124288,101191,100357,67850.7,12775.6,2221.62,699.332
36,w128_d8_q14_physics_s1,8x128,128,8,14,physics,1,full crossing,699.841,673.202,124348,123264,170306,177134,125224,7807.87,2509.71,699.841
37,w128_d4_q14_physics_s1,4x128,128,4,14,physics,1,full crossing,701.846,777.561,58300,57728,184827,179351,144345,16948.5,2583.15,701.846
38,w32_d8_q18_physics_s0,8x32,32,8,18,physics,0,full crossing,702.109,750.273,10156,9824,503616,497213,374685,8014.97,3531.65,702.109
39,w256_d8_q12_physics_s1,8x256,256,8,12,physics,1,full crossing,703.262,645.284,475956,473856,178074,185371,136005,14218.1,2330.57,703.262
40,w256_d8_q08_physics_s2,8x256,256,8,8,physics,2,full crossing,704.623,659.571,471844,469760,79270.5,76716.8,59202.9,8779.22,1998.63,704.623
41,w64_d8_q06_physics_s1,8x64,64,8,6,physics,1,full crossing,704.985,763.304,31452,30912,246434,250206,177052,7298.65,2862.23,704.985
42,w32_d8_q08_physics_s2,8x32,32,8,8,physics,2,full crossing,707.958,767.225,8836,8544,140738,135733,98500.9,9515.69,2771.92,707.958
43,w64_d8_q12_physics_s0,8x64,64,8,12,physics,0,full crossing,709.961,701.515,33012,32448,170805,155842,108172,9349.09,2281.37,709.961
44,w128_d8_q20_physics_s1,8x128,128,8,20,physics,1,full crossing,710.218,648.301,127444,126336,115166,107704,77254.6,12787.6,2356.15,710.218
45,w256_d8_q10_physics_s2,8x256,256,8,10,physics,2,full crossing,714.443,747.224,473900,471808,92017.5,87974.6,67901.4,8900.25,2166.21,714.443
46,w128_d8_q18_physics_s1,8x128,128,8,18,physics,1,full crossing,716.673,673.724,126412,125312,198129,174981,113362,8780.39,2561.14,716.673
47,w128_d4_q20_physics_s0,4x128,128,4,20,physics,0,full crossing,717.685,770.915,61396,60800,314926,287751,209481,11045.2,2603.11,717.685
48,w128_d4_q16_physics_s2,4x128,128,4,16,physics,2,full crossing,719.132,729.159,59332,58752,168184,167988,136512,15423.1,2952.68,719.132
49,w32_d4_q16_physics_s1,4x32,32,4,16,physics,1,full crossing,719.579,910.23,5668,5472,236344,238723,182407,20909.9,2758.75,719.579
50,w256_d8_q20_physics_s2,8x256,256,8,20,physics,2,full crossing,721.326,655.726,484180,482048,108652,100754,77434.8,12444.3,2402.6,721.326
51,w64_d4_q20_physics_s1,4x64,64,4,20,physics,1,full crossing,721.586,734.906,18452,18112,173301,174054,131788,11749.6,2894.78,721.586
52,w32_d8_q14_physics_s2,8x32,32,8,14,physics,2,full crossing,724.395,734.199,9628,9312,133688,126844,85945.1,9914.11,2757.54,724.395
53,w128_d8_q18_physics_s2,8x128,128,8,18,physics,2,full crossing,724.635,673.724,126412,125312,160045,158117,112288,11003.5,2120.11,724.635
54,w128_d8_q12_physics_s1,8x128,128,8,12,physics,1,full crossing,725.851,677.336,123316,122240,147957,139685,100937,10377,3193.91,725.851
55,w256_d4_q16_physics_s1,4x256,256,4,16,physics,1,full crossing,729.373,779.861,216900,215808,232328,248249,191449,14932,2635.57,729.373
56,w256_d8_q08_physics_s0,8x256,256,8,8,physics,0,full crossing,731.031,659.571,471844,469760,160197,155193,103346,13860.5,2883.68,731.031
57,w32_d8_q16_physics_s0,8x32,32,8,16,physics,0,full crossing,731.334,724.493,9892,9568,285270,273024,191978,12045.5,2651.64,731.334
58,w256_d8_q14_physics_s0,8x256,256,8,14,physics,0,full crossing,731.564,621.325,478012,475904,141758,138524,102881,13431.5,3113.03,731.564
59,w64_d4_q18_physics_s1,4x64,64,4,18,physics,1,full crossing,733.385,769.52,17932,17600,146606,140373,113807,21301.1,2757.77,733.385
60,w128_d4_q18_physics_s0,4x128,128,4,18,physics,0,full crossing,733.909,717.68,60364,59776,210962,203504,159153,17526.5,2259.38,733.909
61,w128_d4_q06_physics_s0,4x128,128,4,6,physics,0,full crossing,734.322,770.279,54172,53632,341201,304932,234474,10785.8,3281.47,734.322
62,w256_d4_q20_physics_s1,4x256,256,4,20,physics,1,full crossing,735.165,733.908,221012,219904,184685,185777,152375,18682.3,3087.04,735.165
63,w64_d4_q08_physics_s1,4x64,64,4,8,physics,1,full crossing,735.84,775.723,15332,15040,273362,267334,194228,18403.6,2523.86,735.84
64,w64_d8_q16_physics_s2,8x64,64,8,16,physics,2,full crossing,735.96,751.936,34052,33472,252375,280959,191778,9427.49,2717.9,735.96
65,w32_d8_q10_physics_s1,8x32,32,8,10,physics,1,full crossing,737.007,773.468,9100,8800,153391,139769,95443.5,11512.7,2245.16,737.007
66,w128_d8_q06_physics_s0,8x128,128,8,6,physics,0,full crossing,739.313,739.256,120220,119168,208122,188678,130963,14831.9,2431.85,739.313
67,w256_d4_q12_physics_s1,4x256,256,4,12,physics,1,full crossing,739.476,790.557,212788,211712,178406,182950,149655,13670.5,2987.63,739.476
68,w128_d8_q14_physics_s2,8x128,128,8,14,physics,2,full crossing,741.097,673.202,124348,123264,135626,134904,101495,13713.5,2735.07,741.097
69,w64_d8_q12_physics_s1,8x64,64,8,12,physics,1,full crossing,741.739,701.515,33012,32448,233950,215969,138005,5607.16,2098.55,741.739
70,w64_d8_q18_physics_s2,8x64,64,8,18,physics,2,full crossing,741.837,647.261,34572,33984,191313,204428,153063,11913.2,2379.97,741.837
71,w32_d8_q06_physics_s1,8x32,32,8,6,physics,1,full crossing,741.997,878.39,8572,8288,163927,145912,86380.4,9210.96,2488.6,741.997
72,w256_d8_q16_physics_s2,8x256,256,8,16,physics,2,full crossing,742.15,669.552,480068,477952,112156,109308,85123.1,8652.74,2544.2,742.15
73,w128_d4_q10_physics_s2,4x128,128,4,10,physics,2,full crossing,743.117,721.712,56236,55680,276222,259617,190595,14976.2,3115.79,743.117
74,w64_d4_q12_physics_s2,4x64,64,4,12,physics,2,full crossing,743.708,725.973,16372,16064,152337,144054,114895,15160.3,2826.51,743.708
75,w32_d8_q20_physics_s2,8x32,32,8,20,physics,2,full crossing,746.717,732.345,10420,10080,230436,235207,158665,9079.86,3125.18,746.717
76,w128_d4_q18_physics_s1,4x128,128,4,18,physics,1,full crossing,747.212,717.68,60364,59776,186050,176840,140384,16634.5,2807.83,747.212
77,w32_d8_q16_physics_s2,8x32,32,8,16,physics,2,full crossing,749.268,724.493,9892,9568,215234,226638,156067,8292.83,2674.47,749.268
78,w32_d8_q16_physics_s1,8x32,32,8,16,physics,1,full crossing,749.683,724.493,9892,9568,176172,155914,111066,9394.28,2777.62,749.683
79,w256_d4_q08_physics_s1,4x256,256,4,8,physics,1,full crossing,749.916,758.936,208676,207616,171453,174068,144784,15421.6,2541.41,749.916
80,w64_d4_q14_physics_s2,4x64,64,4,14,physics,2,full crossing,750.692,813.764,16892,16576,123029,123019,96575.5,18782.7,2460.72,750.692
81,w32_d8_q20_physics_s1,8x32,32,8,20,physics,1,full crossing,751.889,732.345,10420,10080,173657,176052,120696,11766.7,3109.91,751.889
82,w256_d8_q06_physics_s1,8x256,256,8,6,physics,1,full crossing,752.411,769.391,469788,467712,100282,94234.5,68546.8,9668.1,2769.37,752.411
83,w32_d8_q20_physics_s0,8x32,32,8,20,physics,0,full crossing,755.566,732.345,10420,10080,359908,367242,261930,13198.7,2637.47,755.566
84,w32_d8_q14_physics_s0,8x32,32,8,14,physics,0,full crossing,756.828,734.199,9628,9312,665870,632188,485322,12692.3,3037.64,756.828
85,w64_d8_q10_physics_s0,8x64,64,8,10,physics,0,full crossing,758.32,739.572,32492,31936,365385,329250,195150,10188.7,1960.25,758.32
86,w64_d8_q08_physics_s2,8x64,64,8,8,physics,2,full crossing,760.192,685.532,31972,31424,150922,134233,86882.3,9764.05,2245.75,760.192
87,w128_d4_q08_physics_s1,4x128,128,4,8,physics,1,full crossing,760.39,800.829,55204,54656,181173,174394,139266,16959.2,2852.03,760.39
88,w64_d8_q14_physics_s0,8x64,64,8,14,physics,0,full crossing,760.48,739.493,33532,32960,144691,129875,85855.9,14470.1,2987.68,760.48
89,w128_d4_q10_physics_s1,4x128,128,4,10,physics,1,full crossing,762.531,721.712,56236,55680,145469,135847,108377,18401.3,2882.37,762.531
90,w64_d8_q14_physics_s1,8x64,64,8,14,physics,1,full crossing,763.106,739.493,33532,32960,130841,118781,90206.4,13569,2425.16,763.106
91,w256_d8_q12_physics_s0,8x256,256,8,12,physics,0,full crossing,765.335,645.284,475956,473856,161676,160960,111411,13108.9,2706.06,765.335
92,w256_d8_q10_physics_s0,8x256,256,8,10,physics,0,full crossing,765.369,747.224,473900,471808,177326,154004,96483.9,9639.07,2516.72,765.369
93,w256_d4_q14_physics_s0,4x256,256,4,14,physics,0,full crossing,765.588,794.07,214844,213760,151771,149406,121943,18492.3,2572.2,765.588
94,w256_d8_q10_physics_s1,8x256,256,8,10,physics,1,full crossing,766.075,747.224,473900,471808,160984,161690,115600,11728.2,2740.03,766.075
95,w64_d4_q20_physics_s0,4x64,64,4,20,physics,0,full crossing,766.656,734.906,18452,18112,213587,207060,149318,14329.5,2602.79,766.656
96,w64_d4_q10_physics_s1,4x64,64,4,10,physics,1,full crossing,767.377,736.464,15852,15552,309882,317039,245141,15833.4,2823.12,767.377
97,w64_d8_q16_physics_s1,8x64,64,8,16,physics,1,full crossing,768.99,751.936,34052,33472,139942,138918,101183,14458.7,2606.34,768.99
98,w128_d4_q10_physics_s0,4x128,128,4,10,physics,0,full crossing,769.673,721.712,56236,55680,183237,182539,148168,18930.2,3147.92,769.673
99,w32_d8_q18_physics_s2,8x32,32,8,18,physics,2,full crossing,769.696,750.273,10156,9824,160326,170287,106177,9048.11,2594.45,769.696
100,w64_d4_q10_physics_s0,4x64,64,4,10,physics,0,full crossing,771.859,736.464,15852,15552,542684,516224,367210,13729,3116.67,771.859
101,w32_d8_q12_physics_s0,8x32,32,8,12,physics,0,full crossing,772.99,843.958,9364,9056,347691,354313,272533,14996.1,2190.83,772.99
102,w64_d4_q16_physics_s0,4x64,64,4,16,physics,0,full crossing,775.436,765.959,17412,17088,211729,204965,155782,20010,3258.36,775.436
103,w128_d4_q16_physics_s0,4x128,128,4,16,physics,0,full crossing,777.221,729.159,59332,58752,271897,261023,203986,13999.7,2860.33,777.221
104,w64_d8_q06_physics_s2,8x64,64,8,6,physics,2,full crossing,778.182,763.304,31452,30912,169264,156770,98122.6,8116.85,2701.54,778.182
105,w256_d4_q20_physics_s2,4x256,256,4,20,physics,2,full crossing,778.295,733.908,221012,219904,162499,155444,120275,12581.8,2828.28,778.295
106,w32_d8_q08_physics_s1,8x32,32,8,8,physics,1,full crossing,778.775,767.225,8836,8544,301205,286501,171006,8981.24,2574.52,778.775
107,w64_d4_q06_physics_s2,4x64,64,4,6,physics,2,full crossing,781.231,754.649,14812,14528,237358,240406,178045,16982.9,2914.66,781.231
108,w128_d4_q18_physics_s2,4x128,128,4,18,physics,2,full crossing,782.304,717.68,60364,59776,165012,160867,130156,17589.7,2825.99,782.304
109,w256_d4_q18_physics_s1,4x256,256,4,18,physics,1,full crossing,782.351,788.341,218956,217856,211961,212070,168096,13921.5,2538.2,782.351
110,w128_d4_q06_physics_s1,4x128,128,4,6,physics,1,full crossing,782.869,770.279,54172,53632,163645,173807,141798,12427.2,2851.46,782.869
111,w256_d4_q08_physics_s2,4x256,256,4,8,physics,2,full crossing,785.145,758.936,208676,207616,210185,196889,149652,11784.2,2854.19,785.145
112,w64_d4_q16_physics_s1,4x64,64,4,16,physics,1,full crossing,785.257,765.959,17412,17088,175588,176442,142951,16763.3,3100.23,785.257
113,w32_d4_q08_physics_s1,4x32,32,4,8,physics,1,full crossing,785.85,920.105,4612,4448,302970,284306,198528,12569.8,2575.66,785.85
114,w64_d8_q16_physics_s0,8x64,64,8,16,physics,0,full crossing,787.103,751.936,34052,33472,193742,191933,137916,10867.4,2555.35,787.103
115,w128_d4_q12_physics_s0,4x128,128,4,12,physics,0,full crossing,787.115,775.665,57268,56704,161272,151752,122397,20021.3,2980.46,787.115
116,w128_d8_q06_physics_s2,8x128,128,8,6,physics,2,full crossing,787.843,739.256,120220,119168,130008,135965,104739,9823.75,2502.42,787.843
117,w256_d4_q20_physics_s0,4x256,256,4,20,physics,0,full crossing,789.288,733.908,221012,219904,162626,157942,127055,16441.5,2720.44,789.288
118,w64_d4_q06_physics_s0,4x64,64,4,6,physics,0,full crossing,790.605,754.649,14812,14528,192555,191026,150954,20870.2,3207.97,790.605
119,w128_d4_q14_physics_s2,4x128,128,4,14,physics,2,full crossing,794.506,777.561,58300,57728,205600,198955,151471,16551,3099.46,794.506
120,w64_d4_q18_physics_s0,4x64,64,4,18,physics,0,full crossing,795.13,769.52,17932,17600,171308,165327,125285,14166.7,2642.35,795.13
121,w256_d4_q08_physics_s0,4x256,256,4,8,physics,0,full crossing,795.281,758.936,208676,207616,246741,236590,172124,10478.5,3197.71,795.281
122,w256_d4_q18_physics_s0,4x256,256,4,18,physics,0,full crossing,795.431,788.341,218956,217856,155649,145615,124804,18211.3,3667.34,795.431
123,w64_d8_q14_physics_s2,8x64,64,8,14,physics,2,full crossing,798.601,739.493,33532,32960,394807,365378,204526,11605.1,2103.53,798.601
124,w128_d8_q10_physics_s2,8x128,128,8,10,physics,2,full crossing,799.744,658.747,122284,121216,296801,286905,173632,8559.41,2606.6,799.744
125,w128_d8_q08_physics_s2,8x128,128,8,8,physics,2,full crossing,801.029,771.173,121252,120192,159983,172927,123852,9255.1,2509.55,801.029
126,w128_d2_q20_physics_s1,2x128,128,2,20,physics,1,full crossing,802.58,935.874,28372,28032,337813,338845,298093,35993.8,3133.92,802.58
127,w128_d2_q16_physics_s0,2x128,128,2,16,physics,0,full crossing,804.191,847.7,26308,25984,319890,320844,277286,19490.3,3706.1,804.191
128,w256_d4_q16_physics_s2,4x256,256,4,16,physics,2,full crossing,807.203,779.861,216900,215808,240496,232396,179900,13810.7,3269.37,807.203
129,w64_d4_q18_physics_s2,4x64,64,4,18,physics,2,full crossing,808.191,769.52,17932,17600,236858,229156,177746,11899.5,2538.81,808.191
130,w256_d4_q06_physics_s0,4x256,256,4,6,physics,0,full crossing,808.715,807.499,206620,205568,207811,200462,150291,16808.2,2640.93,808.715
131,w128_d4_q20_physics_s2,4x128,128,4,20,physics,2,full crossing,809.681,770.915,61396,60800,174161,173029,135024,15365.6,3010.46,809.681
132,w128_d4_q06_physics_s2,4x128,128,4,6,physics,2,full crossing,809.871,770.279,54172,53632,228616,236975,182195,13152.3,2712.89,809.871
133,w256_d4_q12_physics_s0,4x256,256,4,12,physics,0,full crossing,809.888,790.557,212788,211712,190578,181431,148824,17983.8,2379.52,809.888
134,w32_d4_q18_physics_s1,4x32,32,4,18,physics,1,full crossing,812.219,878.935,5932,5728,287662,275333,198019,13828.8,2607.24,812.219
135,w32_d8_q18_physics_s1,8x32,32,8,18,physics,1,full crossing,812.758,750.273,10156,9824,295236,269780,146719,12167.1,2559.65,812.758
136,w128_d4_q08_physics_s0,4x128,128,4,8,physics,0,full crossing,813.109,800.829,55204,54656,274602,282529,220129,10190.4,2976.39,813.109
137,w64_d4_q14_physics_s0,4x64,64,4,14,physics,0,full crossing,815.367,813.764,16892,16576,467727,445650,289514,15760,3016.26,815.367
138,w64_d8_q12_physics_s2,8x64,64,8,12,physics,2,full crossing,817.885,701.515,33012,32448,142293,135189,96882.8,10963.2,2665,817.885
139,w32_d4_q14_physics_s0,4x32,32,4,14,physics,0,full crossing,818.165,916.765,5404,5216,314106,297607,218042,15337.6,2510.74,818.165
140,w128_d8_q08_physics_s1,8x128,128,8,8,physics,1,full crossing,819.126,771.173,121252,120192,245532,226701,176800,11663.2,2779.7,819.126
141,w256_d4_q14_physics_s2,4x256,256,4,14,physics,2,full crossing,820.105,794.07,214844,213760,187631,172589,138306,15800.8,2968.36,820.105
142,w128_d4_q12_physics_s1,4x128,128,4,12,physics,1,full crossing,820.404,775.665,57268,56704,186329,180535,145879,18052.5,2933.19,820.404
143,w64_d8_q10_physics_s2,8x64,64,8,10,physics,2,full crossing,822.112,739.572,32492,31936,250731,265473,166622,10891,2624.95,822.112
144,w256_d4_q12_physics_s2,4x256,256,4,12,physics,2,full crossing,822.953,790.557,212788,211712,135350,133378,102237,13279.8,2626.71,822.953
145,w128_d4_q20_physics_s1,4x128,128,4,20,physics,1,full crossing,823.551,770.915,61396,60800,174090,180602,142100,14537.8,2834.85,823.551
146,w32_d8_q08_physics_s0,8x32,32,8,8,physics,0,full crossing,824.358,767.225,8836,8544,268243,241622,155919,9517.76,2273.01,824.358
147,w32_d8_q10_physics_s0,8x32,32,8,10,physics,0,full crossing,824.718,773.468,9100,8800,176417,169155,104356,13129.2,3047.87,824.718
148,w256_d8_q06_physics_s0,8x256,256,8,6,physics,0,full crossing,826.726,769.391,469788,467712,294592,273806,177761,14341.6,2682.74,826.726
149,w64_d4_q06_physics_s1,4x64,64,4,6,physics,1,full crossing,830.651,754.649,14812,14528,141954,138160,114905,15038.8,2937.93,830.651
150,w256_d8_q06_physics_s2,8x256,256,8,6,physics,2,full crossing,830.84,769.391,469788,467712,92918.8,85526.5,63149.5,7466.17,2281.38,830.84
151,w64_d4_q10_physics_s2,4x64,64,4,10,physics,2,full crossing,832.788,736.464,15852,15552,221047,225568,176980,14566.7,2933.74,832.788
152,w32_d8_q14_physics_s1,8x32,32,8,14,physics,1,full crossing,841.828,734.199,9628,9312,306861,284091,152489,9718.84,2842.64,841.828
153,w64_d4_q14_physics_s1,4x64,64,4,14,physics,1,full crossing,842.281,813.764,16892,16576,151638,158224,123937,18490.6,3648.31,842.281
154,w64_d4_q08_physics_s0,4x64,64,4,8,physics,0,full crossing,844.383,775.723,15332,15040,342740,378703,279862,13038.5,2931.79,844.383
155,w32_d4_q06_physics_s1,4x32,32,4,6,physics,1,full crossing,844.393,884.865,4348,4192,420100,392851,260836,12002.7,2503.33,844.393
156,w32_d4_q10_physics_s1,4x32,32,4,10,physics,1,full crossing,846.876,867.448,4876,4704,366915,344954,210805,14801.1,2755,846.876
157,w256_d4_q06_physics_s1,4x256,256,4,6,physics,1,full crossing,848.795,807.499,206620,205568,161154,162616,134922,17848.2,3017.86,848.795
158,w64_d4_q08_physics_s2,4x64,64,4,8,physics,2,full crossing,849.094,775.723,15332,15040,233763,247247,203174,14022.8,3006.85,849.094
159,w64_d8_q20_physics_s2,8x64,64,8,20,physics,2,full crossing,854.418,638.527,35092,34496,285851,313320,261653,12689.6,2591.66,854.418
160,w32_d4_q12_physics_s1,4x32,32,4,12,physics,1,full crossing,857.859,851.686,5140,4960,222319,215822,171473,21697.8,3420.73,857.859
161,w64_d8_q06_physics_s0,8x64,64,8,6,physics,0,full crossing,858.35,763.304,31452,30912,150008,137910,96117,9499,1965.23,858.35
162,w256_d4_q18_physics_s2,4x256,256,4,18,physics,2,full crossing,861.476,788.341,218956,217856,179460,173465,145118,19345,2905.61,861.476
163,w32_d4_q10_physics_s2,4x32,32,4,10,physics,2,full crossing,863.037,867.448,4876,4704,497950,460956,340141,16231.6,3067.68,863.037
164,w128_d2_q16_physics_s2,2x128,128,2,16,physics,2,full crossing,864.699,847.7,26308,25984,355340,354404,315948,40098.2,3295.98,864.699
165,w32_d8_q06_physics_s0,8x32,32,8,6,physics,0,full crossing,864.825,878.39,8572,8288,309629,284794,194862,11582.6,2974.68,864.825
166,w256_d4_q10_physics_s2,4x256,256,4,10,physics,2,full crossing,867.85,814.932,210732,209664,152989,143586,112095,11467.4,2837.44,867.85
167,w128_d2_q10_physics_s1,2x128,128,2,10,physics,1,full crossing,867.955,868.91,23212,22912,403133,399684,350840,34843.8,3135.89,867.955
168,w128_d2_q10_physics_s2,2x128,128,2,10,physics,2,full crossing,870.875,868.91,23212,22912,368732,373388,334091,26349,2918.4,870.875
169,w32_d8_q10_physics_s2,8x32,32,8,10,physics,2,full crossing,872.083,773.468,9100,8800,216133,206576,128022,15292.5,2675.05,872.083
170,w256_d4_q10_physics_s1,4x256,256,4,10,physics,1,full crossing,875.554,814.932,210732,209664,166005,167747,137470,16305.9,2893.7,875.554
171,w128_d8_q06_physics_s1,8x128,128,8,6,physics,1,full crossing,877.125,739.256,120220,119168,150110,151107,108025,10190.7,2791.52,877.125
172,w256_d4_q16_physics_s0,4x256,256,4,16,physics,0,full crossing,880.257,779.861,216900,215808,240452,227538,176415,13606.4,3210.21,880.257
173,w256_d4_q14_physics_s1,4x256,256,4,14,physics,1,full crossing,884.222,794.07,214844,213760,251029,265872,206139,13811.7,3381.38,884.222
174,w32_d4_q12_physics_s0,4x32,32,4,12,physics,0,full crossing,884.704,851.686,5140,4960,212191,200538,147447,18035.4,3773.48,884.704
175,w256_d4_q02_data_s1,4x256,256,4,2,data,1,10 mm,893.806,905.764,202508,201472,186842,1558.44,893.806,2014.06,2265.46,1011.35
176,w32_d8_q12_physics_s2,8x32,32,8,12,physics,2,full crossing,900.279,843.958,9364,9056,233853,240530,166850,10593.4,2392.39,900.279
177,w128_d2_q12_physics_s0,2x128,128,2,12,physics,0,full crossing,901.467,903.451,24244,23936,415223,413131,354118,28729.6,3315.76,901.467
178,w128_d2_q12_physics_s2,2x128,128,2,12,physics,2,full crossing,902.341,903.451,24244,23936,422708,427972,384316,38107.9,2808.8,902.341
179,w128_d2_q14_physics_s0,2x128,128,2,14,physics,0,full crossing,902.382,931.779,25276,24960,349336,342081,302653,21881.1,3586.93,902.382
180,w32_d4_q06_physics_s2,4x32,32,4,6,physics,2,full crossing,909.52,884.865,4348,4192,263942,264835,216778,16696.1,2656.22,909.52
181,w128_d2_q18_physics_s1,2x128,128,2,18,physics,1,full crossing,914.375,915.203,27340,27008,369109,374323,321560,19597.9,3586.06,914.375
182,w64_d2_q12_physics_s1,2x64,64,2,12,physics,1,full crossing,914.825,949.425,8052,7872,388401,388459,330946,17113.6,3630.26,914.825
183,w64_d4_q20_physics_s2,4x64,64,4,20,physics,2,full crossing,914.866,734.906,18452,18112,206867,204874,161361,19482.4,2745.08,914.866
184,w32_d8_q06_physics_s2,8x32,32,8,6,physics,2,full crossing,915.085,878.39,8572,8288,538037,482549,278371,10218.7,2749.13,915.085
185,w32_d4_q20_physics_s1,4x32,32,4,20,physics,1,full crossing,917.629,924.337,6196,5984,349967,317162,182237,11147.8,2682.18,917.629
186,w64_d2_q14_physics_s1,2x64,64,2,14,physics,1,full crossing,917.65,1033.33,8572,8384,408577,410066,349545,37833,4734.08,917.65
187,w32_d4_q18_physics_s0,4x32,32,4,18,physics,0,full crossing,919.514,878.935,5932,5728,239303,231654,180596,22004.1,2688.44,919.514
188,w128_d2_q18_physics_s2,2x128,128,2,18,physics,2,full crossing,921.946,915.203,27340,27008,370202,363652,322539,33359,3494.62,921.946
189,w128_d2_q10_physics_s0,2x128,128,2,10,physics,0,full crossing,922.143,868.91,23212,22912,471007,460295,399186,34488.9,3391.01,922.143
190,w64_d2_q08_physics_s1,2x64,64,2,8,physics,1,full crossing,922.563,996.522,7012,6848,411663,400843,343590,21285.2,4210.93,922.563
191,w256_d2_q08_physics_s2,2x256,256,2,8,physics,2,full crossing,922.63,947.229,77092,76544,374450,365771,319183,30598.4,3896.11,922.63
192,w128_d4_q14_physics_s0,4x128,128,4,14,physics,0,full crossing,923.935,777.561,58300,57728,203669,193372,156918,13123.4,3519.44,923.935
193,w32_d4_q18_physics_s2,4x32,32,4,18,physics,2,full crossing,925.404,878.935,5932,5728,160952,167098,128213,16548.4,2760.14,925.404
194,w32_d8_q12_physics_s1,8x32,32,8,12,physics,1,full crossing,925.654,843.958,9364,9056,160643,149008,115642,10751.1,2603.82,925.654
195,w128_d2_q12_physics_s1,2x128,128,2,12,physics,1,full crossing,925.942,903.451,24244,23936,370788,370800,319821,27241.4,3229.24,925.942
196,w256_d4_q02_data_s0,4x256,256,4,2,data,0,full crossing,928.313,905.764,202508,201472,141575,3318.15,1021.56,1276.56,2155.71,928.313
197,w128_d2_q08_physics_s1,2x128,128,2,8,physics,1,full crossing,932.658,920.004,22180,21888,417674,416846,363721,24897.2,3079.62,932.658
198,w128_d2_q14_physics_s1,2x128,128,2,14,physics,1,full crossing,934.061,931.779,25276,24960,403371,410890,362752,34374.7,3825.79,934.061
199,w128_d2_q20_physics_s0,2x128,128,2,20,physics,0,full crossing,935.203,935.874,28372,28032,396355,370619,318516,29477.5,4483,935.203
200,w32_d4_q14_physics_s2,4x32,32,4,14,physics,2,full crossing,936.359,916.765,5404,5216,161505,158904,121316,19633.8,3090.33,936.359
201,w128_d2_q06_physics_s2,2x128,128,2,6,physics,2,full crossing,938.159,968.154,21148,20864,381590,379624,334962,31350,3181.59,938.159
202,w32_d4_q08_physics_s0,4x32,32,4,8,physics,0,full crossing,939.219,920.105,4612,4448,275554,266261,191274,11254.3,2846.43,939.219
203,w128_d2_q18_physics_s0,2x128,128,2,18,physics,0,full crossing,939.298,915.203,27340,27008,379047,353465,304793,28267.3,4309.73,939.298
204,w128_d2_q16_physics_s1,2x128,128,2,16,physics,1,full crossing,941.877,847.7,26308,25984,386774,382926,330482,25497,3589.83,941.877
205,w128_d4_q08_physics_s2,4x128,128,4,8,physics,2,full crossing,942.399,800.829,55204,54656,307995,310121,247149,19897.1,2869.99,942.399
206,w256_d2_q14_physics_s2,2x256,256,2,14,physics,2,full crossing,943.083,983.046,83260,82688,399679,390159,348360,53993.7,5203.95,943.083
207,w64_d4_q12_physics_s1,4x64,64,4,12,physics,1,full crossing,943.247,725.973,16372,16064,143743,139042,111756,15855.3,3158.73,943.247
208,w256_d2_q08_physics_s1,2x256,256,2,8,physics,1,full crossing,944.191,947.229,77092,76544,370293,367004,328439,53813.4,3812.8,944.191
209,w32_d4_q16_physics_s2,4x32,32,4,16,physics,2,full crossing,946.303,910.23,5668,5472,289072,291096,212334,17879.6,3448.08,946.303
210,w128_d2_q08_physics_s0,2x128,128,2,8,physics,0,full crossing,946.847,920.004,22180,21888,382951,370981,324237,27571.3,3530.71,946.847
211,w256_d2_q12_physics_s2,2x256,256,2,12,physics,2,full crossing,951.764,987.873,81204,80640,389233,374432,324555,25514.6,4072.97,951.764
212,w32_d4_q16_physics_s0,4x32,32,4,16,physics,0,full crossing,953.982,910.23,5668,5472,326849,318481,230451,16777.8,3857.26,953.982
213,w128_d4_q04_data_s1,4x128,128,4,4,data,1,full crossing,954.762,969.966,53140,52608,100099,1197.26,1705.71,1499.99,1882.17,954.762
214,w256_d2_q20_physics_s1,2x256,256,2,20,physics,1,full crossing,956.278,1042.27,89428,88832,370452,367657,331481,41169.9,3637.88,956.278
215,w32_d4_q20_physics_s0,4x32,32,4,20,physics,0,full crossing,957.358,924.337,6196,5984,419222,410410,315298,18287.9,2810.67,957.358
216,w32_d4_q20_physics_s2,4x32,32,4,20,physics,2,full crossing,957.373,924.337,6196,5984,202960,203215,162644,17952.6,3879.1,957.373
217,w128_d2_q06_physics_s1,2x128,128,2,6,physics,1,full crossing,962.939,968.154,21148,20864,448448,432477,374054,32579.4,3897.93,962.939
218,w256_d8_q04_data_s1,8x256,256,8,4,data,1,10 mm,964.053,5782.4,467732,465664,232201,2776.18,964.053,1446.5,2765.46,1182.49
219,w64_d2_q10_physics_s2,2x64,64,2,10,physics,2,full crossing,964.318,980.144,7532,7360,380007,374879,313976,18079.2,4068.8,964.318
220,w256_d4_q06_data_s2,4x256,256,4,6,data,2,full crossing,965.651,918.843,206620,205568,147916,2144.02,993.89,1679.55,2496.05,965.651
221,w64_d2_q12_physics_s2,2x64,64,2,12,physics,2,full crossing,966.557,949.425,8052,7872,445814,439249,360828,16814.8,4007.79,966.557
222,w256_d4_q06_physics_s2,4x256,256,4,6,physics,2,full crossing,975.45,807.499,206620,205568,222827,214738,171485,10297.3,3182,975.45
223,w128_d2_q20_physics_s2,2x128,128,2,20,physics,2,full crossing,981.67,935.874,28372,28032,353471,352708,303859,29687.5,3833.62,981.67
224,w256_d4_q06_data_s0,4x256,256,4,6,data,0,full crossing,982.714,918.843,206620,205568,163367,2679.42,1223.18,1461.37,1948.72,982.714
225,w64_d2_q10_physics_s0,2x64,64,2,10,physics,0,full crossing,983.532,980.144,7532,7360,336844,345356,296817,20831.4,3769.67,983.532
226,w64_d2_q20_physics_s1,2x64,64,2,20,physics,1,full crossing,986.384,1053.43,10132,9920,390125,384582,333438,27809.5,3973.73,986.384
227,w256_d2_q14_physics_s1,2x256,256,2,14,physics,1,full crossing,987.291,983.046,83260,82688,410894,406383,364773,48147.5,3573.39,987.291
228,w32_d4_q12_physics_s2,4x32,32,4,12,physics,2,full crossing,987.429,851.686,5140,4960,281147,272820,197330,17312.6,3062.5,987.429
229,w256_d2_q10_physics_s1,2x256,256,2,10,physics,1,full crossing,989.225,997.754,79148,78592,348034,350831,318766,49390.2,4026.5,989.225
230,w256_d2_q10_physics_s2,2x256,256,2,10,physics,2,full crossing,990.379,997.754,79148,78592,358083,341761,301868,30082.7,3858.14,990.379
231,w256_d2_q10_physics_s0,2x256,256,2,10,physics,0,full crossing,991.009,997.754,79148,78592,444183,427646,385943,60481.9,3953.28,991.009
232,w256_d2_q12_physics_s0,2x256,256,2,12,physics,0,full crossing,996.921,987.873,81204,80640,391769,390845,350399,52046.8,3437.53,996.921
233,w64_d2_q10_physics_s1,2x64,64,2,10,physics,1,full crossing,1000.49,980.144,7532,7360,356610,338019,292455,40082.6,4510.99,1000.49
234,w256_d2_q18_physics_s0,2x256,256,2,18,physics,0,full crossing,1001.17,1062.71,87372,86784,393532,386753,339452,27458.9,3526.81,1001.17
235,w64_d2_q16_physics_s1,2x64,64,2,16,physics,1,full crossing,1002.04,1082.83,9092,8896,432281,429385,364126,15483.7,2638.28,1002.04
236,w64_d2_q12_physics_s0,2x64,64,2,12,physics,0,full crossing,1004.09,949.425,8052,7872,455855,439637,377686,25252.8,3550.07,1004.09
237,w256_d4_q10_data_s2,4x256,256,4,10,data,2,full crossing,1005.51,1337.39,210732,209664,221173,1975.54,1028.23,1470.31,2303.43,1005.51
238,w256_d2_q16_physics_s0,2x256,256,2,16,physics,0,full crossing,1012.89,1100.65,85316,84736,466289,456730,406243,37948.5,4416.56,1012.89
239,w64_d2_q08_physics_s2,2x64,64,2,8,physics,2,full crossing,1014.66,996.522,7012,6848,444441,436815,365837,17180.8,3665.03,1014.66
240,w256_d2_q20_physics_s2,2x256,256,2,20,physics,2,full crossing,1026.1,1042.27,89428,88832,478262,467115,413686,50985.4,4444.93,1026.1
241,w256_d2_q14_physics_s0,2x256,256,2,14,physics,0,full crossing,1034.85,983.046,83260,82688,383669,376609,337680,42640.9,3858.88,1034.85
242,w64_d2_q06_physics_s0,2x64,64,2,6,physics,0,full crossing,1036.19,1040.17,6492,6336,422544,407911,339694,12261.9,2931.91,1036.19
243,w256_d2_q08_physics_s0,2x256,256,2,8,physics,0,full crossing,1037.15,947.229,77092,76544,360675,356120,321119,57926.4,5907.64,1037.15
244,w32_d4_q10_physics_s0,4x32,32,4,10,physics,0,full crossing,1037.83,867.448,4876,4704,368362,355216,281045,26155.2,3273.06,1037.83
245,w32_d4_q06_physics_s0,4x32,32,4,6,physics,0,full crossing,1040.81,884.865,4348,4192,155688,149784,103995,11661.4,3255.77,1040.81
246,w64_d2_q14_physics_s0,2x64,64,2,14,physics,0,full crossing,1041.6,1033.33,8572,8384,430646,424735,371452,28139.4,2987.36,1041.6
247,w256_d2_q06_physics_s2,2x256,256,2,6,physics,2,full crossing,1042.96,1100.59,75036,74496,408018,404673,357166,35934.4,4472.82,1042.96
248,w64_d2_q08_physics_s0,2x64,64,2,8,physics,0,full crossing,1045.89,996.522,7012,6848,391029,361306,309452,17220.1,3304.29,1045.89
249,w64_d2_q18_physics_s1,2x64,64,2,18,physics,1,full crossing,1048.07,1071.78,9612,9408,329123,330610,291112,43589.3,3474.61,1048.07
250,w256_d2_q20_physics_s0,2x256,256,2,20,physics,0,full crossing,1048.38,1042.27,89428,88832,431512,441301,395372,51764,3361.68,1048.38
251,w64_d2_q06_physics_s2,2x64,64,2,6,physics,2,full crossing,1048.43,1040.17,6492,6336,374039,373201,313396,20762.6,3310.03,1048.43
252,w256_d4_q02_data_s2,4x256,256,4,2,data,2,10 mm,1048.93,905.764,202508,201472,178008,1733.31,1048.93,1202.61,2292.59,1280.87
253,w128_d4_q04_data_s2,4x128,128,4,4,data,2,full crossing,1051.4,969.966,53140,52608,84403.9,1447.41,1300.46,1576.39,2201.27,1051.4
254,w32_d4_q14_physics_s1,4x32,32,4,14,physics,1,full crossing,1052.36,916.765,5404,5216,343231,333756,265576,24346.9,3513.67,1052.36
255,w32_d4_q08_physics_s2,4x32,32,4,8,physics,2,full crossing,1055.01,920.105,4612,4448,321487,320997,248726,14752.6,3366.57,1055.01
256,w64_d2_q20_physics_s0,2x64,64,2,20,physics,0,full crossing,1058.81,1053.43,10132,9920,288582,268421,235290,41151.4,4278.88,1058.81
257,w256_d2_q18_physics_s2,2x256,256,2,18,physics,2,full crossing,1071.83,1062.71,87372,86784,397362,389791,347206,50994,4488.31,1071.83
258,w64_d2_q18_physics_s0,2x64,64,2,18,physics,0,full crossing,1081.87,1071.78,9612,9408,277587,273826,239038,44687.5,4609.36,1081.87
259,w256_d4_q20_data_s2,4x256,256,4,20,data,2,full crossing,1082.52,1259.99,221012,219904,165599,5445.46,1546.68,2316.03,2977.12,1082.52
260,w128_d2_q14_physics_s2,2x128,128,2,14,physics,2,full crossing,1092.57,931.779,25276,24960,336724,339544,299549,29212.7,3619.93,1092.57
261,w128_d4_q02_data_s1,4x128,128,4,2,data,1,full crossing,1098.79,1387.25,52108,51584,160303,1559.43,1483.19,1782.9,2457.24,1098.79
262,w128_d2_q08_physics_s2,2x128,128,2,8,physics,2,full crossing,1105.44,920.004,22180,21888,360965,339347,294685,29837.2,3758,1105.44
263,w64_d2_q16_physics_s0,2x64,64,2,16,physics,0,full crossing,1107.59,1082.83,9092,8896,330512,310535,269189,44124.1,4417.13,1107.59
264,w256_d2_q18_physics_s1,2x256,256,2,18,physics,1,full crossing,1108.96,1062.71,87372,86784,422287,415432,368233,65049.1,4873.51,1108.96
265,w128_d2_q06_physics_s0,2x128,128,2,6,physics,0,full crossing,1113.86,968.154,21148,20864,432461,428032,370081,28340.3,3376.95,1113.86
266,w256_d2_q16_physics_s2,2x256,256,2,16,physics,2,full crossing,1115.57,1100.65,85316,84736,378529,374609,332143,40573.6,3500.11,1115.57
267,w256_d2_q06_physics_s1,2x256,256,2,6,physics,1,full crossing,1130.17,1100.59,75036,74496,392202,388429,350319,57662,3847.67,1130.17
268,w256_d2_q06_physics_s0,2x256,256,2,6,physics,0,full crossing,1131.85,1100.59,75036,74496,377210,376323,344413,57169.5,4255.99,1131.85
269,w64_d2_q16_physics_s2,2x64,64,2,16,physics,2,full crossing,1134.39,1082.83,9092,8896,369925,368482,319562,43171.4,5144.48,1134.39
270,w256_d4_q16_data_s2,4x256,256,4,16,data,2,full crossing,1141.47,1239.86,216900,215808,150273,14300,2245.34,2098.21,2454.38,1141.47
271,w256_d4_q14_data_s1,4x256,256,4,14,data,1,full crossing,1143.02,1593.77,214844,213760,145622,2869.77,1209.6,1438.29,2180.52,1143.02
272,w256_d4_q04_data_s1,4x256,256,4,4,data,1,10 mm,1147.54,1317.13,204564,203520,191831,2547.95,1147.54,1772.07,2564.46,1468.42
273,w256_d4_q04_data_s2,4x256,256,4,4,data,2,full crossing,1157.7,1317.13,204564,203520,167733,1671.39,1431.6,1842.81,2528.47,1157.7
274,w256_d4_q12_data_s1,4x256,256,4,12,data,1,full crossing,1178.39,1148.43,212788,211712,90337.1,2731.73,1321.33,1614.8,2639.15,1178.39
275,w64_d2_q14_physics_s2,2x64,64,2,14,physics,2,full crossing,1193.72,1033.33,8572,8384,412700,407183,344283,41799,4378.24,1193.72
276,w256_d4_q12_data_s0,4x256,256,4,12,data,0,full crossing,1194.87,1148.43,212788,211712,147178,6182.98,1478.35,1647.34,2991.13,1194.87
277,w256_d4_q08_data_s1,4x256,256,4,8,data,1,full crossing,1201.34,1119.18,208676,207616,112427,3189.43,1571.91,1854.31,2259.56,1201.34
278,w64_d2_q18_physics_s2,2x64,64,2,18,physics,2,full crossing,1211.71,1071.78,9612,9408,384688,379831,327067,43364.9,4062.62,1211.71
279,w128_d4_q14_data_s0,4x128,128,4,14,data,0,10 mm,1211.75,1295.74,58300,57728,174706,2607.25,1211.75,2020.08,2648.75,1248.48
280,w64_d2_q06_physics_s1,2x64,64,2,6,physics,1,full crossing,1214.28,1040.17,6492,6336,438016,436876,372684,16126.5,4215.22,1214.28
281,w256_d2_q12_physics_s1,2x256,256,2,12,physics,1,full crossing,1222.13,987.873,81204,80640,359132,356897,323376,58830.2,4177.39,1222.13
282,w64_d2_q20_physics_s2,2x64,64,2,20,physics,2,full crossing,1241.41,1053.43,10132,9920,361777,357006,303816,41388,4297.03,1241.41
283,w32_d2_q10_physics_s1,2x32,32,2,10,physics,1,full crossing,1246.95,1563.27,2764,2656,428248,386748,322289,45642.1,5551.58,1246.95
284,w32_d2_q12_physics_s2,2x32,32,2,12,physics,2,full crossing,1268.32,1676.03,3028,2912,311975,296073,238489,16838.2,3624.78,1268.32
285,w256_d4_q18_data_s1,4x256,256,4,18,data,1,full crossing,1276.44,1303.52,218956,217856,217835,2053.47,1470.01,1579.7,2651.5,1276.44
286,w256_d2_q16_physics_s1,2x256,256,2,16,physics,1,full crossing,1282.47,1100.65,85316,84736,352140,346727,310595,43066.4,4067.14,1282.47
287,w256_d4_q16_data_s1,4x256,256,4,16,data,1,10 mm,1306.34,1239.86,216900,215808,123312,3638.2,1306.34,1678.34,2570.99,1386.84
288,w256_d4_q06_data_s1,4x256,256,4,6,data,1,full crossing,1314.93,918.843,206620,205568,177053,4834.64,1501.58,2096.89,2381.21,1314.93
289,w256_d4_q08_data_s0,4x256,256,4,8,data,0,full crossing,1327.07,1119.18,208676,207616,178985,4247.79,1361.17,1808.39,2432.42,1327.07
290,w256_d8_q12_data_s2,8x256,256,8,12,data,2,full crossing,1336.97,5286.83,475956,473856,326306,39985.7,1511.8,2092.94,2876.27,1336.97
291,w32_d2_q08_physics_s2,2x32,32,2,8,physics,2,full crossing,1337.39,1423.92,2500,2400,420181,413624,355274,30066.6,4992.71,1337.39
292,w128_d4_q04_data_s0,4x128,128,4,4,data,0,1 mm,1341.72,969.966,53140,52608,104200,1341.72,1387.3,2046.99,2168.94,1510.75
293,w128_d4_q10_data_s2,4x128,128,4,10,data,2,10 mm,1356.99,2517.68,56236,55680,112985,2237.52,1356.99,2504.57,2729.18,1421.16
294,w128_d4_q06_data_s2,4x128,128,4,6,data,2,full crossing,1358.36,1458.6,54172,53632,233678,2486.03,1840.72,1762.55,2308.63,1358.36
295,w32_d2_q14_physics_s2,2x32,32,2,14,physics,2,full crossing,1383.56,1413.65,3292,3168,368206,366197,308274,42462,6347.52,1383.56
296,w256_d4_q08_data_s2,4x256,256,4,8,data,2,full crossing,1392.45,1119.18,208676,207616,206735,22378.4,1634.49,2353.86,2306.55,1392.45
297,w256_d4_q16_data_s0,4x256,256,4,16,data,0,full crossing,1394.05,1239.86,216900,215808,218138,5578.83,1965.31,1957.12,3013.36,1394.05
298,w32_d2_q06_physics_s2,2x32,32,2,6,physics,2,full crossing,1397.86,1581.58,2236,2144,471952,467537,388711,19749.8,4093.65,1397.86
299,w256_d4_q20_data_s0,4x256,256,4,20,data,0,full crossing,1402.72,1259.99,221012,219904,151485,3736.78,1631.92,1796.72,2783.93,1402.72
300,w32_d2_q18_physics_s0,2x32,32,2,18,physics,0,full crossing,1409.85,1557.58,3820,3680,313331,310764,276685,53581.2,5730.19,1409.85
301,w256_d2_q08_data_s2,2x256,256,2,8,data,2,full crossing,1412.05,1457.72,77092,76544,217682,148908,54864.4,48120.6,9721.56,1412.05
302,w128_d4_q06_data_s0,4x128,128,4,6,data,0,1 mm,1421.55,1458.6,54172,53632,190134,1421.55,1453.95,1684.79,2074.08,1556.64
303,w256_d4_q10_data_s0,4x256,256,4,10,data,0,full crossing,1423.31,1337.39,210732,209664,187212,7249,1990.44,2371.24,3089.83,1423.31
304,w256_d4_q18_data_s2,4x256,256,4,18,data,2,full crossing,1426.82,1303.52,218956,217856,168243,3465.49,1722.61,1861.22,3024.56,1426.82
305,w128_d4_q14_data_s1,4x128,128,4,14,data,1,full crossing,1429.9,1295.74,58300,57728,125204,2307.62,1998.59,2086.98,2812.51,1429.9
306,w32_d2_q08_physics_s1,2x32,32,2,8,physics,1,full crossing,1442.7,1423.92,2500,2400,380088,352712,294594,39154,5030.88,1442.7
307,w32_d2_q14_physics_s0,2x32,32,2,14,physics,0,full crossing,1445.31,1413.65,3292,3168,280528,299445,269585,57168.7,4356.23,1445.31
308,w128_d4_q02_data_s2,4x128,128,4,2,data,2,full crossing,1469.95,1387.25,52108,51584,106483,3584.7,1590.75,2115.56,2306.96,1469.95
309,w32_d2_q16_physics_s0,2x32,32,2,16,physics,0,full crossing,1484.95,1608.19,3556,3424,363218,368363,328019,57854.8,4726.12,1484.95
310,w256_d2_q10_data_s2,2x256,256,2,10,data,2,full crossing,1500.45,1751.05,79148,78592,263133,168429,59359,27754.6,8643.88,1500.45
311,w256_d2_q04_data_s1,2x256,256,2,4,data,1,full crossing,1529.44,1459.4,72980,72448,353278,215829,100940,117244,29667.3,1529.44
312,w32_d2_q10_physics_s2,2x32,32,2,10,physics,2,full crossing,1552.61,1563.27,2764,2656,321552,321214,280892,52627.9,5546.32,1552.61
313,w256_d2_q06_data_s1,2x256,256,2,6,data,1,full crossing,1555.33,1738.18,75036,74496,295060,174038,41745.7,49260.6,16695.9,1555.33
314,w32_d2_q08_physics_s0,2x32,32,2,8,physics,0,full crossing,1572.46,1423.92,2500,2400,424634,458698,403302,57847.7,4648.05,1572.46
315,w256_d4_q14_data_s2,4x256,256,4,14,data,2,full crossing,1575.02,1593.77,214844,213760,117081,8119.97,2262.66,2122.22,2430.95,1575.02
316,w32_d2_q18_physics_s1,2x32,32,2,18,physics,1,full crossing,1580.68,1557.58,3820,3680,282817,275169,236558,46576.7,5982.17,1580.68
317,w32_d2_q14_physics_s1,2x32,32,2,14,physics,1,full crossing,1595.82,1413.65,3292,3168,291449,299118,265316,53004.1,7102.05,1595.82
318,w32_d2_q06_physics_s0,2x32,32,2,6,physics,0,full crossing,1595.9,1581.58,2236,2144,418936,412065,332933,14095.9,3818.04,1595.9
319,w256_d2_q08_data_s1,2x256,256,2,8,data,1,full crossing,1600.7,1457.72,77092,76544,541081,282646,69139.9,40122.8,21994.1,1600.7
320,w256_d8_q18_data_s1,8x256,256,8,18,data,1,10 mm,1601.83,4112.78,482124,480000,323704,70798.7,1601.83,2620.72,3318.45,2524.83
321,w256_d2_q04_data_s2,2x256,256,2,4,data,2,full crossing,1621.31,1459.4,72980,72448,462013,389093,81819.7,57797,22527.3,1621.31
322,w256_d4_q20_data_s1,4x256,256,4,20,data,1,full crossing,1625.47,1259.99,221012,219904,193370,3145.35,1631.56,2199.31,2766.33,1625.47
323,w256_d4_q18_data_s0,4x256,256,4,18,data,0,full crossing,1626.14,1303.52,218956,217856,197588,6796.74,1656.7,1927.84,3156.88,1626.14
324,w32_d2_q16_physics_s2,2x32,32,2,16,physics,2,full crossing,1632.78,1608.19,3556,3424,391087,357317,319329,69349.7,6462.19,1632.78
325,w32_d2_q10_physics_s0,2x32,32,2,10,physics,0,full crossing,1654.17,1563.27,2764,2656,300895,294798,264695,52182.9,4799.37,1654.17
326,w32_d2_q12_physics_s1,2x32,32,2,12,physics,1,full crossing,1674.94,1676.03,3028,2912,290434,289777,258680,55943.8,6236.9,1674.94
327,w128_d4_q08_data_s0,4x128,128,4,8,data,0,10 mm,1676.44,2416.24,55204,54656,99858.1,2204.55,1676.44,1935.98,2572.24,1913.18
328,w32_d2_q12_physics_s0,2x32,32,2,12,physics,0,full crossing,1678.96,1676.03,3028,2912,228503,229815,204548,44807.2,5918.16,1678.96
329,w256_d4_q12_data_s2,4x256,256,4,12,data,2,100 mm,1688.13,1148.43,212788,211712,214218,7083.58,2042.03,1688.13,2852.86,1819.56
330,w256_d2_q12_data_s1,2x256,256,2,12,data,1,full crossing,1697.16,1640.95,81204,80640,283375,150902,47127.5,31599.8,8200.78,1697.16
331,w32_d2_q06_physics_s1,2x32,32,2,6,physics,1,full crossing,1697.19,1581.58,2236,2144,336794,321504,274273,32184.9,4228.35,1697.19
332,w128_d4_q16_data_s1,4x128,128,4,16,data,1,full crossing,1707.06,1950.48,59332,58752,109839,1859.79,1727.49,2485.88,3277.17,1707.06
333,w256_d2_q14_data_s1,2x256,256,2,14,data,1,full crossing,1708.27,1750.29,83260,82688,293631,237042,36178.3,41047.9,11767.9,1708.27
334,w256_d2_q12_data_s2,2x256,256,2,12,data,2,full crossing,1718.99,1640.95,81204,80640,245739,192876,60410.1,28449,7434.32,1718.99
335,w256_d8_q06_data_s2,8x256,256,8,6,data,2,10 mm,1722.54,4479.34,469788,467712,200369,35469.7,1722.54,2059.36,3318.34,1792.79
336,w32_d2_q20_physics_s1,2x32,32,2,20,physics,1,full crossing,1737.59,1744.99,4084,3936,338801,302741,269099,51295.2,5520.11,1737.59
337,w128_d8_q04_data_s0,8x128,128,8,4,data,0,1 mm,1740.7,5174.91,119188,118144,155846,1740.7,1839.97,2275.34,2491.09,1795.03
338,w256_d2_q16_data_s1,2x256,256,2,16,data,1,full crossing,1742.8,1780.02,85316,84736,376909,206853,64774.7,36443.1,9996.06,1742.8
339,w128_d4_q02_data_s0,4x128,128,4,2,data,0,full crossing,1742.92,1387.25,52108,51584,136164,2095.85,2009.51,2209.65,3093.84,1742.92
340,w256_d4_q04_data_s0,4x256,256,4,4,data,0,10 mm,1763.71,1317.13,204564,203520,258071,4340.83,1763.71,2356.16,2669.16,1988.99
341,w32_d2_q18_physics_s2,2x32,32,2,18,physics,2,full crossing,1787.76,1557.58,3820,3680,319028,336232,301124,73282.3,6591.83,1787.76
342,w128_d4_q12_data_s2,4x128,128,4,12,data,2,10 mm,1794.84,4005.61,57268,56704,100003,2279.84,1794.84,2935.22,3014.27,2136.26
343,w32_d2_q16_physics_s1,2x32,32,2,16,physics,1,full crossing,1799.03,1608.19,3556,3424,387132,405209,347420,53921.6,7187.31,1799.03
344,w256_d2_q18_data_s1,2x256,256,2,18,data,1,full crossing,1824.55,1800.45,87372,86784,317956,210514,29925.8,23152,4730.17,1824.55
345,w128_d4_q20_data_s0,4x128,128,4,20,data,0,full crossing,1825.32,5443.37,61396,60800,89078.7,2781.31,2116.26,2340.79,2862.95,1825.32
346,w32_d2_q20_physics_s0,2x32,32,2,20,physics,0,full crossing,1829.25,1744.99,4084,3936,343227,339310,303269,75559.5,5471.37,1829.25
347,w32_d2_q20_physics_s2,2x32,32,2,20,physics,2,full crossing,1830.77,1744.99,4084,3936,324780,326343,292855,61265.8,6275.88,1830.77
348,w256_d4_q14_data_s0,4x256,256,4,14,data,0,10 mm,1838.7,1593.77,214844,213760,178702,5939.39,1838.7,2070.73,3388.45,1941.11
349,w256_d2_q12_data_s0,2x256,256,2,12,data,0,full crossing,1868.47,1640.95,81204,80640,270863,210517,28504.9,29570.5,7744.82,1868.47
350,w256_d2_q10_data_s0,2x256,256,2,10,data,0,full crossing,1870.95,1751.05,79148,78592,431432,314360,15972.4,22216.9,7189.18,1870.95
351,w256_d2_q14_data_s0,2x256,256,2,14,data,0,full crossing,1882.51,1750.29,83260,82688,268237,186289,28207.8,36490,8551.72,1882.51
352,w256_d2_q18_data_s2,2x256,256,2,18,data,2,full crossing,1891.18,1800.45,87372,86784,419308,320310,63163.8,22551.8,5526.71,1891.18
353,w256_d2_q20_data_s0,2x256,256,2,20,data,0,full crossing,1898.08,1854.46,89428,88832,357063,265251,17368.2,20229.8,6450.87,1898.08
354,w256_d2_q06_data_s0,2x256,256,2,6,data,0,full crossing,1898.78,1738.18,75036,74496,464115,339762,38046.2,32926.7,12332.9,1898.78
355,w256_d2_q20_data_s2,2x256,256,2,20,data,2,full crossing,1906.18,1854.46,89428,88832,576583,377117,25176.2,18850.7,6569.61,1906.18
356,w256_d2_q16_data_s0,2x256,256,2,16,data,0,full crossing,1922.76,1780.02,85316,84736,337306,211191,16845,28165.4,8704.51,1922.76
357,w256_d2_q16_data_s2,2x256,256,2,16,data,2,full crossing,1934.84,1780.02,85316,84736,459193,275522,33251.1,23186.1,5596.94,1934.84
358,w256_d2_q02_data_s0,2x256,256,2,2,data,0,full crossing,1938.27,1896.98,70924,70400,311121,216028,95135.5,69417.4,28280.8,1938.27
359,w64_d8_q02_physics_s2,8x64,64,8,2,physics,2,1000 mm,1956.15,9814.14,30412,29888,103789,94650.8,57475.4,9840.86,1956.15,10676.7
360,w256_d2_q08_data_s0,2x256,256,2,8,data,0,full crossing,1972.5,1457.72,77092,76544,408038,229466,53175.4,29784.4,8347.04,1972.5
361,w256_d2_q02_data_s2,2x256,256,2,2,data,2,full crossing,1995.71,1896.98,70924,70400,436179,313103,78690.9,74762.2,21530.8,1995.71
362,w128_d4_q18_data_s1,4x128,128,4,18,data,1,full crossing,2012.49,3990.99,60364,59776,68677.6,2308.19,2808.56,2644.85,2952.6,2012.49
363,w256_d8_q08_data_s0,8x256,256,8,8,data,0,10 mm,2046.87,6392.22,471844,469760,121438,2682.22,2046.87,2821.42,2752.94,2183.58
364,w256_d4_q10_data_s1,4x256,256,4,10,data,1,10 mm,2061.94,1337.39,210732,209664,156933,11300.4,2061.94,2408.64,3608.74,2300.81
365,w256_d2_q02_data_s1,2x256,256,2,2,data,1,full crossing,2069.75,1896.98,70924,70400,562556,378149,75591.5,67133.6,28591.3,2069.75
366,w128_d4_q16_data_s0,4x128,128,4,16,data,0,full crossing,2087.02,1950.48,59332,58752,127566,2228.04,2272.18,2437.55,3452.38,2087.02
367,w256_d2_q20_data_s1,2x256,256,2,20,data,1,full crossing,2089.22,1854.46,89428,88832,307064,190731,19818.9,23300.2,9407.52,2089.22
368,w256_d2_q06_data_s2,2x256,256,2,6,data,2,full crossing,2127.62,1738.18,75036,74496,375629,243198,51977.3,32295.4,9533.75,2127.62
369,w256_d2_q04_data_s0,2x256,256,2,4,data,0,full crossing,2145.31,1459.4,72980,72448,439879,313141,47403.9,44000.9,15410,2145.31
370,w256_d2_q14_data_s2,2x256,256,2,14,data,2,full crossing,2164.36,1750.29,83260,82688,262207,124406,28286.2,20574.5,5927.34,2164.36
371,w32_d8_q04_physics_s1,8x32,32,8,4,physics,1,1000 mm,2178.92,3600.72,8308,8032,283759,273134,180168,8492.24,2178.92,3703.92
372,w64_d8_q02_physics_s0,8x64,64,8,2,physics,0,1000 mm,2228.72,9814.14,30412,29888,136806,122045,79162.5,11834.4,2228.72,10199.9
373,w256_d2_q10_data_s1,2x256,256,2,10,data,1,full crossing,2301.61,1751.05,79148,78592,220587,142515,14992.3,29074.1,7455.63,2301.61
374,w64_d4_q02_physics_s1,4x64,64,4,2,physics,1,1000 mm,2328.03,9918.84,13772,13504,137617,134181,101334,14531.7,2328.03,10706
375,w32_d8_q02_physics_s0,8x32,32,8,2,physics,0,1000 mm,2357.63,9815.25,8044,7776,451298,400199,260576,9668.17,2357.63,10437.1
376,w64_d8_q04_physics_s0,8x64,64,8,4,physics,0,1000 mm,2362.14,3477.35,30932,30400,125466,115564,82444,8944.26,2362.14,3800.93
377,w128_d8_q04_physics_s0,8x128,128,8,4,physics,0,1000 mm,2364.31,3531.85,119188,118144,124079,118420,83927.7,10707.1,2364.31,3637.25
378,w32_d8_q02_physics_s2,8x32,32,8,2,physics,2,1000 mm,2374.69,9815.25,8044,7776,91644.9,86095.7,55868.9,12443.8,2374.69,10636.5
379,w256_d2_q18_data_s0,2x256,256,2,18,data,0,full crossing,2398.06,1800.45,87372,86784,486052,329303,14261.8,16412.5,5308.2,2398.06
380,w64_d4_q06_data_s0,4x64,64,4,6,data,0,1 mm,2401.88,5780.65,14812,14528,51312.7,2401.88,2713.6,2839.45,3624.43,4045.78
381,w128_d8_q02_physics_s2,8x128,128,8,2,physics,2,1000 mm,2408.24,9768.14,118156,117120,78011.7,75016.1,57243.8,10138.3,2408.24,10896.9
382,w64_d8_q04_physics_s1,8x64,64,8,4,physics,1,1000 mm,2432.44,3477.35,30932,30400,137358,133732,96476.6,7063.26,2432.44,3742.37
383,w256_d8_q02_physics_s2,8x256,256,8,2,physics,2,1000 mm,2440.12,9676.25,465676,463616,60406.8,57430.7,42296.5,9858.2,2440.12,10086.9
384,w32_d4_q02_physics_s2,4x32,32,4,2,physics,2,1000 mm,2448.47,9887.95,3820,3680,292481,293175,226450,12346.9,2448.47,10493.8
385,w64_d8_q02_data_s1,8x64,64,8,2,data,1,1 mm,2449.86,4170.15,30412,29888,27111,2449.86,2674.83,2628.7,3419.25,3103.76
386,w128_d8_q02_physics_s1,8x128,128,8,2,physics,1,1000 mm,2492.85,9768.14,118156,117120,100161,91781.3,60124.9,9013.31,2492.85,10265.1
387,w32_d8_q02_physics_s1,8x32,32,8,2,physics,1,1000 mm,2533.26,9815.25,8044,7776,496184,497587,271599,10441.3,2533.26,10475.3
388,w64_d4_q04_physics_s1,4x64,64,4,4,physics,1,1000 mm,2538.14,3582.47,14292,14016,202172,197855,160997,14680.9,2538.14,3775.66
389,w128_d8_q02_physics_s0,8x128,128,8,2,physics,0,1000 mm,2543.18,9768.14,118156,117120,124915,118030,82959.5,10037.7,2543.18,10239.4
390,w128_d4_q08_data_s1,4x128,128,4,8,data,1,full crossing,2589.36,2416.24,55204,54656,164321,3538.97,3079.21,2986.76,4247.44,2589.36
391,w256_d8_q04_physics_s0,8x256,256,8,4,physics,0,1000 mm,2612.95,3533.38,467732,465664,90769.4,91254.6,66728,7839.08,2612.95,3791.25
392,w64_d8_q02_physics_s1,8x64,64,8,2,physics,1,1000 mm,2622.69,9814.14,30412,29888,113702,106126,75602.7,7625.06,2622.69,10359.4
393,w128_d8_q04_physics_s1,8x128,128,8,4,physics,1,1000 mm,2632.49,3531.85,119188,118144,105773,103034,70989.8,13622.9,2632.49,3772.89
394,w128_d4_q10_data_s1,4x128,128,4,10,data,1,10 mm,2643.82,2517.68,56236,55680,222492,3158.32,2643.82,3289.84,3381.7,2873.4
395,w128_d4_q16_data_s2,4x128,128,4,16,data,2,full crossing,2655.98,1950.48,59332,58752,67032.6,4500.77,2876.93,3805.82,4600.43,2655.98
396,w64_d8_q04_physics_s2,8x64,64,8,4,physics,2,1000 mm,2668.14,3477.35,30932,30400,240988,247038,170268,7643.62,2668.14,3616.78
397,w256_d8_q02_physics_s1,8x256,256,8,2,physics,1,1000 mm,2673.06,9676.25,465676,463616,102817,105010,73698.8,12225.2,2673.06,10704.2
398,w128_d4_q02_physics_s1,4x128,128,4,2,physics,1,1000 mm,2687,9722.85,52108,51584,218924,206570,159900,10839.6,2687,10330.4
399,w256_d8_q04_physics_s1,8x256,256,8,4,physics,1,1000 mm,2692.12,3533.38,467732,465664,83880.8,82915.2,63995.5,9696.98,2692.12,3713.59
400,w256_d8_q04_physics_s2,8x256,256,8,4,physics,2,1000 mm,2701.44,3533.38,467732,465664,69782.4,67642.2,50375.9,8957.41,2701.44,3689.08
401,w128_d4_q10_data_s0,4x128,128,4,10,data,0,full crossing,2705.56,2517.68,56236,55680,114730,3149.04,2992.47,3114.69,3726.8,2705.56
402,w128_d8_q04_physics_s2,8x128,128,8,4,physics,2,1000 mm,2721.64,3531.85,119188,118144,166063,159867,108596,10880.4,2721.64,3742.25
403,w256_d8_q02_physics_s0,8x256,256,8,2,physics,0,1000 mm,2799.72,9676.25,465676,463616,52720.1,48009.3,37205.6,12114.1,2799.72,10570.6
404,w64_d4_q04_physics_s2,4x64,64,4,4,physics,2,1000 mm,2807.64,3582.47,14292,14016,222720,250587,192212,16577.3,2807.64,3634.83
405,w32_d4_q02_physics_s1,4x32,32,4,2,physics,1,1000 mm,2817.28,9887.95,3820,3680,381838,375679,253324,11535,2817.28,10253.2
406,w32_d4_q04_physics_s1,4x32,32,4,4,physics,1,1000 mm,2833.62,3542.62,4084,3936,338818,333525,232650,12026.4,2833.62,3734.1
407,w64_d4_q02_physics_s0,4x64,64,4,2,physics,0,1000 mm,2835.98,9918.84,13772,13504,181276,172960,128695,14531.1,2835.98,10568.8
408,w64_d4_q04_physics_s0,4x64,64,4,4,physics,0,1000 mm,2859.09,3582.47,14292,14016,166642,160805,124452,20149.5,2859.09,4045.2
409,w32_d4_q04_physics_s0,4x32,32,4,4,physics,0,1000 mm,2914.18,3542.62,4084,3936,493155,477610,348269,10872.2,2914.18,3654.1
410,w256_d4_q04_physics_s0,4x256,256,4,4,physics,0,1000 mm,2924.68,3585.42,204564,203520,280350,270138,211815,12001.2,2924.68,3802.83
411,w128_d2_q04_physics_s2,2x128,128,2,4,physics,2,1000 mm,2954.21,3859.54,20116,19840,493309,479385,422268,23010.1,2954.21,3977.2
412,w32_d4_q04_physics_s2,4x32,32,4,4,physics,2,1000 mm,2985.11,3542.62,4084,3936,264854,244987,185971,17657,2985.11,3707
413,w32_d8_q04_physics_s2,8x32,32,8,4,physics,2,1000 mm,3029.26,3600.72,8308,8032,266492,287718,183758,12410.8,3029.26,3922.7
414,w128_d4_q02_physics_s2,4x128,128,4,2,physics,2,1000 mm,3033.04,9722.85,52108,51584,243928,237432,171230,14571.3,3033.04,10744.6
415,w32_d8_q04_physics_s0,8x32,32,8,4,physics,0,1000 mm,3054.76,3600.72,8308,8032,530769,544744,453762,11732.9,3054.76,3926.58
416,w128_d4_q04_physics_s2,4x128,128,4,4,physics,2,1000 mm,3063.49,3569.79,53140,52608,253156,253179,191697,15148,3063.49,3707.05
417,w64_d4_q02_data_s1,4x64,64,4,2,data,1,1 mm,3068.83,3565.46,13772,13504,76823.9,3068.83,3958.26,3899.24,4617.67,3173.29
418,w128_d4_q04_physics_s1,4x128,128,4,4,physics,1,1000 mm,3078.1,3569.79,53140,52608,200927,198951,154532,17145.7,3078.1,3684.62
419,w64_d2_q02_physics_s0,2x64,64,2,2,physics,0,1000 mm,3114.76,9934.39,5452,5312,415839,409041,341115,14852.1,3114.76,10604.5
420,w64_d4_q02_data_s2,4x64,64,4,2,data,2,1 mm,3122.82,3565.46,13772,13504,59643.4,3122.82,3179.29,3883.84,4742.29,4024.09
421,w32_d4_q02_physics_s0,4x32,32,4,2,physics,0,1000 mm,3147.49,9887.95,3820,3680,271658,257928,184104,10567.6,3147.49,10809.2
422,w256_d4_q02_physics_s1,4x256,256,4,2,physics,1,1000 mm,3160.73,9705.86,202508,201472,287610,275387,198278,11132.7,3160.73,10429.8
423,w64_d2_q02_physics_s1,2x64,64,2,2,physics,1,1000 mm,3170.08,9934.39,5452,5312,413123,403231,344337,24281.9,3170.08,10924.9
424,w64_d4_q04_data_s2,4x64,64,4,4,data,2,10 mm,3194.83,3856.71,14292,14016,28821.3,3538.25,3194.83,3655.49,3997.73,3591.37
425,w128_d2_q16_data_s2,2x128,128,2,16,data,2,full crossing,3237.82,4864.4,26308,25984,311841,196390,26782.3,15006,4878.55,3237.82
426,w128_d2_q04_data_s2,2x128,128,2,4,data,2,full crossing,3246.43,3317.95,20116,19840,250379,198433,20214.4,8791.47,4145.49,3246.43
427,w128_d2_q02_physics_s2,2x128,128,2,2,physics,2,1000 mm,3270.94,9855.8,19084,18816,404647,409658,360460,31929.6,3270.94,10559.7
428,w64_d4_q16_data_s1,4x64,64,4,16,data,1,1 mm,3277.56,4972.21,17412,17088,58073.3,3277.56,3539.2,3463.06,7912.55,3540.87
429,w128_d2_q04_physics_s1,2x128,128,2,4,physics,1,1000 mm,3277.68,3859.54,20116,19840,400617,379315,324994,25777.7,3277.68,3954.97
430,w256_d4_q02_physics_s2,4x256,256,4,2,physics,2,1000 mm,3293.38,9705.86,202508,201472,234832,227977,176399,10831.1,3293.38,10325.8
431,w128_d4_q18_data_s2,4x128,128,4,18,data,2,100 mm,3323.5,3990.99,60364,59776,117202,4949.05,3484.49,3323.5,10099.6,4695.91
432,w64_d4_q02_physics_s2,4x64,64,4,2,physics,2,1000 mm,3326.67,9918.84,13772,13504,199766,197310,146214,11532.5,3326.67,10833.3
433,w64_d8_q10_data_s2,8x64,64,8,10,data,2,10 mm,3328.89,7286.65,32492,31936,36127.2,5445.55,3328.89,4021.24,9147.07,4348.49
434,w32_d2_q04_physics_s1,2x32,32,2,4,physics,1,1000 mm,3398.13,3817.12,1972,1888,512181,483247,384641,20555.5,3398.13,3923.75
435,w64_d2_q04_physics_s0,2x64,64,2,4,physics,0,1000 mm,3420.09,3597.32,5972,5824,370000,355908,303124,27380.5,3420.09,3689.82
436,w256_d8_q14_data_s0,8x256,256,8,14,data,0,100 mm,3421.96,5110.95,478012,475904,168703,14092.4,4969.99,3421.96,9478.16,5644.32
437,w128_d2_q04_data_s1,2x128,128,2,4,data,1,full crossing,3424.74,3317.95,20116,19840,214650,98327.7,20319.6,8648.07,7177,3424.74
438,w64_d2_q04_physics_s1,2x64,64,2,4,physics,1,1000 mm,3430.03,3597.32,5972,5824,419722,400567,349202,27735.4,3430.03,3804.55
439,w32_d4_q02_data_s0,4x32,32,4,2,data,0,1 mm,3441.06,7655.54,3820,3680,8557.87,3441.06,3618.76,4885.09,9166.81,4756.87
440,w32_d4_q10_data_s1,4x32,32,4,10,data,1,1 mm,3451.14,6639.13,4876,4704,19051.7,3451.14,5177.4,6730.12,9565.91,5277.09
441,w128_d2_q06_data_s2,2x128,128,2,6,data,2,full crossing,3452.19,3553.68,21148,20864,453411,137833,19156.3,8973.18,5435.83,3452.19
442,w64_d4_q08_data_s1,4x64,64,4,8,data,1,100 mm,3460.96,4766.54,15332,15040,68657.6,4171.61,4104.05,3460.96,9085.9,5361.78
443,w128_d2_q02_data_s1,2x128,128,2,2,data,1,full crossing,3503.99,3464.24,19084,18816,391827,225573,55624,21220.7,7318.81,3503.99
444,w128_d4_q04_physics_s0,4x128,128,4,4,physics,0,1000 mm,3520.5,3569.79,53140,52608,419801,408361,295268,11487.5,3520.5,3797.13
445,w256_d4_q02_physics_s0,4x256,256,4,2,physics,0,1000 mm,3528.06,9705.86,202508,201472,314948,304470,236869,10120.8,3528.06,10299.6
446,w32_d2_q02_physics_s2,2x32,32,2,2,physics,2,1000 mm,3540.58,9831.02,1708,1632,444326,446240,357465,20935.1,3540.58,10625.8
447,w128_d4_q08_data_s2,4x128,128,4,8,data,2,100 mm,3544.71,2416.24,55204,54656,225751,5961.69,3970.91,3544.71,7055.84,5340.05
448,w32_d2_q04_physics_s2,2x32,32,2,4,physics,2,1000 mm,3560.76,3817.12,1972,1888,406318,399227,322933,12884,3560.76,3888.96
449,w32_d2_q04_physics_s0,2x32,32,2,4,physics,0,full crossing,3588.89,3817.12,1972,1888,403372,390014,316714,22355.3,3704.15,3588.89
450,w256_d4_q04_physics_s1,4x256,256,4,4,physics,1,1000 mm,3597.2,3585.42,204564,203520,162818,164168,127071,18433.2,3597.2,3841.26
451,w128_d2_q04_physics_s0,2x128,128,2,4,physics,0,1000 mm,3605.93,3859.54,20116,19840,403697,389561,348402,59373.4,3605.93,3963.31
452,w64_d4_q04_data_s1,4x64,64,4,4,data,1,10 mm,3606.7,3856.71,14292,14016,79762.4,3997.83,3606.7,4556.08,4354.99,3978.49
453,w128_d2_q06_data_s1,2x128,128,2,6,data,1,full crossing,3625.3,3553.68,21148,20864,268875,196553,36402.6,7474.09,6145.33,3625.3
454,w128_d2_q08_data_s0,2x128,128,2,8,data,0,full crossing,3625.69,3542.65,22180,21888,325701,121316,40950.4,8751.85,4785.52,3625.69
455,w32_d4_q12_data_s2,4x32,32,4,12,data,2,1 mm,3640.97,6455.29,5140,4960,5738.37,3640.97,3811.32,4589.58,13345.8,5948.51
456,w256_d4_q04_physics_s2,4x256,256,4,4,physics,2,1000 mm,3646.92,3585.42,204564,203520,194575,189890,144201,10679.7,3646.92,3721.17
457,w32_d4_q16_data_s1,4x32,32,4,16,data,1,10 mm,3659.63,6786.8,5668,5472,8186.32,4237.32,3659.63,4829.21,9788.32,7265.91
458,w64_d4_q20_data_s2,4x64,64,4,20,data,2,1 mm,3670.49,5659.84,18452,18112,117930,3670.49,3818.53,3846.54,8605.57,3980.28
459,w64_d4_q02_data_s0,4x64,64,4,2,data,0,1 mm,3683.56,3565.46,13772,13504,56536.5,3683.56,4064.77,5487.58,7344.9,4371.95
460,w64_d2_q02_physics_s2,2x64,64,2,2,physics,2,1000 mm,3701.16,9934.39,5452,5312,380495,382744,319581,17515,3701.16,10005.6
461,w128_d4_q18_data_s0,4x128,128,4,18,data,0,100 mm,3742.29,3990.99,60364,59776,159702,5613.7,5235.74,3742.29,8945.85,4479.94
462,w64_d2_q04_physics_s2,2x64,64,2,4,physics,2,full crossing,3751.53,3597.32,5972,5824,422285,407350,342047,18413.9,3824.49,3751.53
463,w128_d4_q06_data_s1,4x128,128,4,6,data,1,10 mm,3751.91,1458.6,54172,53632,138657,9759.2,3751.91,5329.35,7522.23,6507.83
464,w128_d2_q08_data_s1,2x128,128,2,8,data,1,full crossing,3775.18,3542.65,22180,21888,359227,142094,8435.5,7781.7,6832.6,3775.18
465,w256_d8_q16_data_s1,8x256,256,8,16,data,1,100 mm,3788,5959.82,480068,477952,231784,8596.31,3840.96,3788,5814.86,4524.54
466,w32_d8_q08_data_s2,8x32,32,8,8,data,2,100 mm,3793.85,9455.67,8836,8544,8485.26,3902.06,3857.37,3793.85,11751.7,5665.26
467,w128_d4_q02_physics_s0,4x128,128,4,2,physics,0,1000 mm,3817.23,9722.85,52108,51584,267067,256026,196052,15761.1,3817.23,9859.22
468,w256_d8_q18_data_s2,8x256,256,8,18,data,2,10 mm,3830.74,4112.78,482124,480000,157650,14321.9,3830.74,4582.81,9730.84,4479.33
469,w128_d2_q02_physics_s1,2x128,128,2,2,physics,1,1000 mm,3841.21,9855.8,19084,18816,417527,406356,352319,34099.7,3841.21,10273.2
470,w64_d8_q02_data_s2,8x64,64,8,2,data,2,1 mm,3846.07,4170.15,30412,29888,34271.2,3846.07,3916.7,4312.35,11540.2,4457.65
471,w256_d2_q04_physics_s2,2x256,256,2,4,physics,2,1000 mm,3859.96,4050.08,72980,72448,377019,356521,318731,54379.8,3859.96,3980.23
472,w32_d4_q18_data_s0,4x32,32,4,18,data,0,10 mm,3865.83,7750.19,5932,5728,8548.49,4591.08,3865.83,4669.08,12282.6,8559.36
473,w128_d2_q02_physics_s0,2x128,128,2,2,physics,0,1000 mm,3872.65,9855.8,19084,18816,444753,452021,403124,41318.6,3872.65,10460.9
474,w64_d4_q16_data_s0,4x64,64,4,16,data,0,1 mm,3872.71,4972.21,17412,17088,31053.4,3872.71,5335.87,4813.18,9785.8,5341.79
475,w64_d4_q18_data_s2,4x64,64,4,18,data,2,100 mm,3902.16,4828.39,17932,17600,221100,4575.11,4730.93,3902.16,10910.9,5251.52
476,w128_d2_q02_data_s0,2x128,128,2,2,data,0,full crossing,3915.59,3464.24,19084,18816,217208,134338,45913.7,22673.1,6282.51,3915.59
477,w32_d2_q02_physics_s0,2x32,32,2,2,physics,0,1000 mm,3929.33,9831.02,1708,1632,377480,367027,303536,22949.9,3929.33,10845.1
478,w128_d2_q02_data_s2,2x128,128,2,2,data,2,full crossing,3933.75,3464.24,19084,18816,284480,205179,23068.8,22714.8,5208.9,3933.75
479,w256_d8_q20_data_s0,8x256,256,8,20,data,0,full crossing,3963.14,6880.5,484180,482048,176058,22156.3,4708.69,4676.99,8092.12,3963.14
480,w64_d4_q08_data_s2,4x64,64,4,8,data,2,10 mm,3993.11,4766.54,15332,15040,86581.2,4384.56,3993.11,5069.27,10677.1,4872.64
481,w128_d8_q16_data_s2,8x128,128,8,16,data,2,full crossing,3995.36,4585.36,125380,124288,147899,6456.84,4588.11,4141.52,8620.41,3995.36
482,w64_d4_q20_data_s1,4x64,64,4,20,data,1,10 mm,4035.59,5659.84,18452,18112,101143,4699.41,4035.59,4479.51,9478.9,6802.74
483,w64_d8_q08_data_s2,8x64,64,8,8,data,2,100 mm,4039.66,6145.58,31972,31424,40354,4176.39,4778.2,4039.66,11832.5,6410.93
484,w64_d4_q10_data_s2,4x64,64,4,10,data,2,10 mm,4054.8,5419.12,15852,15552,61125,4783.11,4054.8,4287.89,9339.83,5449.3
485,w128_d2_q04_data_s0,2x128,128,2,4,data,0,full crossing,4085.47,3317.95,20116,19840,283877,174703,20339.7,5848.28,4977.3,4085.47
486,w64_d8_q06_data_s1,8x64,64,8,6,data,1,10 mm,4107.31,5925.54,31452,30912,100667,4629.97,4107.31,4123.79,13290.9,5971.19
487,w32_d4_q12_data_s0,4x32,32,4,12,data,0,1 mm,4113.24,6455.29,5140,4960,14437.7,4113.24,4338.27,5929.98,10963.2,7055.92
488,w256_d2_q04_physics_s1,2x256,256,2,4,physics,1,1000 mm,4114.46,4050.08,72980,72448,392273,391605,358666,58774.4,4114.46,4257.26
489,w64_d8_q14_data_s0,8x64,64,8,14,data,0,1 mm,4118.74,5057.42,33532,32960,51607.6,4118.74,4463.55,5168.01,14598.8,5126.73
490,w128_d2_q06_data_s0,2x128,128,2,6,data,0,full crossing,4134.18,3553.68,21148,20864,249406,91319.3,10432.3,7141.8,6102.4,4134.18
491,w64_d4_q10_data_s1,4x64,64,4,10,data,1,full crossing,4140.78,5419.12,15852,15552,69975.8,5531.57,4164.33,5846.15,7636.51,4140.78
492,w64_d4_q14_data_s1,4x64,64,4,14,data,1,10 mm,4146.5,6203.38,16892,16576,60156.7,4647.26,4146.5,4834.27,10122.9,5573.59
493,w256_d2_q04_physics_s0,2x256,256,2,4,physics,0,full crossing,4153.77,4050.08,72980,72448,377681,365139,330541,47691,5085.13,4153.77
494,w128_d4_q12_data_s0,4x128,128,4,12,data,0,100 mm,4169.34,4005.61,57268,56704,130699,5159.76,4367.44,4169.34,9181.35,4378.94
495,w64_d4_q04_data_s0,4x64,64,4,4,data,0,100 mm,4174.59,3856.71,14292,14016,53458.8,6278.6,4278.43,4174.59,9380.62,6993.08
496,w128_d8_q02_data_s2,8x128,128,8,2,data,2,full crossing,4179.23,5718.99,118156,117120,129110,5184.55,4357.64,4715.54,8726.87,4179.23
497,w128_d8_q02_data_s0,8x128,128,8,2,data,0,10 mm,4196.77,5718.99,118156,117120,155437,7715.99,4196.77,6554.48,9074.18,6141.62
498,w256_d8_q06_data_s1,8x256,256,8,6,data,1,100 mm,4223.09,4479.34,469788,467712,159078,7774.49,5300.91,4223.09,9563.15,4812.31
499,w128_d2_q14_data_s2,2x128,128,2,14,data,2,full crossing,4228.53,4183.93,25276,24960,349350,180607,12676.3,9191.34,7633.6,4228.53
500,w128_d2_q10_data_s1,2x128,128,2,10,data,1,full crossing,4240.34,4158.94,23212,22912,349512,178161,21161.8,9830.69,4719.57,4240.34
501,w128_d2_q10_data_s2,2x128,128,2,10,data,2,full crossing,4243.17,4158.94,23212,22912,142931,71644.8,9021.75,8925.4,5426.79,4243.17
502,w128_d2_q12_data_s0,2x128,128,2,12,data,0,full crossing,4245.9,4434.01,24244,23936,137771,88235.5,12703.6,7668.6,6316.99,4245.9
503,w64_d4_q18_data_s0,4x64,64,4,18,data,0,100 mm,4281.9,4828.39,17932,17600,46385.7,5617.6,4609.84,4281.9,12991.1,5665.41
504,w128_d4_q20_data_s1,4x128,128,4,20,data,1,100 mm,4292.79,5443.37,61396,60800,123207,5768.24,5030.11,4292.79,10185.8,7124.21
505,w128_d8_q16_data_s0,8x128,128,8,16,data,0,100 mm,4295.11,4585.36,125380,124288,250975,5700.34,4668.04,4295.11,9550.59,5197.19
506,w64_d4_q14_data_s0,4x64,64,4,14,data,0,1 mm,4315.1,6203.38,16892,16576,52211.9,4315.1,4755.56,4595.19,8798.84,8441.21
507,w128_d8_q18_data_s1,8x128,128,8,18,data,1,10 mm,4332.07,6286.51,126412,125312,202422,10714.9,4332.07,6296.89,10974,6696.73
508,w64_d4_q18_data_s1,4x64,64,4,18,data,1,100 mm,4377.39,4828.39,17932,17600,95482.8,4527.82,4519.2,4377.39,7710.6,4586.28
509,w32_d4_q10_data_s2,4x32,32,4,10,data,2,1 mm,4379.22,6639.13,4876,4704,16994.5,4379.22,5187.89,7421.81,12034.3,7504.53
510,w256_d8_q06_data_s0,8x256,256,8,6,data,0,100 mm,4381.8,4479.34,469788,467712,233572,16688.6,4488.88,4381.8,9805.85,4909.05
511,w64_d4_q12_data_s2,4x64,64,4,12,data,2,10 mm,4433.2,5851.53,16372,16064,79756.7,5124.67,4433.2,4615.91,11217.4,6477.42
512,w256_d2_q02_physics_s0,2x256,256,2,2,physics,0,1000 mm,4465.62,10046.6,70924,70400,381317,377427,344376,54788.6,4465.62,10602.5
513,w128_d8_q08_data_s0,8x128,128,8,8,data,0,1 mm,4494.44,4850.57,121252,120192,120582,4494.44,4593.07,4886.09,10530.5,4556.55
514,w128_d2_q20_data_s2,2x128,128,2,20,data,2,full crossing,4510.46,4665.92,28372,28032,170999,71023.8,8690.31,14146.7,7617.86,4510.46
515,w32_d4_q04_data_s1,4x32,32,4,4,data,1,1 mm,4511,5952.57,4084,3936,15225.8,4511,4851.5,5575.16,12285.9,6613.51
516,w128_d4_q20_data_s2,4x128,128,4,20,data,2,10 mm,4539.47,5443.37,61396,60800,111718,4998.78,4539.47,4567.95,13557.4,5984.79
517,w128_d4_q14_data_s2,4x128,128,4,14,data,2,10 mm,4559.65,1295.74,58300,57728,128814,9266.22,4559.65,5154.49,9061.93,5394.5
518,w256_d8_q14_data_s1,8x256,256,8,14,data,1,full crossing,4595.98,5110.95,478012,475904,124365,10321.9,5282.02,6029.82,9762.85,4595.98
519,w128_d2_q08_data_s2,2x128,128,2,8,data,2,full crossing,4613.16,3542.65,22180,21888,241587,87256.2,10386.2,8102.22,5256.94,4613.16
520,w128_d2_q14_data_s0,2x128,128,2,14,data,0,full crossing,4631.79,4183.93,25276,24960,283614,144301,9244.12,5877.31,6857.72,4631.79
521,w256_d8_q10_data_s2,8x256,256,8,10,data,2,full crossing,4637.81,5216.23,473900,471808,228509,16956.9,4907.63,4755.62,9424.34,4637.81
522,w64_d8_q16_data_s2,8x64,64,8,16,data,2,100 mm,4643.9,9414.6,34052,33472,66255,6260.25,9141.09,4643.9,14510.5,7489.14
523,w32_d4_q04_data_s0,4x32,32,4,4,data,0,10 mm,4650.5,5952.57,4084,3936,12667.2,4734.5,4650.5,7825.64,7813.62,5695.26
524,w128_d2_q18_data_s2,2x128,128,2,18,data,2,full crossing,4659.93,5154.54,27340,27008,225968,132790,10558.4,10140.3,6459.58,4659.93
525,w64_d8_q02_data_s0,8x64,64,8,2,data,0,1 mm,4666.49,4170.15,30412,29888,13652.8,4666.49,5890.1,7521.31,10076.1,7360.62
526,w64_d4_q10_data_s0,4x64,64,4,10,data,0,100 mm,4668.69,5419.12,15852,15552,106589,7213.38,5190.6,4668.69,9460.46,6526.4
527,w32_d2_q02_physics_s1,2x32,32,2,2,physics,1,1000 mm,4668.87,9831.02,1708,1632,431448,438826,363087,17852.2,4668.87,10160.4
528,w32_d8_q20_data_s0,8x32,32,8,20,data,0,10 mm,4671.1,9042.41,10420,10080,10699.7,4946.16,4671.1,5026.72,11437.3,7414.12
529,w64_d8_q20_data_s1,8x64,64,8,20,data,1,100 mm,4672.05,7510.56,35092,34496,29823.9,10744.5,5715.72,4672.05,14687.7,6095.73
530,w256_d8_q02_data_s0,8x256,256,8,2,data,0,full crossing,4722.65,4977.95,465676,463616,202547,14809.8,5099.39,4729.58,7190.34,4722.65
531,w128_d2_q10_data_s0,2x128,128,2,10,data,0,full crossing,4759.72,4158.94,23212,22912,289340,91953.8,8669.15,7991.89,11027.1,4759.72
532,w128_d8_q10_data_s0,8x128,128,8,10,data,0,10 mm,4766.54,6988.25,122284,121216,122820,9884.95,4766.54,6193.94,9737.82,5616.41
533,w32_d4_q06_data_s2,4x32,32,4,6,data,2,10 mm,4800.24,6724.32,4348,4192,11443.4,5590.28,4800.24,5508.71,14672.9,7234.53
534,w256_d8_q02_data_s1,8x256,256,8,2,data,1,100 mm,4817.59,4977.95,465676,463616,204331,15149.5,5724.45,4817.59,7525.03,5443.22
535,w64_d8_q04_data_s2,8x64,64,8,4,data,2,10 mm,4834.78,7541.11,30932,30400,23200.9,4892.41,4834.78,9146.55,8904.67,5741.17
536,w128_d2_q12_data_s1,2x128,128,2,12,data,1,full crossing,4841.49,4434.01,24244,23936,275813,128633,6977.3,5811.73,7098.28,4841.49
537,w32_d4_q06_data_s1,4x32,32,4,6,data,1,10 mm,4906.52,6724.32,4348,4192,13155.8,5355.78,4906.52,10036.1,10869.3,7181.71
538,w64_d8_q14_data_s2,8x64,64,8,14,data,2,10 mm,4914.24,5057.42,33532,32960,83848.8,5703.33,4914.24,6106.44,11113.3,6011.54
539,w128_d8_q04_data_s1,8x128,128,8,4,data,1,100 mm,4925.66,5174.91,119188,118144,173190,5363.64,5352.04,4925.66,9907.93,5785.26
540,w32_d4_q08_data_s1,4x32,32,4,8,data,1,10 mm,4949.2,8485.63,4612,4448,18103.4,5459.09,4949.2,5373.21,10895.5,6925.52
541,w32_d4_q16_data_s2,4x32,32,4,16,data,2,1 mm,4976.38,6786.8,5668,5472,8318.4,4976.38,5424.36,5719.84,11815.9,5577
542,w64_d4_q06_data_s2,4x64,64,4,6,data,2,10 mm,4980.92,5780.65,14812,14528,75762.1,5037.98,4980.92,5163.47,12765.2,5928.79
543,w128_d8_q06_data_s1,8x128,128,8,6,data,1,full crossing,4988.98,5022.34,120220,119168,148422,5091.24,5450.14,5049.48,11974.6,4988.98
544,w64_d4_q12_data_s0,4x64,64,4,12,data,0,100 mm,5057.95,5851.53,16372,16064,104516,5885.77,5893.47,5057.95,11278.1,6468.19
545,w128_d8_q14_data_s2,8x128,128,8,14,data,2,10 mm,5062.5,6142.59,124348,123264,142686,8641.56,5062.5,7093.39,11374.1,6065.96
546,w64_d4_q20_data_s0,4x64,64,4,20,data,0,100 mm,5065.67,5659.84,18452,18112,170614,5323.5,5161.5,5065.67,12812,5950.64
547,w128_d8_q08_data_s2,8x128,128,8,8,data,2,full crossing,5080.34,4850.57,121252,120192,68780.9,5284.59,6062.09,6013.83,10490.1,5080.34
548,w256_d2_q02_physics_s1,2x256,256,2,2,physics,1,1000 mm,5085.5,10046.6,70924,70400,390089,384352,347950,54349.1,5085.5,10544.5
549,w32_d4_q14_data_s2,4x32,32,4,14,data,2,1 mm,5108.85,6995.49,5404,5216,8223.14,5108.85,5915.49,8517.44,13157.2,7465.59
550,w128_d2_q20_data_s0,2x128,128,2,20,data,0,full crossing,5164.21,4665.92,28372,28032,183622,91618.3,10542,8493.78,9069.72,5164.21
551,w64_d8_q08_data_s1,8x64,64,8,8,data,1,1 mm,5195.94,6145.58,31972,31424,39696.8,5195.94,5784.29,7120.71,10695.8,6525.74
552,w32_d4_q06_data_s0,4x32,32,4,6,data,0,1 mm,5224.61,6724.32,4348,4192,12418.2,5224.61,6142.56,8109.49,10933,7276.21
553,w32_d8_q02_data_s1,8x32,32,8,2,data,1,10 mm,5248.19,7704.34,8044,7776,12176.6,7237.6,5248.19,5500.92,10816.2,6656.54
554,w256_d8_q10_data_s0,8x256,256,8,10,data,0,100 mm,5248.43,5216.23,473900,471808,169140,12984.5,5635.72,5248.43,11097.4,5716.57
555,w64_d8_q12_data_s1,8x64,64,8,12,data,1,10 mm,5277.89,6803.31,33012,32448,138283,11756.3,5277.89,7481.59,9150.02,7166.29
556,w32_d4_q20_data_s0,4x32,32,4,20,data,0,10 mm,5303.05,7675.68,6196,5984,10468.2,6766.5,5303.05,8672.52,13010.5,8505.07
557,w256_d8_q12_data_s0,8x256,256,8,12,data,0,full crossing,5312.01,5286.83,475956,473856,298888,22780,7422.57,6990.54,7828.89,5312.01
558,w64_d4_q14_data_s2,4x64,64,4,14,data,2,100 mm,5329.42,6203.38,16892,16576,174432,8082.1,6073.04,5329.42,10638.5,6701.81
559,w128_d2_q16_data_s1,2x128,128,2,16,data,1,full crossing,5355.26,4864.4,26308,25984,384465,174565,18750.6,7127.5,8984.9,5355.26
560,w128_d4_q12_data_s1,4x128,128,4,12,data,1,100 mm,5367.2,4005.61,57268,56704,136577,9517.97,5518.73,5367.2,8671.76,6274.65
561,w64_d8_q14_data_s1,8x64,64,8,14,data,1,full crossing,5384.47,5057.42,33532,32960,248123,8727.28,7743.85,7162.13,11609.2,5384.47
562,w256_d2_q02_physics_s2,2x256,256,2,2,physics,2,1000 mm,5394.42,10046.6,70924,70400,351191,353203,321558,71280.9,5394.42,10777.3
563,w64_d8_q04_data_s0,8x64,64,8,4,data,0,10 mm,5409.34,7541.11,30932,30400,39617.9,6723.04,5409.34,5705.81,9402.18,8225.44
564,w128_d8_q06_data_s2,8x128,128,8,6,data,2,full crossing,5437.74,5022.34,120220,119168,144826,12852.8,6494.27,5721.66,9483.11,5437.74
565,w64_d2_q12_data_s0,2x64,64,2,12,data,0,100 mm,5475.85,9536.39,8052,7872,196976,20168.8,6869.86,5475.85,8430.72,12379
566,w32_d4_q02_data_s1,4x32,32,4,2,data,1,10 mm,5483.98,7655.54,3820,3680,17368.8,6608.79,5483.98,6788.85,6530.76,8371.52
567,w32_d4_q04_data_s2,4x32,32,4,4,data,2,1 mm,5495.96,5952.57,4084,3936,7305.16,5495.96,6586.8,6133.62,11912.2,6554.76
568,w256_d8_q10_data_s1,8x256,256,8,10,data,1,10 mm,5535.22,5216.23,473900,471808,246862,11278.4,5535.22,6463.72,10321.2,5682.24
569,w128_d2_q16_data_s0,2x128,128,2,16,data,0,full crossing,5565.54,4864.4,26308,25984,312856,144136,14151.4,6472.36,8923.16,5565.54
570,w256_d8_q18_data_s0,8x256,256,8,18,data,0,10 mm,5574.82,4112.78,482124,480000,118229,18070.8,5574.82,6590.82,10312.7,5865.83
571,w32_d4_q10_data_s0,4x32,32,4,10,data,0,10 mm,5586.54,6639.13,4876,4704,14196.1,6088.09,5586.54,6131.55,10623.8,9519.97
572,w64_d2_q08_data_s0,2x64,64,2,8,data,0,100 mm,5589.46,7233.94,7012,6848,191734,43713.4,8472.63,5589.46,9202.05,7726.69
573,w256_d8_q14_data_s2,8x256,256,8,14,data,2,100 mm,5598.15,5110.95,478012,475904,272894,49299.6,6688.55,5598.15,10675.3,5878.65
574,w128_d2_q14_data_s1,2x128,128,2,14,data,1,full crossing,5602.29,4183.93,25276,24960,242617,147610,17686.9,7125.48,7204.36,5602.29
575,w128_d2_q18_data_s1,2x128,128,2,18,data,1,full crossing,5609.37,5154.54,27340,27008,344525,198297,7106.85,5991.08,7336.26,5609.37
576,w128_d8_q12_data_s0,8x128,128,8,12,data,0,full crossing,5639.48,7109.69,123316,122240,217709,11047.7,6166.66,6937.65,8467.58,5639.48
577,w128_d8_q04_data_s2,8x128,128,8,4,data,2,full crossing,5655.6,5174.91,119188,118144,168642,8856.83,7044.08,7609.31,10842.6,5655.6
578,w128_d2_q20_data_s1,2x128,128,2,20,data,1,100 mm,5730.19,4665.92,28372,28032,238904,146976,26817.1,5730.19,9887.74,5778.53
579,w32_d8_q04_data_s2,8x32,32,8,4,data,2,1000 mm,5818.62,7889.36,8308,8032,10784.3,10327,11720.4,9638.07,5818.62,6374.09
580,w64_d4_q08_data_s0,4x64,64,4,8,data,0,10 mm,5851.33,4766.54,15332,15040,101983,8386.66,5851.33,7783,8358.1,8603.53
581,w256_d8_q04_data_s0,8x256,256,8,4,data,0,100 mm,5866.62,5782.4,467732,465664,186862,19780.3,11565.6,5866.62,9816.25,7996.95
582,w64_d8_q04_data_s1,8x64,64,8,4,data,1,10 mm,5890.61,7541.11,30932,30400,64310.6,6793.65,5890.61,7749.1,12118.7,8167.13
583,w64_d4_q16_data_s2,4x64,64,4,16,data,2,100 mm,5915.47,4972.21,17412,17088,172486,8791.2,6359.11,5915.47,11338.7,7482.77
584,w64_d4_q06_data_s1,4x64,64,4,6,data,1,10 mm,5961.54,5780.65,14812,14528,181777,9884.72,5961.54,7284.13,8114.68,7679.62
585,w128_d2_q12_data_s2,2x128,128,2,12,data,2,full crossing,6075.6,4434.01,24244,23936,386789,138755,8269.94,9764.97,11037.5,6075.6
586,w64_d2_q16_data_s0,2x64,64,2,16,data,0,100 mm,6084.14,10869.8,9092,8896,178883,26570.8,10498.3,6084.14,9774.11,8655.73
587,w128_d2_q18_data_s0,2x128,128,2,18,data,0,full crossing,6094.5,5154.54,27340,27008,334818,130133,13589.3,8618.1,11361.2,6094.5
588,w128_d8_q06_data_s0,8x128,128,8,6,data,0,full crossing,6128.72,5022.34,120220,119168,165774,13873.8,7567.86,8655.1,8715.79,6128.72
589,w64_d2_q04_data_s2,2x64,64,2,4,data,2,full crossing,6144.01,6920.72,5972,5824,72369.6,30793,8516.25,9894.39,11034.6,6144.01
590,w32_d8_q06_data_s1,8x32,32,8,6,data,1,1 mm,6193.56,8870.57,8572,8288,14829.8,6193.56,7946.83,8663.91,9105.1,8737.48
591,w32_d4_q20_data_s1,4x32,32,4,20,data,1,1 mm,6198.76,7675.68,6196,5984,22173,6198.76,6218.29,7679.27,8704.36,10049.1
592,w128_d8_q02_data_s1,8x128,128,8,2,data,1,100 mm,6267.41,5718.99,118156,117120,233318,10284,7318.04,6267.41,10622.4,7084.79
593,w256_d8_q08_data_s1,8x256,256,8,8,data,1,10 mm,6275.89,6392.22,471844,469760,186105,12218.2,6275.89,6686.56,9080.81,6801.78
594,w64_d4_q12_data_s1,4x64,64,4,12,data,1,100 mm,6304.13,5851.53,16372,16064,46108.4,6487.92,6957.83,6304.13,10472.3,6789.3
595,w32_d8_q08_data_s0,8x32,32,8,8,data,0,1 mm,6319.44,9455.67,8836,8544,22973.9,6319.44,7865.76,9304.47,8499.99,10485.4
596,w64_d2_q06_data_s0,2x64,64,2,6,data,0,100 mm,6347.04,7114.5,6492,6336,103137,13206.1,7959.6,6347.04,6585.5,7236.29
597,w64_d2_q14_data_s0,2x64,64,2,14,data,0,1000 mm,6348.09,8864.2,8572,8384,104094,17360.9,7610.55,7729.67,6348.09,9428.46
598,w64_d8_q06_data_s0,8x64,64,8,6,data,0,full crossing,6361.87,5925.54,31452,30912,75930.2,14654,9299.55,10017.3,9260.39,6361.87
599,w32_d8_q16_data_s2,8x32,32,8,16,data,2,1 mm,6388.83,8751.81,9892,9568,14079,6388.83,7597.57,8882.78,9168.88,9680.34
600,w32_d2_q18_data_s0,2x32,32,2,18,data,0,10 mm,6395.38,10203.4,3820,3680,24251,7834.88,6395.38,12946.4,7601.86,10175
601,w128_d8_q10_data_s2,8x128,128,8,10,data,2,10 mm,6401.78,6988.25,122284,121216,122170,12133.2,6401.78,7485.45,13311.5,8516.35
602,w64_d8_q16_data_s0,8x64,64,8,16,data,0,100 mm,6415.12,9414.6,34052,33472,32632.5,9377.85,7093.94,6415.12,8180.9,9961.63
603,w128_d8_q20_data_s0,8x128,128,8,20,data,0,100 mm,6444.07,7096.64,127444,126336,116667,15112.4,6862.66,6444.07,12910.3,7056.51
604,w32_d4_q16_data_s0,4x32,32,4,16,data,0,10 mm,6445.21,6786.8,5668,5472,23670.5,6993.55,6445.21,6818.57,6855.23,9375.09
605,w64_d2_q08_data_s2,2x64,64,2,8,data,2,100 mm,6460.99,7233.94,7012,6848,125881,16293.8,6481.43,6460.99,8718.93,10311
606,w32_d8_q04_data_s0,8x32,32,8,4,data,0,10 mm,6476.88,7889.36,8308,8032,16729.7,7263.71,6476.88,9883.67,10453.1,9239.73
607,w256_d8_q04_data_s2,8x256,256,8,4,data,2,full crossing,6479.83,5782.4,467732,465664,243901,13080.8,9724.4,9883.51,9782.78,6479.83
608,w32_d2_q08_data_s1,2x32,32,2,8,data,1,10 mm,6526.51,9622.73,2500,2400,16731.7,11517,6526.51,8835.37,7673.05,9898.39
609,w128_d8_q16_data_s1,8x128,128,8,16,data,1,1000 mm,6530.56,4585.36,125380,124288,137294,14610.9,13899.5,10862.5,6530.56,8004.83
610,w256_d8_q16_data_s2,8x256,256,8,16,data,2,full crossing,6542.31,5959.82,480068,477952,171852,19363.6,8241.45,6587.61,10611.2,6542.31
611,w256_d8_q16_data_s0,8x256,256,8,16,data,0,1000 mm,6572.59,5959.82,480068,477952,174904,20303.8,11139.4,9680.42,6572.59,8737.37
612,w64_d2_q16_data_s1,2x64,64,2,16,data,1,100 mm,6593.58,10869.8,9092,8896,72284.3,8745.15,9809.12,6593.58,8704.68,11567.9
613,w128_d8_q14_data_s0,8x128,128,8,14,data,0,full crossing,6622.44,6142.59,124348,123264,195173,15205.2,9946.49,10014,7275.68,6622.44
614,w64_d8_q10_data_s0,8x64,64,8,10,data,0,10 mm,6630.01,7286.65,32492,31936,80128.2,9473.73,6630.01,8922.02,10647.1,8157.89
615,w128_d8_q12_data_s1,8x128,128,8,12,data,1,100 mm,6657.73,7109.69,123316,122240,112329,18731.7,6710.09,6657.73,7540.34,7466.13
616,w64_d2_q02_data_s1,2x64,64,2,2,data,1,full crossing,6706.6,6812.24,5452,5312,189878,27107.1,11409.2,8250.15,8349.21,6706.6
617,w256_d8_q08_data_s2,8x256,256,8,8,data,2,10 mm,6738.13,6392.22,471844,469760,168658,26789,6738.13,7919,6890.23,6936.55
618,w32_d8_q16_data_s1,8x32,32,8,16,data,1,10 mm,6738.29,8751.81,9892,9568,17241.5,7190.85,6738.29,7842.73,7338.99,9031.62
619,w256_d8_q12_data_s1,8x256,256,8,12,data,1,100 mm,6745.04,5286.83,475956,473856,151095,14202.2,7855.58,6745.04,7406.07,7294.45
620,w128_d8_q12_data_s2,8x128,128,8,12,data,2,10 mm,6754.25,7109.69,123316,122240,263374,15697.8,6754.25,7412.86,10870.2,11113.6
621,w64_d8_q12_data_s2,8x64,64,8,12,data,2,100 mm,6757.94,6803.31,33012,32448,60773,10808.3,9915.87,6757.94,8701.52,9143.44
622,w64_d2_q08_data_s1,2x64,64,2,8,data,1,1000 mm,6782.44,7233.94,7012,6848,156939,73519,18104.4,9324.48,6782.44,8004.06
623,w256_d8_q02_data_s2,8x256,256,8,2,data,2,100 mm,6824.58,4977.95,465676,463616,209658,13335,9666.5,6824.58,9987.1,6927.75
624,w128_d8_q18_data_s0,8x128,128,8,18,data,0,1000 mm,6828.78,6286.51,126412,125312,135955,14242.9,8063.42,7902.39,6828.78,6972.18
625,w128_d8_q18_data_s2,8x128,128,8,18,data,2,full crossing,6832.96,6286.51,126412,125312,124624,20160,10926.8,9363.02,7649.26,6832.96
626,w64_d2_q04_data_s1,2x64,64,2,4,data,1,100 mm,6834.11,6920.72,5972,5824,98855,17287.2,7965.93,6834.11,7492.01,7874.87
627,w64_d2_q14_data_s2,2x64,64,2,14,data,2,10 mm,6836.74,8864.2,8572,8384,67962.8,9828.44,6836.74,6963.21,6849.61,10406.8
628,w256_d8_q20_data_s1,8x256,256,8,20,data,1,100 mm,6860.28,6880.5,484180,482048,191416,14136.1,8935.6,6860.28,9214.43,7383.28
629,w32_d4_q18_data_s1,4x32,32,4,18,data,1,1 mm,6867.04,7750.19,5932,5728,28516.9,6867.04,8077.98,8089.91,8814.57,10110.5
630,w64_d2_q16_data_s2,2x64,64,2,16,data,2,10 mm,6867.58,10869.8,9092,8896,70800.2,9513.84,6867.58,8774.45,9603.88,11496.6
631,w32_d2_q02_data_s1,2x32,32,2,2,data,1,1000 mm,6907.31,8623.41,1708,1632,11226.6,10564.7,7184.86,7007.97,6907.31,8489.51
632,w256_d8_q20_data_s2,8x256,256,8,20,data,2,100 mm,6909.13,6880.5,484180,482048,153988,21910.3,9607.71,6909.13,8264.04,7699.71
633,w128_d8_q14_data_s1,8x128,128,8,14,data,1,10 mm,6910,6142.59,124348,123264,137701,17156.8,6910,8158.44,7555.01,8017.01
634,w32_d8_q02_data_s2,8x32,32,8,2,data,2,10 mm,6922.37,7704.34,8044,7776,32039.7,8688.68,6922.37,9878.69,8257.02,8270.79
635,w64_d2_q20_data_s1,2x64,64,2,20,data,1,10 mm,6936.23,10183.4,10132,9920,103395,16893.2,6936.23,7550.83,8164.37,9590.07
636,w128_d8_q08_data_s1,8x128,128,8,8,data,1,100 mm,6948.9,4850.57,121252,120192,103420,10574.1,7802.22,6948.9,10738,8792.35
637,w32_d4_q12_data_s1,4x32,32,4,12,data,1,10 mm,6963.65,6455.29,5140,4960,19410.8,8733.06,6963.65,9180.1,9964.36,8323.68
638,w32_d8_q08_data_s1,8x32,32,8,8,data,1,1 mm,6989.8,9455.67,8836,8544,16844,6989.8,8156.61,8228.31,8355.22,10162.3
639,w32_d4_q14_data_s0,4x32,32,4,14,data,0,100 mm,6989.86,6995.49,5404,5216,51221.4,7965.62,7670.98,6989.86,7203.45,7618.49
640,w32_d8_q18_data_s1,8x32,32,8,18,data,1,1 mm,6999.87,9486.89,10156,9824,10313.5,6999.87,8831.72,7965.36,8447.31,10886.7
641,w64_d2_q06_data_s2,2x64,64,2,6,data,2,10 mm,7005.79,7114.5,6492,6336,117121,31202,7005.79,7736.99,8853.71,7815.85
642,w64_d8_q12_data_s0,8x64,64,8,12,data,0,full crossing,7021.25,6803.31,33012,32448,94610.7,15655.2,9038.14,10371.2,8090.2,7021.25
643,w64_d2_q02_data_s2,2x64,64,2,2,data,2,100 mm,7030.46,6812.24,5452,5312,124618,13831.3,7679.23,7030.46,9572.68,9092.71
644,w32_d8_q20_data_s2,8x32,32,8,20,data,2,1 mm,7058.48,9042.41,10420,10080,16857.4,7058.48,8303.66,7732.86,7950.61,9391.13
645,w32_d4_q18_data_s2,4x32,32,4,18,data,2,10 mm,7069.58,7750.19,5932,5728,13235.4,8391.1,7069.58,8316.41,12750.6,8328
646,w64_d8_q18_data_s0,8x64,64,8,18,data,0,10 mm,7075.35,8022.54,34572,33984,37413.9,8181.19,7075.35,7622.03,8318.7,9101.31
647,w32_d8_q06_data_s2,8x32,32,8,6,data,2,10 mm,7105.5,8870.57,8572,8288,17848.2,8538.05,7105.5,7191.89,7338.59,10766.2
648,w32_d2_q14_data_s0,2x32,32,2,14,data,0,100 mm,7114.44,9876.78,3292,3168,15555.8,8584.23,7191.43,7114.44,7314.09,11467.3
649,w32_d8_q12_data_s2,8x32,32,8,12,data,2,full crossing,7128.1,7639.93,9364,9056,16381.5,8805.15,7942.4,8275.52,9759.85,7128.1
650,w32_d8_q14_data_s0,8x32,32,8,14,data,0,10 mm,7135.41,10130.5,9628,9312,14612,8841.19,7135.41,8251.71,7623.44,10225.9
651,w32_d4_q14_data_s1,4x32,32,4,14,data,1,full crossing,7141.12,6995.49,5404,5216,12267,8330.8,10421.3,11729.6,8503.58,7141.12
652,w32_d8_q06_data_s0,8x32,32,8,6,data,0,1 mm,7171.27,8870.57,8572,8288,15710.4,7171.27,7825.68,7854.01,8062.01,9420.98
653,w64_d8_q10_data_s1,8x64,64,8,10,data,1,10 mm,7174.1,7286.65,32492,31936,27272.9,12474,7174.1,7920.18,11580.6,7664.38
654,w32_d2_q10_data_s1,2x32,32,2,10,data,1,1000 mm,7179.1,9614.8,2764,2656,17017.2,7835.23,7302.26,7375.86,7179.1,10553.5
655,w64_d2_q02_data_s0,2x64,64,2,2,data,0,full crossing,7181.3,6812.24,5452,5312,242485,38014.4,10234.8,7735.67,10000.5,7181.3
656,w32_d2_q02_data_s2,2x32,32,2,2,data,2,10 mm,7194.1,8623.41,1708,1632,37272.6,14858,7194.1,7745.23,7507.57,9488.01
657,w64_d2_q10_data_s1,2x64,64,2,10,data,1,1000 mm,7228.37,8665.67,7532,7360,199036,67851.6,9468.79,8173.33,7228.37,9148.78
658,w32_d4_q08_data_s2,4x32,32,4,8,data,2,100 mm,7239.24,8485.63,4612,4448,18340.3,9700.2,8054.8,7239.24,7884.79,9131.84
659,w32_d8_q10_data_s0,8x32,32,8,10,data,0,10 mm,7311.22,9660.97,9100,8800,17473.3,10674.5,7311.22,8121.63,8378.59,10461.7
660,w64_d2_q18_data_s2,2x64,64,2,18,data,2,10 mm,7312.19,9669.89,9612,9408,156481,14239.1,7312.19,7762.03,11184,9918.01
661,w32_d2_q20_data_s0,2x32,32,2,20,data,0,1 mm,7312.24,9717.11,4084,3936,9799.64,7312.24,7506.87,7505.57,7621.74,10829.6
662,w64_d8_q08_data_s0,8x64,64,8,8,data,0,100 mm,7350.76,6145.58,31972,31424,104377,13787.9,8012.25,7350.76,8001.58,8499.26
663,w32_d8_q18_data_s2,8x32,32,8,18,data,2,10 mm,7355.63,9486.89,10156,9824,14941.4,7464.05,7355.63,8029.77,8176.15,10091.1
664,w64_d8_q20_data_s0,8x64,64,8,20,data,0,10 mm,7372.66,7510.56,35092,34496,53769.3,12167.9,7372.66,10683.3,7634.91,8008.99
665,w64_d8_q06_data_s2,8x64,64,8,6,data,2,100 mm,7393.51,5925.54,31452,30912,62742,11281.7,8407.84,7393.51,9698.74,10838.9
666,w32_d8_q18_data_s0,8x32,32,8,18,data,0,1000 mm,7405.45,9486.89,10156,9824,13463.3,7424.81,7575.66,8154.58,7405.45,9149.98
667,w32_d4_q20_data_s2,4x32,32,4,20,data,2,1000 mm,7447.05,7675.68,6196,5984,30673.1,15250.9,8041.69,8301.6,7447.05,7784.99
668,w32_d2_q04_data_s1,2x32,32,2,4,data,1,1 mm,7454.28,9679.96,1972,1888,22475.6,7454.28,7659.95,7585.63,7917.2,11515.3
669,w32_d2_q18_data_s2,2x32,32,2,18,data,2,10 mm,7459.54,10203.4,3820,3680,20356.1,7516.56,7459.54,7498.46,7552.41,11046.9
670,w32_d8_q12_data_s1,8x32,32,8,12,data,1,10 mm,7473.62,7639.93,9364,9056,12342.1,11203.8,7473.62,8549.52,9506.94,10232.6
671,w128_d8_q20_data_s1,8x128,128,8,20,data,1,full crossing,7494.37,7096.64,127444,126336,123208,14071.8,8622.19,7898.65,10798.3,7494.37
672,w64_d8_q20_data_s2,8x64,64,8,20,data,2,1000 mm,7495.16,7510.56,35092,34496,22356.9,7708.51,8011.93,7750.48,7495.16,8930.61
673,w32_d2_q16_data_s2,2x32,32,2,16,data,2,100 mm,7503.94,10019.6,3556,3424,28289.6,12123.6,9070.22,7503.94,8174.63,8756.61
674,w64_d2_q20_data_s2,2x64,64,2,20,data,2,100 mm,7504.95,10183.4,10132,9920,51509.9,9458.55,7543.12,7504.95,7590.74,10580.1
675,w64_d8_q16_data_s1,8x64,64,8,16,data,1,100 mm,7519.38,9414.6,34052,33472,89370.8,15651.6,8378.07,7519.38,9077.93,10232.5
676,w32_d2_q08_data_s0,2x32,32,2,8,data,0,10 mm,7531.88,9622.73,2500,2400,77183.2,8176.25,7531.88,7643.52,7760.46,9980.04
677,w32_d2_q12_data_s2,2x32,32,2,12,data,2,1000 mm,7547.68,8996.91,3028,2912,36931.5,8850.75,7713.32,7548.29,7547.68,10258
678,w32_d8_q10_data_s1,8x32,32,8,10,data,1,100 mm,7565.07,9660.97,9100,8800,31341.7,8994.49,8510.79,7565.07,7899.54,10444.1
679,w32_d8_q10_data_s2,8x32,32,8,10,data,2,10 mm,7591.93,9660.97,9100,8800,12525.5,10305,7591.93,8338.07,9136.55,9150.53
680,w32_d4_q02_data_s2,4x32,32,4,2,data,2,100 mm,7597.49,7655.54,3820,3680,13410.4,7891.56,8813.97,7597.49,7803.22,8737.32
681,w32_d2_q20_data_s2,2x32,32,2,20,data,2,10 mm,7614.43,9717.11,4084,3936,16163.3,8773.29,7614.43,7882.16,8290.48,10485.3
682,w32_d2_q02_data_s0,2x32,32,2,2,data,0,1 mm,7652.26,8623.41,1708,1632,17918.8,7652.26,8621.98,9143.91,9243.95,9807.65
683,w128_d8_q10_data_s1,8x128,128,8,10,data,1,full crossing,7653.53,6988.25,122284,121216,106078,19557.6,11564.2,9681.82,10305.3,7653.53
684,w64_d2_q04_data_s0,2x64,64,2,4,data,0,full crossing,7654.06,6920.72,5972,5824,105037,27053,8588.23,7665.48,10577.9,7654.06
685,w32_d2_q06_data_s2,2x32,32,2,6,data,2,1000 mm,7706.66,9627.26,2236,2144,37886.9,9282.16,8783.32,7791.01,7706.66,7866.71
686,w32_d2_q16_data_s0,2x32,32,2,16,data,0,10 mm,7771.72,10019.6,3556,3424,19220.8,7792.9,7771.72,7795.32,7841.07,10706.9
687,w64_d8_q18_data_s1,8x64,64,8,18,data,1,100 mm,7772.3,8022.54,34572,33984,74530.2,11267.5,8905.94,7772.3,9254.03,10580.8
688,w32_d8_q14_data_s2,8x32,32,8,14,data,2,10 mm,7788.47,10130.5,9628,9312,15538,9363.46,7788.47,7800.12,8288.53,10921.2
689,w64_d8_q18_data_s2,8x64,64,8,18,data,2,full crossing,7790.2,8022.54,34572,33984,135308,12289.7,8419.22,9062.61,12848.1,7790.2
690,w64_d2_q14_data_s1,2x64,64,2,14,data,1,1000 mm,7817.49,8864.2,8572,8384,144146,10982.5,9000.4,8540.89,7817.49,9234.16
691,w32_d8_q14_data_s1,8x32,32,8,14,data,1,1 mm,7969.22,10130.5,9628,9312,30672.5,7969.22,8756.33,9384.21,8731.82,13459.6
692,w128_d8_q20_data_s2,8x128,128,8,20,data,2,10 mm,7981.68,7096.64,127444,126336,167302,17798.1,7981.68,8840.31,8175.24,8434.34
693,w64_d2_q06_data_s1,2x64,64,2,6,data,1,100 mm,7986.18,7114.5,6492,6336,133294,19884.6,10279.1,7986.18,11049.5,9193.82
694,w64_d2_q10_data_s2,2x64,64,2,10,data,2,10 mm,7987.62,8665.67,7532,7360,126472,8590.74,7987.62,8775.87,8370.63,10510.5
695,w32_d8_q12_data_s0,8x32,32,8,12,data,0,full crossing,7993.74,7639.93,9364,9056,24538.5,10456.7,8846.65,8227.1,10230.2,7993.74
696,w32_d2_q04_data_s0,2x32,32,2,4,data,0,100 mm,8019.82,9679.96,1972,1888,10790.4,8920.29,8173.19,8019.82,8140,10756.1
697,w32_d2_q18_data_s1,2x32,32,2,18,data,1,1 mm,8044.39,10203.4,3820,3680,10109.6,8044.39,8320.66,8701.34,8633.26,10872.8
698,w32_d8_q20_data_s1,8x32,32,8,20,data,1,1 mm,8048.4,9042.41,10420,10080,12399.5,8048.4,10549.1,8665.22,8524.01,10207.3
699,w32_d2_q06_data_s1,2x32,32,2,6,data,1,100 mm,8071.26,9627.26,2236,2144,23299.8,10611.2,8154.44,8071.26,8099.1,10104.2
700,w64_d2_q12_data_s1,2x64,64,2,12,data,1,1000 mm,8074.64,9536.39,8052,7872,71426.9,8337.7,8347.41,8310.46,8074.64,10445.7
701,w32_d8_q04_data_s1,8x32,32,8,4,data,1,100 mm,8115.29,7889.36,8308,8032,13870.3,8320.35,8131.21,8115.29,8290.15,8460.19
702,w32_d8_q16_data_s0,8x32,32,8,16,data,0,1000 mm,8117.4,8751.81,9892,9568,10248.2,10450.1,8511.07,8191,8117.4,8788.74
703,w32_d2_q12_data_s1,2x32,32,2,12,data,1,1000 mm,8125.86,8996.91,3028,2912,24081.1,8724.73,8416.6,8378.14,8125.86,9806.56
704,w64_d2_q18_data_s1,2x64,64,2,18,data,1,1000 mm,8175.5,9669.89,9612,9408,238061,10359.1,8318.31,8583.79,8175.5,9661.5
705,w32_d8_q02_data_s0,8x32,32,8,2,data,0,100 mm,8196.06,7704.34,8044,7776,26785.1,9230.63,8924.79,8196.06,8936.55,9572.36
706,w32_d2_q06_data_s0,2x32,32,2,6,data,0,100 mm,8218.64,9627.26,2236,2144,10904.4,8636.91,9383.11,8218.64,8297.07,11327.9
707,w32_d2_q16_data_s1,2x32,32,2,16,data,1,1 mm,8251.42,10019.6,3556,3424,37907.3,8251.42,8385.18,9364.99,10380.6,13874.8
708,w32_d2_q20_data_s1,2x32,32,2,20,data,1,10 mm,8276.8,9717.11,4084,3936,10035.5,8960.79,8276.8,8729.03,8544.61,9892.72
709,w32_d4_q08_data_s0,4x32,32,4,8,data,0,1000 mm,8281.59,8485.63,4612,4448,13097.3,8347.94,8385.22,8353.21,8281.59,10567.2
710,w32_d2_q08_data_s2,2x32,32,2,8,data,2,1 mm,8300.68,9622.73,2500,2400,10761.1,8300.68,8547.65,8976.65,8644.59,11326.5
711,w32_d2_q10_data_s0,2x32,32,2,10,data,0,10 mm,8521.01,9614.8,2764,2656,14007.5,10338.9,8521.01,15638.3,8954.38,9561.97
712,w32_d2_q04_data_s2,2x32,32,2,4,data,2,1000 mm,8660.56,9679.96,1972,1888,23387.2,8712.95,8732.7,8941.81,8660.56,9333.48
713,w64_d2_q12_data_s2,2x64,64,2,12,data,2,100 mm,8725.27,9536.39,8052,7872,137199,9018.64,11151.4,8725.27,9030.29,9997.45
714,w32_d2_q14_data_s1,2x32,32,2,14,data,1,10 mm,9051.03,9876.78,3292,3168,18387.6,11375.7,9051.03,13952.6,9929.62,10391
715,w64_d2_q18_data_s0,2x64,64,2,18,data,0,1000 mm,9269.76,9669.89,9612,9408,262962,26630.1,12703.1,9529.17,9269.76,9968.09
716,w32_d2_q12_data_s0,2x32,32,2,12,data,0,full crossing,9351.02,8996.91,3028,2912,35340.8,12852.3,10669.6,23143.1,13592.5,9351.02
717,w64_d2_q10_data_s0,2x64,64,2,10,data,0,full crossing,9510.07,8665.67,7532,7360,152849,16191.5,10919.7,10369.4,10607.5,9510.07
718,w64_d2_q20_data_s0,2x64,64,2,20,data,0,1000 mm,9849.51,10183.4,10132,9920,187933,15876.9,9947.31,10441.5,9849.51,11199.7
719,w32_d2_q14_data_s2,2x32,32,2,14,data,2,1 mm,10155.6,9876.78,3292,3168,19554,10155.6,10241.3,11846.8,11620.9,10733.4
720,w32_d2_q10_data_s2,2x32,32,2,10,data,2,full crossing,10477.6,9614.8,2764,2656,65447.6,14747.7,14533,14637.4,14845.9,10477.6
