q,stratum,direction,n,n_converged,converged_frac,median_abs_dz_mm,endpoint_med_um,endpoint_p95_um,endpoint_mean_um,slope_err_med_mrad,median_n_eval,wall_s
2,0.05-0.2 mm,both,2000,2000,1.0,0.09822287894675868,1.4210854715202004e-11,2.2737367544323206e-10,4.1848399745525455e-11,3.469446951953614e-15,13.0,11.497386620379984
2,0.05-0.2 mm,+1,1017,1017,1.0,0.09751292959136826,1.4210854715202004e-11,2.2737367544323206e-10,4.061222024032206e-11,3.469446951953614e-15,13.0,5.850150139071047
2,0.05-0.2 mm,-1,983,983,1.0,0.0992307299534736,1.4210854715202004e-11,2.2737367544323206e-10,4.312733622242459e-11,3.469446951953614e-15,13.0,5.647236481308937
2,0.5-2 mm,both,2000,2000,1.0,0.9965707658995944,2.3447910280083306e-10,1.5347723092418164e-09,6.109879251842143e-10,6.938893903907228e-14,13.0,11.553967111743987
2,0.5-2 mm,+1,1000,1000,1.0,1.002988498170338,2.2737367544323206e-10,1.4807710613240463e-09,4.246817307540507e-10,6.938893903907228e-14,13.0,5.764006173005328
2,0.5-2 mm,-1,1000,1000,1.0,0.9883814176955703,2.842170943040401e-10,1.5361933947133354e-09,7.972941196143779e-10,6.938893903907228e-14,13.0,5.789960938738659
2,5-20 mm,both,2000,2000,1.0,10.00463580137827,3.183231456205249e-09,7.969215864989095e-06,3.5767576925249678e-06,9.992007221626409e-13,25.0,18.241756584495306
2,5-20 mm,+1,994,994,1.0,10.361438283999162,3.369304835132425e-09,1.1077333716968948e-05,3.245593433736679e-06,1.051242426441945e-12,25.0,8.999384601600468
2,5-20 mm,-1,1006,1006,1.0,9.801871192095646,3.0322411248562275e-09,2.9679512181246537e-06,3.903971681824728e-06,9.43689570931383e-13,25.0,9.242371982894838
2,50-200 mm,both,2000,2000,1.0,101.91578686308067,0.0032110356933401363,0.12990599686348844,0.03350380017269022,6.585663021516086e-05,14.0,14.637123686028644
2,50-200 mm,+1,968,968,1.0,103.91280090297384,0.003585345858425626,0.14087554790762621,0.041549236422137606,6.717187327892615e-05,14.0,6.962237044237554
2,50-200 mm,-1,1032,1032,1.0,99.8375629761332,0.0030577072323012544,0.11313706826716616,0.025957305706154305,6.44301445459905e-05,14.0,7.67488664179109
2,500-2000 mm,both,2000,2000,1.0,997.8958374614399,12.785494020459254,511.56646333198796,140.511914719785,0.009255244993663925,16.0,14.139390113996342
2,500-2000 mm,+1,988,988,1.0,994.6021274047333,15.527832273924957,596.2382066740089,159.3450177849802,0.009804816244705916,16.0,6.98295318800956
2,500-2000 mm,-1,1012,1012,1.0,999.4919989535956,10.837624296613058,414.7709396078411,122.1254465098909,0.00873380345411262,16.0,7.156436925986782
2,full crossing,both,2000,2000,1.0,5174.685791015625,9255.981777696734,55839.126783410655,17922.612069569277,3.8805214013894194,18.0,14.984192883828655
2,full crossing,+1,1001,1001,1.0,5174.714111328125,5218.815888938621,18894.170891891008,7007.780132164416,3.9188225406874277,18.0,7.553376785479486
2,full crossing,-1,999,999,1.0,5174.636474609375,25636.33176929282,63471.28260372502,28859.29552236434,3.8347327864938254,17.0,7.430816098349169
4,0.05-0.2 mm,both,2000,2000,1.0,0.09822287894675868,1.4210854715202004e-11,2.2737367544323206e-10,4.1848399745525455e-11,3.469446951953614e-15,21.0,17.150271391728893
4,0.05-0.2 mm,+1,1017,1017,1.0,0.09751292959136826,1.4210854715202004e-11,2.2737367544323206e-10,4.061222024032206e-11,3.469446951953614e-15,21.0,8.7003060313873
4,0.05-0.2 mm,-1,983,983,1.0,0.0992307299534736,1.4210854715202004e-11,2.2737367544323206e-10,4.312733622242459e-11,3.469446951953614e-15,21.0,8.449965360341594
4,0.5-2 mm,both,2000,2000,1.0,0.9965707658995944,2.3486768085945187e-10,1.5347723092418164e-09,4.647209266711583e-10,6.938893903907228e-14,21.0,17.650216846959665
4,0.5-2 mm,+1,1000,1000,1.0,1.002988498170338,2.2737367544323206e-10,1.4807710613240463e-09,4.247385741729115e-10,6.938893903907228e-14,21.0,8.808155826060101
4,0.5-2 mm,-1,1000,1000,1.0,0.9883814176955703,2.842170943040401e-10,1.5361933947133354e-09,5.04703279169405e-10,6.938893903907228e-14,21.0,8.842061020899564
4,5-20 mm,both,2000,2000,1.0,10.00463580137827,3.069544618483633e-09,1.704101748600803e-06,7.216684108080074e-07,9.43689570931383e-13,42.0,28.58654284104705
4,5-20 mm,+1,994,994,1.0,10.361438283999162,3.240074875066057e-09,2.1175784195581727e-06,7.380637082943008e-07,9.992007221626409e-13,41.0,14.084506021346897
4,5-20 mm,-1,1006,1006,1.0,9.801871192095646,2.9416469260468148e-09,8.544311924651993e-07,7.054686834706558e-07,8.777700788442644e-13,42.0,14.502036819700152
4,50-200 mm,both,2000,2000,1.0,101.91578686308067,0.0007494391702778103,0.03078817786388299,0.007043971710287088,1.6109981314238464e-05,22.0,21.62395571428351
4,50-200 mm,+1,968,968,1.0,103.91280090297384,0.0007911136989946499,0.03304931665013551,0.008012197505544825,1.608537073677363e-05,22.0,10.345863295486197
4,50-200 mm,-1,1032,1032,1.0,99.8375629761332,0.0007180778247573016,0.025773427402242477,0.006135790925587971,1.6137737004345842e-05,22.0,11.278092418797314
4,500-2000 mm,both,2000,2000,1.0,997.8958374614399,1.2183694523670852,24.12479932784812,18.857868460340868,0.0023158680807146455,24.0,19.815049326280132
4,500-2000 mm,+1,988,988,1.0,994.6021274047333,1.2237757267286042,21.871750179792567,20.352727265776338,0.002249286455667087,24.0,9.779158980585635
4,500-2000 mm,-1,1012,1012,1.0,999.4919989535956,1.2035306275040014,24.71892134894909,17.398460851872244,0.002380396960056149,24.0,10.035890345694497
4,full crossing,both,2000,2000,1.0,5174.685791015625,3617.29532583486,24976.38600674056,7049.519371770689,1.4948346324629576,26.0,20.984867982100695
4,full crossing,+1,1001,1001,1.0,5174.714111328125,4923.009431658556,37583.934594191305,9474.325054354933,1.5270935235799366,26.0,10.517927603563294
4,full crossing,-1,999,999,1.0,5174.636474609375,2784.4364946241813,15295.196733393772,4619.8592233554455,1.4664848055711937,26.0,10.466940378537402
6,0.05-0.2 mm,both,2000,2000,1.0,0.09822287894675868,1.4210854715202004e-11,2.2737367544323206e-10,4.1848399745525455e-11,3.469446951953614e-15,29.0,23.149040104122832
6,0.05-0.2 mm,+1,1017,1017,1.0,0.09751292959136826,1.4210854715202004e-11,2.2737367544323206e-10,4.061222024032206e-11,3.469446951953614e-15,29.0,11.74360998114571
6,0.05-0.2 mm,-1,983,983,1.0,0.0992307299534736,1.4210854715202004e-11,2.2737367544323206e-10,4.312733622242459e-11,3.469446951953614e-15,29.0,11.405430122977123
6,0.5-2 mm,both,2000,2000,1.0,0.9965707658995944,2.3447910280083306e-10,1.5077716852829314e-09,4.4534264991014094e-10,6.938893903907228e-14,29.0,24.636304104235023
6,0.5-2 mm,+1,1000,1000,1.0,1.002988498170338,2.2737367544323206e-10,1.4779288903810084e-09,4.2371539263341695e-10,6.938893903907228e-14,29.0,12.323376451153308
6,0.5-2 mm,-1,1000,1000,1.0,0.9883814176955703,2.842170943040401e-10,1.5361933947133354e-09,4.669699071868649e-10,6.938893903907228e-14,29.0,12.312927653081715
6,5-20 mm,both,2000,2000,1.0,10.00463580137827,3.069544618483633e-09,6.462130386353227e-07,3.6645819101455146e-07,9.43689570931383e-13,58.0,38.61410327791236
6,5-20 mm,+1,994,994,1.0,10.361438283999162,3.183231456205249e-09,9.103412884625641e-07,3.81065383808363e-07,9.992007221626409e-13,57.0,19.02832266362384
6,5-20 mm,-1,1006,1006,1.0,9.801871192095646,2.9558577807620168e-09,3.921876157164661e-07,3.520252390890557e-07,8.777700788442644e-13,58.0,19.585780614288524
6,50-200 mm,both,2000,2000,1.0,101.91578686308067,0.00034830319073364535,0.01459630477995688,0.003316396996220161,6.977435833971368e-06,30.0,28.74326013517566
6,50-200 mm,+1,968,968,1.0,103.91280090297384,0.0003790623281929584,0.01670937819397977,0.0040531559424730815,7.2016892171955504e-06,30.0,13.712854678044096
6,50-200 mm,-1,1032,1032,1.0,99.8375629761332,0.0003333350164780313,0.012591189134880637,0.002625328527254244,6.80874394018427e-06,30.0,15.030405457131565
6,500-2000 mm,both,2000,2000,1.0,997.8958374614399,0.8251729797166263,16.26593830844169,10.30550231945279,0.0014469135398223476,32.0,25.959607700584456
6,500-2000 mm,+1,988,988,1.0,994.6021274047333,0.8397222589948683,18.833769861435925,11.73005798947054,0.0015204827654990982,32.0,12.797874794807285
6,500-2000 mm,-1,1012,1012,1.0,999.4919989535956,0.8106546194497355,14.849522504132286,8.914730578368264,0.0013565903625029074,32.0,13.161732905777171
6,full crossing,both,2000,2000,1.0,5174.685791015625,232.62049032087617,2682.0447195458582,951.8732364058203,0.02489922102021612,34.0,26.852568271104246
6,full crossing,+1,1001,1001,1.0,5174.714111328125,220.20024447078868,3432.929237094413,1140.8668928742663,0.025928215828363577,34.0,13.431232049828395
6,full crossing,-1,999,999,1.0,5174.636474609375,238.58682209851167,1146.1307372826577,762.5012142587588,0.02383168446405074,34.0,13.421336221275851
8,0.05-0.2 mm,both,2000,2000,1.0,0.09822287894675868,1.4210854715202004e-11,2.2737367544323206e-10,4.1848399745525455e-11,3.469446951953614e-15,37.0,29.354426675708964
8,0.05-0.2 mm,+1,1017,1017,1.0,0.09751292959136826,1.4210854715202004e-11,2.2737367544323206e-10,4.061222024032206e-11,3.469446951953614e-15,37.0,14.910992775345221
8,0.05-0.2 mm,-1,983,983,1.0,0.0992307299534736,1.4210854715202004e-11,2.2737367544323206e-10,4.312733622242459e-11,3.469446951953614e-15,37.0,14.443433900363743
8,0.5-2 mm,both,2000,2000,1.0,0.9965707658995944,2.3447910280083306e-10,1.5077716852829314e-09,4.3689962585247155e-10,6.938893903907228e-14,37.0,30.133297299034894
8,0.5-2 mm,+1,1000,1000,1.0,1.002988498170338,2.2737367544323206e-10,1.4807710613240463e-09,4.241132965654426e-10,6.938893903907228e-14,37.0,15.01904184743762
8,0.5-2 mm,-1,1000,1000,1.0,0.9883814176955703,2.842170943040401e-10,1.5077716852829314e-09,4.496859551395005e-10,6.938893903907228e-14,37.0,15.114255451597273
8,5-20 mm,both,2000,2000,1.0,10.00463580137827,3.04822833641083e-09,4.314372858971178e-07,2.2540353418476489e-07,9.43689570931383e-13,74.0,49.27716247434728
8,5-20 mm,+1,994,994,1.0,10.361438283999162,3.183231456205249e-09,5.245917478191579e-07,1.8965233008563714e-07,9.992007221626409e-13,73.5,24.282668800326064
8,5-20 mm,-1,1006,1006,1.0,9.801871192095646,2.8990143619012088e-09,4.0039083160081645e-07,2.607282825689925e-07,8.777700788442644e-13,74.0,24.994493674021214
8,50-200 mm,both,2000,2000,1.0,101.91578686308067,0.00020070312167774773,0.009132940408562717,0.001877793205311229,4.230909199376409e-06,38.0,37.00193087360822
8,50-200 mm,+1,968,968,1.0,103.91280090297384,0.00022022115331310488,0.009627269766099286,0.0022048887818174527,4.578917377207059e-06,38.0,17.5920748047065
8,50-200 mm,-1,1032,1032,1.0,99.8375629761332,0.00017786832984256762,0.008018297944190067,0.0015709826257976393,3.853442509527127e-06,38.0,19.409856068901718
8,500-2000 mm,both,2000,2000,1.0,997.8958374614399,0.6958437800790307,11.632978850353481,5.350469839837629,0.0012946249010117872,40.0,32.5938514850568
8,500-2000 mm,+1,988,988,1.0,994.6021274047333,0.7589490076185257,11.92148978794165,6.1103906945726845,0.0013307005186022347,40.0,16.06586864287965
8,500-2000 mm,-1,1012,1012,1.0,999.4919989535956,0.6524815668313977,11.242054842216831,4.608570823554789,0.0012174288427195534,40.0,16.527982842177153
8,full crossing,both,2000,2000,1.0,5174.685791015625,32.62632016858902,666.9194525158695,249.90656573985802,0.012080976101362748,42.0,35.64736206503585
8,full crossing,+1,1001,1001,1.0,5174.714111328125,25.046638605118687,1067.3442702811826,305.392338734658,0.012291004820134954,42.0,17.70035943482071
8,full crossing,-1,999,999,1.0,5174.636474609375,39.190121013120915,398.1201334465923,194.30971011643993,0.011750321405084446,42.0,17.947002630215138
10,0.05-0.2 mm,both,2000,2000,1.0,0.09822287894675868,1.4210854715202004e-11,2.2737367544323206e-10,4.1848399745525455e-11,3.469446951953614e-15,45.0,35.831738585140556
10,0.05-0.2 mm,+1,1017,1017,1.0,0.09751292959136826,1.4210854715202004e-11,2.2737367544323206e-10,4.061222024032206e-11,3.469446951953614e-15,45.0,18.179287135833874
10,0.05-0.2 mm,-1,983,983,1.0,0.0992307299534736,1.4210854715202004e-11,2.2737367544323206e-10,4.312733622242459e-11,3.469446951953614e-15,45.0,17.65245144930668
10,0.5-2 mm,both,2000,2000,1.0,0.9965707658995944,2.3092638912203256e-10,1.5077716852829314e-09,4.3896375249985464e-10,6.938893903907228e-14,45.0,36.80613330891356
10,0.5-2 mm,+1,1000,1000,1.0,1.002988498170338,2.2737367544323206e-10,1.4807710613240463e-09,4.2434067024088584e-10,6.938893903907228e-14,45.0,18.338674019556493
10,0.5-2 mm,-1,1000,1000,1.0,0.9883814176955703,2.842170943040401e-10,1.5077716852829314e-09,4.5358683475882344e-10,6.938893903907228e-14,45.0,18.467459289357066
10,5-20 mm,both,2000,2000,1.0,10.00463580137827,3.0375701953744283e-09,2.83017342894709e-07,1.624163843139126e-07,9.43689570931383e-13,90.0,60.063593465369195
10,5-20 mm,+1,994,994,1.0,10.361438283999162,3.183231456205249e-09,3.225707700948976e-07,1.7658507894243637e-07,9.992007221626409e-13,90.0,29.593918516067788
10,5-20 mm,-1,1006,1006,1.0,9.801871192095646,2.9132252166164108e-09,1.7887913372760522e-07,1.484166999592877e-07,8.777700788442644e-13,90.0,30.469674949301407
10,50-200 mm,both,2000,2000,1.0,101.91578686308067,0.00013703584045288153,0.005366882247770376,0.0012811570802430672,2.773832330493775e-06,46.0,45.184770453488454
10,50-200 mm,+1,968,968,1.0,103.91280090297384,0.00013860137393351124,0.005761605635257183,0.0015268202707547588,2.9086732987460007e-06,46.0,21.56027688179165
10,50-200 mm,-1,1032,1032,1.0,99.8375629761332,0.00013663252218520938,0.004715653695086529,0.0010507288162747363,2.6387650346043623e-06,46.0,23.624493571696803
10,500-2000 mm,both,2000,2000,1.0,997.8958374614399,0.5044162440235311,9.12951050356696,5.33221789162803,0.0009583136513520831,48.0,39.03236682200804
10,500-2000 mm,+1,988,988,1.0,994.6021274047333,0.5089279819969761,9.688259516384075,7.066369917780946,0.0009786598040972122,48.0,19.228667218005285
10,500-2000 mm,-1,1012,1012,1.0,999.4919989535956,0.49184084515374593,7.889513510090026,3.6391920004826934,0.000936079008556634,48.0,19.80369960400276
10,full crossing,both,2000,2000,1.0,5174.685791015625,32.48775765919021,359.3093088742019,281.8934254533598,0.009832557774359235,50.0,39.66073356824927
10,full crossing,+1,1001,1001,1.0,5174.714111328125,38.275772778206374,463.8004238031499,381.2669853270604,0.01008617326631045,50.0,19.813793435692787
10,full crossing,-1,999,999,1.0,5174.636474609375,26.439865223636616,284.37280383547545,182.32091951384604,0.009550735147564882,50.0,19.846940132556483
12,0.05-0.2 mm,both,2000,2000,1.0,0.09822287894675868,1.4210854715202004e-11,2.2737367544323206e-10,4.1848399745525455e-11,3.469446951953614e-15,53.0,44.62043358013034
12,0.05-0.2 mm,+1,1017,1017,1.0,0.09751292959136826,1.4210854715202004e-11,2.2737367544323206e-10,4.061222024032206e-11,3.469446951953614e-15,53.0,22.760639471234754
12,0.05-0.2 mm,-1,983,983,1.0,0.0992307299534736,1.4210854715202004e-11,2.2737367544323206e-10,4.312733622242459e-11,3.469446951953614e-15,53.0,21.859794108895585
12,0.5-2 mm,both,2000,2000,1.0,0.9965707658995944,2.3447910280083306e-10,1.5063505998114124e-09,4.4111847334604715e-10,6.938893903907228e-14,53.0,43.49818932102062
12,0.5-2 mm,+1,1000,1000,1.0,1.002988498170338,2.2737367544323206e-10,1.4807710613240463e-09,4.240564531465818e-10,6.938893903907228e-14,53.0,21.679035995854065
12,0.5-2 mm,-1,1000,1000,1.0,0.9883814176955703,2.842170943040401e-10,1.5063505998114124e-09,4.581804935455125e-10,6.938893903907228e-14,53.0,21.819153325166553
12,5-20 mm,both,2000,2000,1.0,10.00463580137827,3.0198066269804258e-09,1.6609646991128097e-07,8.745788522557252e-08,9.43689570931383e-13,106.0,72.65324306022376
12,5-20 mm,+1,994,994,1.0,10.361438283999162,3.183231456205249e-09,2.587945857612764e-07,8.591964667682312e-08,9.992007221626409e-13,106.0,35.77013940224424
12,5-20 mm,-1,1006,1006,1.0,9.801871192095646,2.8990143619012088e-09,1.1058887139370199e-07,8.897777500435671e-08,8.777700788442644e-13,106.0,36.88310365797952
12,50-200 mm,both,2000,2000,1.0,101.91578686308067,9.707569859074283e-05,0.004200854621672076,0.0009605241059624792,2.0197648935293966e-06,54.0,62.45937519101426
12,50-200 mm,+1,968,968,1.0,103.91280090297384,9.727270366965968e-05,0.004857503841293461,0.001133602488973925,2.0671037737410303e-06,54.0,29.95799071388319
12,50-200 mm,-1,1032,1032,1.0,99.8375629761332,9.580055504443408e-05,0.0038069884912061954,0.0007981792660835261,1.9631846582407464e-06,54.0,32.50138447713107
12,500-2000 mm,both,2000,2000,1.0,997.8958374614399,0.39642504445769333,8.131103090079959,3.4514208808047977,0.0007273489494655228,56.0,46.407953711925074
12,500-2000 mm,+1,988,988,1.0,994.6021274047333,0.4403528389929079,8.636038927429011,4.385009867502452,0.0007461881289007322,56.0,22.977004290092736
12,500-2000 mm,-1,1012,1012,1.0,999.4919989535956,0.3440640323528754,7.697504572169563,2.5399723443845597,0.0007011904313708461,56.0,23.430949421832338
12,full crossing,both,2000,2000,1.0,5174.685791015625,41.50473707493252,338.71871090916403,190.58068840028776,0.0164296462000146,58.0,47.810638037044555
12,full crossing,+1,1001,1001,1.0,5174.714111328125,30.99988644885343,294.94993568107475,209.12760472358983,0.017051445007798538,58.0,23.89346222835593
12,full crossing,-1,999,999,1.0,5174.636474609375,53.86561497514464,349.59405430331543,171.99664111337546,0.01573460472010027,58.0,23.917175808688626
14,0.05-0.2 mm,both,2000,2000,1.0,0.09822287894675868,1.4210854715202004e-11,2.2737367544323206e-10,4.1848399745525455e-11,3.469446951953614e-15,61.0,49.94849974452518
14,0.05-0.2 mm,+1,1017,1017,1.0,0.09751292959136826,1.4210854715202004e-11,2.2737367544323206e-10,4.061222024032206e-11,3.469446951953614e-15,61.0,25.333208833355457
14,0.05-0.2 mm,-1,983,983,1.0,0.0992307299534736,1.4210854715202004e-11,2.2737367544323206e-10,4.312733622242459e-11,3.469446951953614e-15,61.0,24.615290911169723
14,0.5-2 mm,both,2000,2000,1.0,0.9965707658995944,2.3447910280083306e-10,1.5063505998114124e-09,4.3764924843869846e-10,6.938893903907228e-14,61.0,49.947211562655866
14,0.5-2 mm,+1,1000,1000,1.0,1.002988498170338,2.2737367544323206e-10,1.4807710613240463e-09,4.241132965654426e-10,6.938893903907228e-14,61.0,24.868034133454785
14,0.5-2 mm,-1,1000,1000,1.0,0.9883814176955703,2.842170943040401e-10,1.5063505998114124e-09,4.511852003119543e-10,6.938893903907228e-14,61.0,25.07917742920108
14,5-20 mm,both,2000,2000,1.0,10.00463580137827,3.0375701953744283e-09,1.4522285596285627e-07,8.466862919109808e-08,9.43689570931383e-13,122.0,91.0906593343243
14,5-20 mm,+1,994,994,1.0,10.361438283999162,3.183231456205249e-09,1.636941249216754e-07,8.201781345522367e-08,9.992007221626409e-13,122.0,45.1344362271484
14,5-20 mm,-1,1006,1006,1.0,9.801871192095646,2.9132252166164108e-09,5.6199489506525424e-08,8.728782485855252e-08,8.777700788442644e-13,122.0,45.9562231071759
14,50-200 mm,both,2000,2000,1.0,101.91578686308067,6.497721471987461e-05,0.0030137279040332032,0.0007564893524263927,1.5276589160340137e-06,62.0,60.04558453382924
14,50-200 mm,+1,968,968,1.0,103.91280090297384,6.777108296773804e-05,0.003159679168618368,0.0009293594137880517,1.63686753734682e-06,62.0,28.623854259494692
14,50-200 mm,-1,1032,1032,1.0,99.8375629761332,6.395021046046168e-05,0.002800124241275622,0.0005943399150251466,1.439738158554027e-06,62.0,31.42173027433455
14,500-2000 mm,both,2000,2000,1.0,997.8958374614399,0.30381715036753576,6.464453000443624,2.56505977051064,0.0005739953913780696,64.0,53.36829199595377
14,500-2000 mm,+1,988,988,1.0,994.6021274047333,0.3667629623222979,7.527408123905838,3.1050732325424506,0.0006214788252148495,64.0,26.359470413532108
14,500-2000 mm,-1,1012,1012,1.0,999.4919989535956,0.25958924781832593,5.800440362283154,2.037852951847172,0.0005325329643056376,64.0,27.00882158242166
14,full crossing,both,2000,2000,1.0,5174.685791015625,20.359926257235372,187.98141652389046,163.57096012325044,0.00775935623439347,66.0,52.661253940081224
14,full crossing,+1,1001,1001,1.0,5174.714111328125,22.70718689919704,237.97957335546016,191.24157983327603,0.007870428618217407,66.0,26.31404180941172
14,full crossing,-1,999,999,1.0,5174.636474609375,18.82161738535615,141.292819455042,135.84494377716877,0.007651268037593001,66.0,26.347212130669504
16,0.05-0.2 mm,both,2000,2000,1.0,0.09822287894675868,1.4210854715202004e-11,2.2737367544323206e-10,4.1848399745525455e-11,3.469446951953614e-15,69.0,55.17481688549742
16,0.05-0.2 mm,+1,1017,1017,1.0,0.09751292959136826,1.4210854715202004e-11,2.2737367544323206e-10,4.061222024032206e-11,3.469446951953614e-15,69.0,28.011139155132696
16,0.05-0.2 mm,-1,983,983,1.0,0.0992307299534736,1.4210854715202004e-11,2.2737367544323206e-10,4.312733622242459e-11,3.469446951953614e-15,69.0,27.163677730364725
16,0.5-2 mm,both,2000,2000,1.0,0.9965707658995944,2.3447910280083306e-10,1.5063505998114124e-09,4.351339271541077e-10,6.938893903907228e-14,69.0,58.22944378131069
16,0.5-2 mm,+1,1000,1000,1.0,1.002988498170338,2.2737367544323206e-10,1.4807710613240463e-09,4.2428382682202503e-10,6.938893903907228e-14,69.0,29.20157836843282
16,0.5-2 mm,-1,1000,1000,1.0,0.9883814176955703,2.842170943040401e-10,1.5063505998114124e-09,4.4598402748619037e-10,6.938893903907228e-14,69.0,29.027865412877873
16,5-20 mm,both,2000,2000,1.0,10.00463580137827,3.0127011996228248e-09,9.277414392272476e-08,4.8129726135104356e-08,9.43689570931383e-13,138.0,100.8608175010886
16,5-20 mm,+1,994,994,1.0,10.361438283999162,3.169020601490047e-09,1.5727437130408356e-07,4.9349869456967866e-08,9.992007221626409e-13,138.0,49.94791443203576
16,5-20 mm,-1,1006,1006,1.0,9.801871192095646,2.8848035071860068e-09,5.836042760165583e-08,4.69241372067422e-08,8.777700788442644e-13,138.0,50.912903069052845
16,50-200 mm,both,2000,2000,1.0,101.91578686308067,5.335092367886318e-05,0.002229087240390725,0.0005093492623667872,1.1201675845576298e-06,70.0,68.08852047449909
16,50-200 mm,+1,968,968,1.0,103.91280090297384,5.6353883337578736e-05,0.0024487517983118323,0.0006052529108559959,1.1462033822073892e-06,70.0,32.41489480994642
16,50-200 mm,-1,1032,1032,1.0,99.8375629761332,4.912199358386715e-05,0.0019271146921795391,0.0004193931269621807,1.0993831938560517e-06,70.0,35.673625664552674
16,500-2000 mm,both,2000,2000,1.0,997.8958374614399,0.2188800791174117,5.176016490249612,2.1461031141998084,0.0004259576614623617,72.0,63.97541126096621
16,500-2000 mm,+1,988,988,1.0,994.6021274047333,0.24854002641916395,5.912686987070965,2.4113903863313726,0.0004563042953695251,72.0,31.97143448004499
16,500-2000 mm,-1,1012,1012,1.0,999.4919989535956,0.1892629098136922,4.416208561010922,1.8871072398263053,0.00040587944663290215,72.0,32.00397678092122
16,full crossing,both,2000,2000,1.0,5174.685791015625,36.13365262393131,290.4315066906376,155.00453336062748,0.014360530689483397,74.0,59.86184077244252
16,full crossing,+1,1001,1001,1.0,5174.714111328125,19.99449310255841,192.6087089327666,148.39439893528694,0.014715904785744804,74.0,29.92705174139701
16,full crossing,-1,999,999,1.0,5174.636474609375,57.45444917170062,343.7386880040606,161.62790128832106,0.013953734376848104,74.0,29.93478903104551
18,0.05-0.2 mm,both,2000,2000,1.0,0.09822287894675868,1.4210854715202004e-11,2.2737367544323206e-10,4.1848399745525455e-11,3.469446951953614e-15,77.0,65.13374453852884
18,0.05-0.2 mm,+1,1017,1017,1.0,0.09751292959136826,1.4210854715202004e-11,2.2737367544323206e-10,4.061222024032206e-11,3.469446951953614e-15,77.0,33.24839332117699
18,0.05-0.2 mm,-1,983,983,1.0,0.0992307299534736,1.4210854715202004e-11,2.2737367544323206e-10,4.312733622242459e-11,3.469446951953614e-15,77.0,31.885351217351854
18,0.5-2 mm,both,2000,2000,1.0,0.9965707658995944,2.2737367544323206e-10,1.4793499758525273e-09,4.336897490436753e-10,6.938893903907228e-14,77.0,63.41278869495727
18,0.5-2 mm,+1,1000,1000,1.0,1.002988498170338,2.2737367544323206e-10,1.4807710613240463e-09,4.24177245411661e-10,6.938893903907228e-14,77.0,31.60733103612438
18,0.5-2 mm,-1,1000,1000,1.0,0.9883814176955703,2.828848266744899e-10,1.4793499758525273e-09,4.432022526756896e-10,6.938893903907228e-14,77.0,31.805457658832893
18,5-20 mm,both,2000,2000,1.0,10.00463580137827,3.0020430585864233e-09,7.706182358901964e-08,5.06357655527534e-08,9.43689570931383e-13,154.0,112.4419116047211
18,5-20 mm,+1,994,994,1.0,10.361438283999162,3.069544618483633e-09,9.796110589377307e-08,4.604864393889066e-08,9.992007221626409e-13,154.0,55.940764787374064
18,5-20 mm,-1,1006,1006,1.0,9.801871192095646,2.8990143619012088e-09,4.597211500367848e-08,5.5168170010188347e-08,8.777700788442644e-13,154.0,56.501146817347035
18,50-200 mm,both,2000,2000,1.0,101.91578686308067,4.2082538342924636e-05,0.0017947108648996837,0.00043189449999836427,9.095477565557175e-07,78.0,75.07364116609097
18,50-200 mm,+1,968,968,1.0,103.91280090297384,4.417438503878657e-05,0.0019647540938194635,0.0005245007936836361,8.9266502783375e-07,78.0,35.691059585660696
18,50-200 mm,-1,1032,1032,1.0,99.8375629761332,4.12837763974494e-05,0.0015935665658162153,0.00034503123227807057,9.314455821224366e-07,78.0,39.38258158043027
18,500-2000 mm,both,2000,2000,1.0,997.8958374614399,0.16712826850096008,5.188256401438448,1.5088841917697127,0.00033266281383032004,80.0,65.82565796538256
18,500-2000 mm,+1,988,988,1.0,994.6021274047333,0.19874353540672018,6.017098111975371,1.7837159100635671,0.00038475386692632396,80.0,32.42808803077787
18,500-2000 mm,-1,1012,1012,1.0,999.4919989535956,0.14381025445819873,4.508156447654693,1.2405702217357917,0.0002955784067365519,80.0,33.39756993460469
18,full crossing,both,2000,2000,1.0,5174.685791015625,38.62411554113976,201.1926956636827,149.98580785430067,0.015429386354119667,82.0,65.65747121255845
18,full crossing,+1,1001,1001,1.0,5174.714111328125,43.66088758411024,237.49093873945526,177.92907147255016,0.015900026793413957,82.0,32.75879172421992
18,full crossing,-1,999,999,1.0,5174.636474609375,34.54253952000607,151.71499157692656,121.986601766345,0.014911379938815916,82.0,32.89867948833853
20,0.05-0.2 mm,both,2000,2000,1.0,0.09822287894675868,1.4210854715202004e-11,2.2737367544323206e-10,4.1848399745525455e-11,3.469446951953614e-15,85.0,67.88753599347547
20,0.05-0.2 mm,+1,1017,1017,1.0,0.09751292959136826,1.4210854715202004e-11,2.2737367544323206e-10,4.061222024032206e-11,3.469446951953614e-15,85.0,34.46177217364311
20,0.05-0.2 mm,-1,983,983,1.0,0.0992307299534736,1.4210854715202004e-11,2.2737367544323206e-10,4.312733622242459e-11,3.469446951953614e-15,85.0,33.425763819832355
20,0.5-2 mm,both,2000,2000,1.0,0.9965707658995944,2.3447910280083306e-10,1.4793499758525273e-09,4.3461523095700283e-10,6.938893903907228e-14,85.0,69.64667706913315
20,0.5-2 mm,+1,1000,1000,1.0,1.002988498170338,2.2737367544323206e-10,1.4807710613240463e-09,4.241132965654426e-10,6.938893903907228e-14,85.0,34.702889853389934
20,0.5-2 mm,-1,1000,1000,1.0,0.9883814176955703,2.842170943040401e-10,1.4793499758525273e-09,4.4511716534856305e-10,6.938893903907228e-14,85.0,34.943787215743214
20,5-20 mm,both,2000,2000,1.0,10.00463580137827,2.9842794901924208e-09,7.049720807117409e-08,3.821218762245504e-08,9.43689570931383e-13,170.0,114.4637042323593
20,5-20 mm,+1,994,994,1.0,10.361438283999162,3.069544618483633e-09,7.856089112578936e-08,3.584869219605999e-08,9.992007221626409e-13,170.0,56.36978790350258
20,5-20 mm,-1,1006,1006,1.0,9.801871192095646,2.8705926524708048e-09,5.016431714466307e-08,4.054749026046367e-08,8.777700788442644e-13,170.0,58.09391632885672
20,50-200 mm,both,2000,2000,1.0,101.91578686308067,3.4109497448753245e-05,0.0013569687126846475,0.0003094323224379636,7.494418089587507e-07,86.0,82.44944510585628
20,50-200 mm,+1,968,968,1.0,103.91280090297384,3.413885707459485e-05,0.0016620771873476765,0.0003653373955492761,7.17237158553985e-07,86.0,39.1667418347206
20,50-200 mm,-1,1032,1032,1.0,99.8375629761332,3.40274723953371e-05,0.00114091459764154,0.00025699423060487203,7.961217579274815e-07,86.0,43.28270327113569
20,500-2000 mm,both,2000,2000,1.0,997.8958374614399,0.14568162826841813,4.421201547597774,1.4068951759503834,0.00027901280688635843,88.0,72.68395232362673
20,500-2000 mm,+1,988,988,1.0,994.6021274047333,0.1714333611708696,5.322583556966264,1.8774666438401233,0.0002963496744229875,88.0,35.86551897064783
20,500-2000 mm,-1,1012,1012,1.0,999.4919989535956,0.1275130582314432,3.7276936677542944,0.9474835057181076,0.0002531383468118431,88.0,36.8184333529789
20,full crossing,both,2000,2000,1.0,5174.685791015625,23.559801899295962,139.61894069876163,110.00953228477412,0.009563533965171317,90.0,71.90479353070259
20,full crossing,+1,1001,1001,1.0,5174.714111328125,16.68561000995794,98.42703549384169,111.00260584043217,0.009633341636117176,90.0,35.929250600980595
20,full crossing,-1,999,999,1.0,5174.636474609375,34.94052566659178,160.19756805826543,109.01447059386949,0.009478859618909305,90.0,35.975542929721996
