tag,mode,seed,q,width,depth,restarts,final_loss,converged,wall_s,outer_cap,n_params,train_endpoint_med_um,train_endpoint_p95_um,train_stage_med_um,train_slope_med_mrad,train_rho_mean,train_rho_median,train_straight_med_um,train_n,val_endpoint_med_um,val_endpoint_p95_um,val_stage_med_um,val_slope_med_mrad,val_rho_mean,val_rho_median,val_straight_med_um,val_n,test_endpoint_med_um,test_endpoint_p95_um,test_stage_med_um,test_slope_med_mrad,test_rho_mean,test_rho_median,test_straight_med_um,test_n
data_w200_d4_s0,data,0,8,200,4,50,1.514551847422697e-06,True,1116.8,400,129036,144.71098549864791,874.0968803094313,221.2390493793066,0.04072922617324526,4.0388644243249096e-07,7.774827844531142e-08,519709.92299877864,1979,150.68246885022063,5614.196658265056,224.80003141635052,0.03948724708775081,1.433559084853634e-05,1.0344689657057998e-07,524796.0910229248,2062,142.32417125178642,2971.529493917635,215.968243795281,0.04038692906588141,6.914648811336183e-06,9.36716878606927e-08,520444.29371907085,2018
data_w200_d4_s1,data,1,8,200,4,51,1.1634261101420629e-06,True,1140.2,400,129036,109.53026841946212,788.0388054325521,186.45810524589024,0.04025614972904233,3.038269236420727e-07,3.897672365175745e-08,519709.92299877864,1979,111.54315089052602,4795.277108781438,187.88407625793013,0.04225641903275127,1.9769536748713702e-05,4.812294933274088e-08,524796.0910229248,2062,106.73474453186316,2710.4400396606043,183.74742674761535,0.04053819071729928,6.459426853933921e-06,5.0446565814680324e-08,520444.29371907085,2018
data_w200_d4_s2,data,2,8,200,4,55,1.322488228316678e-06,True,1063.0,400,129036,116.4107383241344,775.9497139360857,194.70053336931414,0.03865357396951041,2.565885352682129e-07,5.457588370820386e-08,519709.92299877864,1979,121.00294737384587,5114.75112841618,198.27677882054218,0.042378532625798535,1.4995456191318578e-05,7.223707203391505e-08,524796.0910229248,2062,113.73337327790978,2822.688912446022,191.70343661959066,0.03935726610842724,8.036442493391094e-06,6.539191973084692e-08,520444.29371907085,2018
data_w200_d4_s3,data,3,8,200,4,45,1.4990642450612428e-06,True,846.1,400,129036,138.08691831263786,906.4917043820508,225.41877322929338,0.040296441932874405,4.657164901387136e-07,7.252704310626884e-08,519709.92299877864,1979,150.82844539386997,5180.875790087847,231.0831616963327,0.041288094218766905,1.6579718148918803e-05,1.04043156645242e-07,524796.0910229248,2062,137.02152788135535,2999.4298613158826,219.1816079665756,0.0380894915246871,9.432334298664679e-06,1.0039910182058022e-07,520444.29371907085,2018
data_w200_d4_s4,data,4,8,200,4,50,1.3603346150545295e-06,True,1649.4,400,129036,113.49539679451937,822.3189809353014,209.40832804896203,0.03515007417315488,3.694098640883639e-07,4.508657638535725e-08,519709.92299877864,1979,111.1998996703596,5048.777660627564,212.26028783620166,0.040818028421318875,2.2940882272599085e-05,5.806042926326083e-08,524796.0910229248,2062,105.43942033110909,2995.752434957209,205.4672637161019,0.03792358665824502,6.5276830316216275e-06,5.420898780992008e-08,520444.29371907085,2018
data_w200_d4_s5,data,5,8,200,4,55,1.2703883228045711e-06,True,1845.5,400,129036,114.86639733527682,754.7789867442013,204.61735189931574,0.03584787137000944,2.55703521281239e-07,4.396153577222312e-08,519709.92299877864,1979,119.23095270802264,4598.137180789355,202.45558345116876,0.03700151111956165,3.754379062915367e-05,5.48972491172986e-08,524796.0910229248,2062,116.03236537074935,2737.5659201633257,193.50141781069397,0.035276365770303686,8.604662340518012e-06,5.4072217058022117e-08,520444.29371907085,2018
data_w200_d4_s6,data,6,8,200,4,52,1.1513729987521096e-06,True,983.0,400,129036,124.43730899701677,744.6217680122902,201.85937274710852,0.03512416561474163,2.3253024654317258e-07,5.4291623836768916e-08,519709.92299877864,1979,130.0517212747252,4994.024969765008,201.86408247781173,0.03550209814455474,1.607933964697596e-05,7.277454397186808e-08,524796.0910229248,2062,127.6810221087743,2818.943957461379,192.5844652818789,0.035472984660403495,5.754956395245952e-06,6.767873259319707e-08,520444.29371907085,2018
data_w200_d4_s7,data,7,8,200,4,55,1.3678189440165408e-06,True,1113.1,400,129036,130.9667727566648,900.6955529522879,204.21134894962734,0.04315224827841635,3.4949728783519085e-07,6.128030824862835e-08,519709.92299877864,1979,131.0615049694306,4925.763496302889,208.0818433963323,0.04292059748660132,2.121017412294578e-05,7.724545556658533e-08,524796.0910229248,2062,129.22013027544034,3121.3856464093633,203.30969526396814,0.040462507767106796,9.03795964585047e-06,7.605807211762561e-08,520444.29371907085,2018
data_w200_d4_s8,data,8,8,200,4,46,1.1564517221269364e-06,True,1670.3,400,129036,129.5172213110618,757.705402160359,193.91799690112066,0.035563271062272195,2.961284548234696e-07,5.830501696196395e-08,519709.92299877864,1979,135.16045227447648,4809.14446967005,207.24882270206814,0.0399690439752548,1.497310075958263e-05,8.335119602318841e-08,524796.0910229248,2062,131.08730072999464,2925.07230641177,195.7608298857565,0.03664331735203988,8.01843844314321e-06,7.358785069563729e-08,520444.29371907085,2018
data_w200_d4_s9,data,9,8,200,4,50,2.026692198993612e-06,True,1709.0,400,129036,162.50655762468114,989.796747951095,264.4901981699945,0.04626246484637497,3.406054192064477e-07,1.0552399938249427e-07,519709.92299877864,1979,166.0718983985987,5112.745102238019,258.9317016608419,0.04781567049526314,1.6716577939018915e-05,1.2623222828025607e-07,524796.0910229248,2062,158.98783761974755,2759.483849965454,252.89213231567942,0.0454904928094621,7.646970570608367e-06,1.2053581482340486e-07,520444.29371907085,2018
w032_d2_s0,physics,0,8,32,2,49,0.0002118933494030906,True,284.1,150,2436,1400.4329665176272,10755.436464625274,1854.401145516004,0.39905546208399145,3.5840692491135854e-05,7.302446239327613e-06,519709.92299877864,1979,1512.1964059559616,16130.811765682012,1893.630327322583,0.397145789060355,4.9753887186451626e-05,7.882493907332263e-06,524796.0910229248,2062,1435.3582452368698,11051.064833690252,1867.5494595987489,0.369226555711491,5.003591411382667e-05,7.807020847131528e-06,520444.29371907085,2018
w032_d2_s1,physics,1,8,32,2,92,0.0001831593873694418,True,342.2,150,2436,1094.7314328422094,9838.902792931818,1598.0209666939231,0.3886914997427498,3.9117320053160425e-05,5.48203998983249e-06,519709.92299877864,1979,1116.6031188442817,12888.531476162887,1648.432898560559,0.392939444747855,5.2973165477359194e-05,5.64503912804401e-06,524796.0910229248,2062,1058.9797198515712,10506.387048419208,1582.8141694468768,0.37482556301540393,5.6533712672566756e-05,5.554693903142878e-06,520444.29371907085,2018
w032_d2_s2,physics,2,8,32,2,83,0.00015614504625574468,False,467.4,150,2436,751.6790729306422,8259.75121012392,1002.5151973992479,0.3731095951057528,2.1003023870297285e-05,2.326398870761159e-06,519709.92299877864,1979,778.7569094720652,13167.97587414879,1023.3558941113472,0.3820460684795073,2.8546357835680894e-05,2.6420249017281187e-06,524796.0910229248,2062,723.6349440744334,7874.930825495316,986.2680474236072,0.3753141817929434,2.6050584625440794e-05,2.4374683684851377e-06,520444.29371907085,2018
w032_d2_s3,physics,3,8,32,2,66,0.00015739037388196587,False,384.5,150,2436,926.338670278767,8465.809342275652,1140.2094933883404,0.42056679142193043,2.54406628784725e-05,3.6929005453336924e-06,519709.92299877864,1979,964.7703449971984,11476.780138854967,1185.660240768101,0.4143680959482893,3.249457138661038e-05,4.112623240626481e-06,524796.0910229248,2062,921.7655758512393,8568.548184257508,1117.3579571393475,0.39907102325348154,2.6210524662955617e-05,3.916384718365289e-06,520444.29371907085,2018
w032_d2_s4,physics,4,8,32,2,60,0.00013121660636590833,True,234.0,150,2436,980.0613541392238,8466.214470446683,1196.8374061407303,0.4279988637683474,2.977538410389297e-05,4.211274541806911e-06,519709.92299877864,1979,1029.9458556489185,12862.538579582635,1237.8376413419687,0.43726388824789564,4.713704220334606e-05,4.492402601494126e-06,524796.0910229248,2062,910.3380832482628,9333.315244062494,1131.6956740582214,0.43055638474216035,4.425179947605214e-05,4.057310877706563e-06,520444.29371907085,2018
w032_d2_s5,physics,5,8,32,2,82,0.00013805749069802976,True,298.3,150,2436,880.4560577070788,9340.296832470089,1215.8446381752128,0.33619669931217455,2.4853188793346168e-05,2.7877923701125e-06,519709.92299877864,1979,874.5019596923669,13306.294225385738,1249.7188081292165,0.3498110424922096,3.3647370262596684e-05,2.966543285489293e-06,524796.0910229248,2062,852.8371853905696,9635.23373792062,1231.4734923587025,0.33368900106672816,3.979158763512977e-05,2.8222398764592275e-06,520444.29371907085,2018
w032_d2_s6,physics,6,8,32,2,74,0.00013536144655167007,False,409.3,150,2436,684.074750577139,8663.282954179493,1062.9322943031525,0.3127482447962231,1.956938911751818e-05,2.13298353531443e-06,519709.92299877864,1979,685.3987846913299,11876.020743785451,1048.760265041011,0.32385756106777586,2.4152233252986125e-05,2.3210300055109783e-06,524796.0910229248,2062,654.1052475531473,9033.15806331035,1022.9494818194951,0.30881606476191453,2.816019008826335e-05,2.0393694516577407e-06,520444.29371907085,2018
w032_d2_s7,physics,7,8,32,2,92,9.344184186603991e-05,False,338.1,150,2436,672.5417766614044,7012.782816237307,868.9626860353314,0.25598207160704156,1.773191242164091e-05,2.112730697492529e-06,519709.92299877864,1979,674.2283787875465,9790.360080055922,918.3289844673013,0.2539073264849062,2.847765195469714e-05,2.2105824345684164e-06,524796.0910229248,2062,638.1760898726867,8071.690340555761,872.222941636096,0.24939832863364944,1.8716713477987013e-05,2.1293777137380446e-06,520444.29371907085,2018
w032_d2_s8,physics,8,8,32,2,77,0.00014820942003526281,False,422.3,150,2436,1096.9573568081614,8939.698345337176,1403.9244730919904,0.3217916074546301,2.5682361486355466e-05,3.7421548465844606e-06,519709.92299877864,1979,1099.8835977331396,13679.007839222842,1387.1051478544841,0.3303048230210871,3.589312899184955e-05,4.150021916905693e-06,524796.0910229248,2062,1064.931175229603,9989.01412275554,1349.008456780794,0.3106801185049704,4.0259092861138716e-05,3.840696165162769e-06,520444.29371907085,2018
w032_d2_s9,physics,9,8,32,2,81,0.0003619354588023131,True,295.9,150,2436,1652.5830453531398,14800.284579124938,2189.13966325762,0.6201625670876655,7.099023317050142e-05,1.167402780779707e-05,519709.92299877864,1979,1642.8209958052378,21352.818878584138,2141.834321867378,0.6074015243069074,8.323627187567036e-05,1.1872034559388526e-05,524796.0910229248,2062,1599.7384005011384,14756.59132569821,2172.8199605022382,0.5878607969566204,8.737890571024854e-05,1.1446058922931335e-05,520444.29371907085,2018
w032_d4_s0,physics,0,8,32,4,97,4.943028037999054e-05,True,406.5,150,4548,465.76551331034466,4848.578821649646,651.4130126938653,0.18183487090612205,1.1346266862504875e-05,1.009726510796097e-06,519709.92299877864,1979,477.5066360205642,8877.023079664032,642.9752335577064,0.1877322014556832,0.00011984349474140493,1.034944436282194e-06,524796.0910229248,2062,449.8183546446626,5458.214122425406,623.0429381557769,0.1758678725577549,2.0221470590660446e-05,9.960433459867081e-07,520444.29371907085,2018
w032_d4_s1,physics,1,8,32,4,98,5.368292799705715e-05,True,607.1,150,4548,410.253267647704,5201.450865141957,582.148844505781,0.178594616099155,1.1446525158416042e-05,7.677506319882197e-07,519709.92299877864,1979,407.2972874512857,8824.994321684382,586.1969173806472,0.18130911607587563,4.6037065190095814e-05,7.635284108058935e-07,524796.0910229248,2062,387.1358276683381,6498.771482026235,565.4208914540391,0.17188364021856983,1.6883019061405582e-05,7.456007575061962e-07,520444.29371907085,2018
w032_d4_s2,physics,2,8,32,4,110,4.775710067458793e-05,False,457.6,150,4548,491.5690277360909,5127.1044827599035,654.754376772587,0.20343901128045197,1.3001243399686243e-05,9.937486216141605e-07,519709.92299877864,1979,497.93513775168384,8911.488569005978,684.3321859308311,0.1999491125305019,6.716122159099607e-05,1.1024223578955598e-06,524796.0910229248,2062,487.3383614584128,5361.89595288614,670.1037718245715,0.19766318352283652,2.256334749794767e-05,1.0487743482582704e-06,520444.29371907085,2018
w032_d4_s3,physics,3,8,32,4,81,6.509022182786891e-05,True,515.6,150,4548,426.18596173042533,5950.182472667114,633.230869315355,0.2502316861249243,1.1834047988217887e-05,7.9119130583974e-07,519709.92299877864,1979,447.4867742251121,10519.783976541827,655.5628390443502,0.2546463735584731,4.722790670156307e-05,8.623533508456078e-07,524796.0910229248,2062,410.5238852834532,6587.414182600377,621.5819480262326,0.23666162402514146,2.242892261199065e-05,8.236499381964417e-07,520444.29371907085,2018
w032_d4_s4,physics,4,8,32,4,99,6.039954924230804e-05,False,642.8,150,4548,616.1676353208918,5391.196615187303,770.1390834005224,0.21068123723496507,1.5125392962777717e-05,1.3120035386225822e-06,519709.92299877864,1979,628.2958064415993,9816.722216157894,771.0921252905223,0.2143325857418188,5.3019248868205756e-05,1.4562288853810147e-06,524796.0910229248,2062,578.3222866304527,6689.033937936772,740.5273883117616,0.20137601969265861,2.227309328317275e-05,1.3448173985560933e-06,520444.29371907085,2018
w032_d4_s5,physics,5,8,32,4,98,5.5901986358115585e-05,False,641.5,150,4548,493.57431576882504,6000.400546115718,649.0984181119757,0.20724003131722402,1.2530581723694992e-05,1.1886992580473826e-06,519709.92299877864,1979,508.64471741772377,8456.919591539494,661.2137747628069,0.20540449911559192,0.00011498080865027577,1.2857032953343853e-06,524796.0910229248,2062,488.58635672756634,6651.74663515972,605.4486825262444,0.1860812799800611,2.1535853785080442e-05,1.2992800783082962e-06,520444.29371907085,2018
w032_d4_s6,physics,6,8,32,4,92,6.882100538206803e-05,False,579.0,150,4548,586.6873554539409,5367.910833150924,718.0208619196344,0.23764840297363019,1.5243903888361057e-05,1.3407245004960666e-06,519709.92299877864,1979,594.2289198774091,10457.867037575923,714.745901958068,0.24740049396250463,4.581819920132856e-05,1.3869555039186651e-06,524796.0910229248,2062,545.8781246645117,6815.375586017754,676.0405918966228,0.2422587849554309,1.9042322153948488e-05,1.3498591840266129e-06,520444.29371907085,2018
w032_d4_s7,physics,7,8,32,4,103,3.9005039478660294e-05,False,654.1,150,4548,433.77094437725816,4528.182903174722,568.779862692395,0.16694905514325065,1.3331156749763426e-05,8.719547191852131e-07,519709.92299877864,1979,444.66170551294556,8173.9058654252085,595.5885676855947,0.16843669216899498,0.00012576933939349014,9.127391016839481e-07,524796.0910229248,2062,429.3336191881849,5747.020560561106,560.8977204918624,0.16287369138203583,1.9664361298702805e-05,9.499787209496295e-07,520444.29371907085,2018
w032_d4_s8,physics,8,8,32,4,101,4.2530878836312705e-05,False,442.0,150,4548,456.8919439362844,4784.812194527597,597.5978297362872,0.18395584199359938,1.3198533725670576e-05,8.638383210980041e-07,519709.92299877864,1979,462.34907636977596,9046.313799080543,603.5177808105523,0.1828471475515854,0.00011178391954354878,8.857902518834308e-07,524796.0910229248,2062,446.69628615477654,5664.090280152561,572.4176535187553,0.1656960928973321,1.887435069973763e-05,8.833693074603032e-07,520444.29371907085,2018
w032_d4_s9,physics,9,8,32,4,89,8.133591038559683e-05,False,414.4,150,4548,580.3311925963612,6237.171454289724,784.5562869873106,0.26759466639777324,1.6937170040003766e-05,1.3737587316524534e-06,519709.92299877864,1979,573.7615752354515,10612.909122292416,780.1121615477484,0.2689713860451054,5.318185926563137e-05,1.5760255655088215e-06,524796.0910229248,2062,592.3813868565162,6606.946705014298,795.1491314830221,0.25705640520059037,2.1439762001600635e-05,1.5886605045489811e-06,520444.29371907085,2018
w032_d6_s0,physics,0,8,32,6,118,6.862842614360216e-05,False,601.9,150,6660,527.2267831510362,5748.601247468059,709.8820345410104,0.2033779920431189,1.3503867086440801e-05,1.1195086280590234e-06,519709.92299877864,1979,551.1361755512496,10615.975569640728,719.4727762985451,0.19621438293346977,8.736417763252318e-05,1.1944552051588824e-06,524796.0910229248,2062,523.8833630390989,6114.769118217645,700.9799442917881,0.18852043903315463,3.924444853879847e-05,1.135262513588747e-06,520444.29371907085,2018
w032_d6_s1,physics,1,8,32,6,150,6.606789518644165e-05,True,1124.0,150,6660,410.4168545435485,6006.148892232112,659.9218598830134,0.19628623351160973,1.3446572000104842e-05,7.173033950872704e-07,519709.92299877864,1979,416.4686108648681,9498.517824850387,674.3905062006945,0.19790752690336164,7.224391621601462e-05,7.478123988350317e-07,524796.0910229248,2062,390.9714614942743,7112.9258723775065,649.4743089596966,0.1897579282296169,2.3904317424078298e-05,7.263474358832031e-07,520444.29371907085,2018
w032_d6_s2,physics,2,8,32,6,110,0.00012076482465431274,False,828.9,150,6660,723.4084759416248,7501.632794985566,1076.1061222452781,0.338694468697498,1.8272647783706847e-05,2.531178261405258e-06,519709.92299877864,1979,719.9342360168544,11971.02439529504,1110.8040788050885,0.32554643566942015,5.1726100629372015e-05,2.7371620946468432e-06,524796.0910229248,2062,710.0069505986681,8640.00626552026,1083.641843993391,0.3101763100322036,2.2120757830406703e-05,2.781976963768008e-06,520444.29371907085,2018
w032_d6_s3,physics,3,8,32,6,125,6.413844672394058e-05,True,941.9,150,6660,413.8138323640277,5905.338262603999,624.8637913084281,0.19937181775514512,1.268274952225215e-05,8.254132100451417e-07,519709.92299877864,1979,445.1319364917481,9667.019827099562,645.5597559240093,0.20928247018075358,0.00010236611586181387,8.910524304498328e-07,524796.0910229248,2062,421.67015582661804,6664.745338966332,631.7137786723777,0.19227653445270249,2.3251960724860727e-05,8.812047499660495e-07,520444.29371907085,2018
w032_d6_s4,physics,4,8,32,6,150,5.053720887387975e-05,True,745.1,400,6660,429.65681023895286,5330.905659588799,543.4898651566868,0.17368481101275557,1.2384922846889528e-05,8.078087828296535e-07,519709.92299877864,1979,421.970534214438,9187.391201100038,545.2043187833056,0.1865256061280747,0.000109736206621282,8.222881620861788e-07,524796.0910229248,2062,431.46143689736505,6071.790402983237,541.6275354403695,0.17106223383105482,2.0847312349462527e-05,8.028612027416051e-07,520444.29371907085,2018
w032_d6_s5,physics,5,8,32,6,155,0.000114967448354798,False,798.4,400,6660,694.5549757206209,6639.25750125862,914.4866521209565,0.3210875511810221,1.7659463067658466e-05,2.277797415957139e-06,519709.92299877864,1979,703.1266723781187,10428.275440014528,925.6029689938572,0.31286462626881406,3.867173571770848e-05,2.235477629939635e-06,524796.0910229248,2062,666.4659329133826,7440.544845381122,892.510788042511,0.29840226891086896,3.017909759434556e-05,2.11363740932124e-06,520444.29371907085,2018
w032_d6_s6,physics,6,8,32,6,136,0.00018374694486413278,False,739.1,150,6660,1162.8232896509517,9577.983260015895,1584.2360199155792,0.515162244073164,3.2341375204655554e-05,4.9551813013921545e-06,519709.92299877864,1979,1175.7838962622316,13643.34999058665,1631.9484812815688,0.5258026652284475,5.3893583118510394e-05,5.4498449394185355e-06,524796.0910229248,2062,1128.2034359524573,10312.301697440484,1555.7936229657869,0.5051257234120199,3.845228313050472e-05,5.266781994012199e-06,520444.29371907085,2018
w032_d6_s7,physics,7,8,32,6,157,9.769388930117419e-05,False,1156.1,400,6660,707.6388813806034,7853.1416729601215,964.6056971592429,0.3028812688520566,2.2095865826377155e-05,1.7532229299109639e-06,519709.92299877864,1979,729.5949352045312,12559.59083308721,953.6355501282969,0.30151405500621065,0.00011406206192183694,1.9266161501299715e-06,524796.0910229248,2062,656.7036731159988,8378.904190549352,893.1622514915318,0.27668986400740736,4.501782969855738e-05,1.8696284735289667e-06,520444.29371907085,2018
w032_d6_s8,physics,8,8,32,6,51,0.001090417910675099,True,381.5,150,6660,2937.195286203746,22406.50173547981,3597.684589643393,1.6256903431757785,0.00011073454221802317,3.827014179351271e-05,519709.92299877864,1979,2910.26625928113,28310.714470579253,3675.9562291208285,1.6787042839846391,0.00014403986371952564,4.1027692088934744e-05,524796.0910229248,2062,2724.5789052482223,22133.837283411955,3490.997800395434,1.565715837287967,0.00014260223515149786,3.888258625912973e-05,520444.29371907085,2018
w032_d6_s9,physics,9,8,32,6,156,0.00016376800055644232,False,830.2,400,6660,846.1640499378689,8929.278507110675,1303.5085229666379,0.4252731552150668,2.5176072252845045e-05,3.3486561001498395e-06,519709.92299877864,1979,885.2482742795331,12373.432061470794,1330.419607138836,0.43415363007336116,6.669922114740096e-05,3.612034773725666e-06,524796.0910229248,2062,808.9666485886085,9302.38799033949,1261.0259557179688,0.4079051927468047,3.940359494058401e-05,3.332641776104555e-06,520444.29371907085,2018
w050_d2_s0,physics,0,8,50,2,67,4.967203543881254e-05,True,261.9,150,4686,451.4395872782302,4855.354799261259,600.6041659173036,0.22976140157248554,1.204094787612558e-05,8.395874920530197e-07,519709.92299877864,1979,439.2242438644871,8158.289078986254,592.4785255962206,0.23359736339854942,2.9704894146036582e-05,8.247865989645877e-07,524796.0910229248,2062,417.9576492074517,6084.308584511807,559.5794779232825,0.22372033173913458,1.2227229699614518e-05,7.666102876482226e-07,520444.29371907085,2018
w050_d2_s1,physics,1,8,50,2,81,4.5414740584597055e-05,True,323.6,150,4686,462.1976606576368,5194.146309702076,663.7362066301762,0.17549578298235724,1.2186215140730741e-05,8.083498319793938e-07,519709.92299877864,1979,490.5636859804474,8276.595698460576,662.7310686118904,0.18129363915021812,2.8354715755504074e-05,9.077947668774087e-07,524796.0910229248,2062,469.46489087214616,6394.474689943314,637.0972727970212,0.17235192523925918,1.8228873807114457e-05,8.712411253332008e-07,520444.29371907085,2018
w050_d2_s2,physics,2,8,50,2,78,5.2812034535828755e-05,True,310.0,150,4686,484.3294874266775,5137.147894100821,710.3616552974472,0.19351479235608232,1.62011043836668e-05,1.018896823177001e-06,519709.92299877864,1979,494.16352946464315,10384.202018372911,719.2839171696903,0.19257634092372575,3.495845408833174e-05,1.1146382779335755e-06,524796.0910229248,2062,484.6382630846051,6699.406903976345,693.8690507621885,0.1797639781158059,1.8384055849929033e-05,1.102936401813295e-06,520444.29371907085,2018
w050_d2_s3,physics,3,8,50,2,78,5.760834694883777e-05,True,316.9,150,4686,503.88146586136884,5235.013108037459,650.9830481612653,0.2540668270853419,1.4255198751414266e-05,9.20234580862835e-07,519709.92299877864,1979,517.5421597323009,9232.104000017931,671.0422645287792,0.24749373665459204,3.9154535547175235e-05,9.683593688010246e-07,524796.0910229248,2062,490.14561156111824,5959.058971840907,652.169016805459,0.24332046693037013,1.8849256588114612e-05,9.987374826584752e-07,520444.29371907085,2018
w050_d2_s4,physics,4,8,50,2,74,4.302246918120401e-05,True,288.0,150,4686,436.7516007599477,5005.3023820314365,552.6790433628435,0.19972111147992938,1.2586848920937889e-05,9.946879389346819e-07,519709.92299877864,1979,462.69872408813484,9525.689636442716,606.3241642224799,0.21068220633767287,2.8883046452544523e-05,1.0115084066665613e-06,524796.0910229248,2062,428.66070859606964,6539.419786780405,551.4229357003444,0.19657392036788968,1.7479415343161604e-05,9.371491892351173e-07,520444.29371907085,2018
w050_d2_s5,physics,5,8,50,2,71,4.5324314285212386e-05,True,278.9,150,4686,537.4170041275335,5064.860656757168,708.7525351165596,0.18871257594900437,1.3651939800917648e-05,1.1249865296657026e-06,519709.92299877864,1979,554.0498181389122,8610.23011920575,710.6013432625247,0.1938033441786849,2.7620712242247477e-05,1.2135730793233836e-06,524796.0910229248,2062,540.2225857092233,5757.851378557537,719.5520597909351,0.18531932716527033,1.7461362837328143e-05,1.2251228317444334e-06,520444.29371907085,2018
w050_d2_s6,physics,6,8,50,2,76,5.34932044540469e-05,True,308.9,150,4686,585.8609514119166,5414.77088035798,759.6793297460351,0.26431285774153324,1.1632943433111013e-05,1.5178125687372636e-06,519709.92299877864,1979,620.4302614245023,9863.601035584876,801.855227244701,0.27459127764865865,3.21129174762038e-05,1.5266704051849819e-06,524796.0910229248,2062,592.9087698585818,6630.311106436708,769.5500461659748,0.2486967396815032,1.3921643788214566e-05,1.495946577085125e-06,520444.29371907085,2018
w050_d2_s7,physics,7,8,50,2,65,4.144199017630479e-05,False,270.1,150,4686,346.9902320300662,4929.452635489082,544.3483288271409,0.19150222009578152,1.2814395016181648e-05,5.977492452911122e-07,519709.92299877864,1979,363.02026409288857,10036.256868215458,541.0934673601275,0.20262133289263018,3.161118863221812e-05,6.418674672941531e-07,524796.0910229248,2062,342.1601361304454,6202.68827888511,509.5809994280813,0.19746675155856655,1.8460904415744417e-05,6.063768120881803e-07,520444.29371907085,2018
w050_d2_s8,physics,8,8,50,2,73,3.575204814813466e-05,True,288.3,150,4686,406.94036555521507,4575.107650870902,590.5534668672274,0.1593702031095212,1.1923814724659013e-05,7.933931305895487e-07,519709.92299877864,1979,415.74537818429746,8274.595203214696,607.2411875518924,0.1652937741565448,2.217161812716769e-05,9.043310327997716e-07,524796.0910229248,2062,409.46471013581845,5990.047458445897,590.8520329300586,0.15246028958597163,1.2395251880026403e-05,8.420660612093315e-07,520444.29371907085,2018
w050_d2_s9,physics,9,8,50,2,56,4.2035809707980854e-05,True,219.3,150,4686,345.86066683743155,4753.310849007938,472.55825099932736,0.17128305424424056,1.1445376125244363e-05,7.385040652832329e-07,519709.92299877864,1979,352.9404656958306,9891.546411574229,482.70427980762065,0.17461263950869013,5.634854201637501e-05,8.740610971997918e-07,524796.0910229248,2062,339.9142041181378,5980.178732313359,460.93553867328296,0.17418080700998956,2.211581388717394e-05,8.270746902744676e-07,520444.29371907085,2018
w050_d4_s0,physics,0,8,50,4,154,7.4688220883949164e-06,True,834.6,400,9786,188.88386277222935,2468.603152570956,256.629827188533,0.07085649757745255,8.27425056467528e-06,1.311118632333226e-07,519709.92299877864,1979,191.7974410654466,6747.015274079554,268.0637780251942,0.07677940372430477,6.071956147691715e-05,1.3715453921457487e-07,524796.0910229248,2062,180.94238081681624,4043.817705902699,246.54751277114428,0.06549471792153747,3.255378089173442e-05,1.2865019811226533e-07,520444.29371907085,2018
w050_d4_s1,physics,1,8,50,4,154,7.850304002436363e-06,True,802.1,400,9786,173.5512832618724,2669.039728364032,235.6406294251272,0.0755659250634283,8.287710101424053e-06,1.0902725601784046e-07,519709.92299877864,1979,171.1383913682738,6768.423587273021,236.49461276711747,0.07552360269975564,1.3447739209928956e-05,1.2434571442974292e-07,524796.0910229248,2062,164.66117008508263,3722.2913457832433,227.9812846431355,0.07444592296151735,9.779262646878166e-06,1.1551926803918698e-07,520444.29371907085,2018
w050_d4_s2,physics,2,8,50,4,154,1.0682055270656933e-05,True,811.3,400,9786,250.39595231771727,3303.0414455605505,322.64729337259723,0.0785542119863536,9.428308214768256e-06,2.7424744251889016e-07,519709.92299877864,1979,265.52151377581623,6717.401369489571,329.0641056162755,0.07609701478079357,3.181901930328421e-05,3.078102268874582e-07,524796.0910229248,2062,240.11563388236823,4376.3067277340915,303.69212910622423,0.07115036351940107,1.156071530713625e-05,2.861944118439991e-07,520444.29371907085,2018
w050_d4_s3,physics,3,8,50,4,144,1.16866919431679e-05,True,739.0,150,9786,215.8208717757759,3294.6960686798047,296.3389486934602,0.09474015295284077,9.065652932943507e-06,2.0748187849430083e-07,519709.92299877864,1979,217.60790707983801,7764.993679209091,294.272850970998,0.09332741760885097,2.9832594243450784e-05,2.273729709770265e-07,524796.0910229248,2062,213.23343389309457,4556.281667145998,290.4373428435463,0.09063092742950599,1.6150520200709866e-05,2.256335716100267e-07,520444.29371907085,2018
w050_d4_s4,physics,4,8,50,4,155,1.085243301799454e-05,True,831.3,400,9786,221.6547794298549,2863.5206914167593,295.4325136797138,0.07905303670391328,9.537371801239946e-06,1.9858654879726746e-07,519709.92299877864,1979,222.22847816041735,6847.002731028739,296.1290812794175,0.07796423994485699,4.0982694656444944e-05,2.2837432677615143e-07,524796.0910229248,2062,216.1317350047227,4108.9867448133045,285.22847674810237,0.07539104230974789,1.2527865626544798e-05,2.2181709003233563e-07,520444.29371907085,2018
w050_d4_s5,physics,5,8,50,4,150,9.752668803680166e-06,True,768.0,150,9786,247.53831188149888,2841.9624955405534,302.1712148815823,0.07731267902950228,8.77324185608393e-06,2.3660406122812114e-07,519709.92299877864,1979,252.24608369705592,6691.550045283923,306.44791652868264,0.07683286413214842,5.932399646151547e-05,2.6033163733645034e-07,524796.0910229248,2062,226.97594896587248,3774.1688008070287,282.9119237982525,0.07212526945552661,1.7012684083623887e-05,2.404254218295958e-07,520444.29371907085,2018
w050_d4_s6,physics,6,8,50,4,129,1.2850370060660069e-05,True,671.2,150,9786,230.69309458310272,3225.754919021935,327.1113537827546,0.09330987178696182,8.506180603988983e-06,2.7126027872847656e-07,519709.92299877864,1979,245.65687302203898,7917.3649367528715,344.43434506649595,0.093164458870202,0.0001447199871995185,2.94053868412295e-07,524796.0910229248,2062,235.83130065077285,4564.139118552631,336.7518503809173,0.08868785178507352,4.598381415434047e-05,2.9419856625622944e-07,520444.29371907085,2018
w050_d4_s7,physics,7,8,50,4,154,7.564378666711987e-06,True,853.3,400,9786,182.38913871255136,2973.8523100700304,242.74039397531055,0.07391753202597162,8.039422528063566e-06,1.6969140672957923e-07,519709.92299877864,1979,193.79085660207807,6383.375902103547,235.30042436460974,0.07715585143690251,6.74236308522089e-05,1.8868340788191847e-07,524796.0910229248,2062,179.41778178244493,3925.7844637230887,219.92989712034472,0.07502765485966657,1.98277101285349e-05,1.7631379229733574e-07,520444.29371907085,2018
w050_d4_s8,physics,8,8,50,4,127,1.2159173889801399e-05,True,676.1,150,9786,243.8926006973361,3255.3471546136266,319.89938527635786,0.07874249158296154,1.0319687719685038e-05,3.0448001481988505e-07,519709.92299877864,1979,253.49567668775387,7852.382438652872,321.1497250590014,0.08396379010418156,0.0003182452414350242,3.2780673917335413e-07,524796.0910229248,2062,232.7299698430778,4472.907396447933,298.31350555205915,0.07534134467149971,3.470523406165563e-05,3.107368461888326e-07,520444.29371907085,2018
w050_d4_s9,physics,9,8,50,4,134,1.0569731870177348e-05,True,707.0,150,9786,231.63728135216388,3620.977114423841,307.2264647410634,0.09421062339048936,8.591504128718203e-06,2.233971888319547e-07,519709.92299877864,1979,245.92552294464554,6865.117428031457,318.4828484961315,0.09591326507340528,3.664149719662228e-05,2.285800003232587e-07,524796.0910229248,2062,243.84973322001002,4654.661904408735,310.2414244039089,0.0915667440728532,1.6201091337013273e-05,2.3185611820084862e-07,520444.29371907085,2018
w050_d6_s0,physics,0,8,50,6,133,2.8260416808551012e-05,False,852.2,150,14886,284.7458810805392,3852.2032774847717,413.93734735268595,0.13277637006006704,1.1237459282390723e-05,3.6814617782923935e-07,519709.92299877864,1979,303.60934128191275,9215.814529128475,414.48969207950756,0.14408994572733846,6.306222370960516e-05,4.497698268460682e-07,524796.0910229248,2062,285.49953928062166,5788.390414861447,398.2566634635525,0.1313092545019764,1.741769619979789e-05,4.3041619382406514e-07,520444.29371907085,2018
w050_d6_s1,physics,1,8,50,6,154,1.617351598694857e-05,True,969.1,400,14886,254.79433210711022,2939.731784145928,339.2642112100077,0.08539312753755995,1.0384360527203476e-05,2.7616364491226284e-07,519709.92299877864,1979,266.2745938782223,8131.693737398375,348.5318673981368,0.08925012298860185,3.05254694693884e-05,3.26984795206414e-07,524796.0910229248,2062,248.1591570896171,4546.616839076152,327.9974270934929,0.08325927881767947,3.31181814529341e-05,3.0250539249696634e-07,520444.29371907085,2018
w050_d6_s2,physics,2,8,50,6,154,5.495862346202769e-05,True,983.8,400,14886,508.6719970454965,5226.9778347192605,618.8514301551322,0.17771935401571237,1.3199203590155575e-05,1.1455329851495464e-06,519709.92299877864,1979,520.7299388795548,9145.460341694767,632.0781149943997,0.1817968286282612,6.60664961740358e-05,1.2136053063468919e-06,524796.0910229248,2062,525.1967349080644,5820.058470370844,614.48528617926,0.166509911804333,2.4577679833872203e-05,1.2131729484761687e-06,520444.29371907085,2018
w050_d6_s3,physics,3,8,50,6,123,2.77867455025228e-05,False,770.5,150,14886,307.2725387355604,3928.49929223816,420.5525219213655,0.10707370145557338,9.722544673680849e-06,4.7098498061726024e-07,519709.92299877864,1979,319.57401313982814,8138.456818586734,427.4993657054722,0.11178229961762709,9.666661197698805e-05,4.886929530978819e-07,524796.0910229248,2062,310.74827011539696,4983.789932251159,413.361496010225,0.10344312976251491,1.571727501008325e-05,4.660316360808669e-07,520444.29371907085,2018
w050_d6_s4,physics,4,8,50,6,122,3.949129791250441e-05,False,697.5,150,14886,329.6332430796838,4827.80225827131,475.42047404250457,0.13261717180138022,1.0951832425552038e-05,4.91438021983039e-07,519709.92299877864,1979,341.647511543556,9331.275575819338,481.7975507676806,0.13606252292256912,2.1811406603831827e-05,4.94677810296742e-07,524796.0910229248,2062,321.2976321346446,5620.170143988886,465.5414345669868,0.12846002857101574,1.1218977920955667e-05,5.233278857388775e-07,520444.29371907085,2018
w050_d6_s5,physics,5,8,50,6,144,4.365815093857162e-05,True,832.2,400,14886,431.05296498720236,4508.337993645071,585.3019236134855,0.138894742782808,1.2656731106307231e-05,7.666847479299003e-07,519709.92299877864,1979,449.40521567477276,9417.676600209212,604.0517817910285,0.13931573080427917,6.252684052813917e-05,8.579213973111058e-07,524796.0910229248,2062,418.95170848802366,5693.211749406873,577.0804626052524,0.12926422648734323,2.0023128149947103e-05,8.165605019352285e-07,520444.29371907085,2018
w050_d6_s6,physics,6,8,50,6,114,3.3330596469476046e-05,True,1605.0,150,14886,367.2959481958742,4136.369881758687,506.10864784147225,0.11419288944153339,1.2152350394786809e-05,5.221503604386937e-07,519709.92299877864,1979,391.7536482157402,9296.795201816181,499.554918326254,0.12060341467683144,4.63808954020314e-05,5.704861633683626e-07,524796.0910229248,2062,363.6387592574408,5231.444807168322,480.9436788600294,0.10771714979994351,1.891054368731199e-05,5.427258498797902e-07,520444.29371907085,2018
w050_d6_s7,physics,7,8,50,6,134,2.1435156745047884e-05,True,1211.0,150,14886,294.7057575876215,3638.954803809927,363.2122334254291,0.10126992359053844,1.0201848773231343e-05,4.5005226134826133e-07,519709.92299877864,1979,290.4734104066762,8722.381441582718,360.8888666903987,0.11118570805784649,0.00015900478608876783,4.3744153717870457e-07,524796.0910229248,2062,289.1588571907775,5075.512953653442,357.7896402863132,0.09991262933757919,3.1603689569378515e-05,4.30290217074838e-07,520444.29371907085,2018
w050_d6_s8,physics,8,8,50,6,154,1.4813009231837957e-05,True,1012.7,400,14886,296.8099082106619,3361.9393970993196,347.08778222238834,0.09638553880030216,9.526569782085778e-06,3.604665620127704e-07,519709.92299877864,1979,296.50630746397866,8023.44629027144,358.4136523888972,0.10265956433729798,0.0001707406184811153,3.908591385980903e-07,524796.0910229248,2062,283.9656750432482,4472.745031633651,344.25851741379176,0.09678686407614599,1.7576764205524717e-05,3.7003048967442787e-07,520444.29371907085,2018
w050_d6_s9,physics,9,8,50,6,121,3.141299640688514e-05,False,800.2,150,14886,352.9629969550001,4679.619271674069,450.93846953989214,0.1193629437631588,1.1493539044730446e-05,6.163158165090946e-07,519709.92299877864,1979,358.60907977237844,8537.732171202353,466.3848529573045,0.12549925785836427,8.932159601000262e-05,6.688805672692546e-07,524796.0910229248,2062,340.4410170537062,5295.324928509755,434.34761728880744,0.11692012110717243,3.185899330387107e-05,6.304180121813354e-07,520444.29371907085,2018
w100_d2_s0,physics,0,8,100,2,92,9.853551704486028e-06,True,598.9,150,14336,226.3493252351907,2875.2070956856596,297.83609188977954,0.08584449528718785,8.155950398720495e-06,2.641684754799918e-07,519709.92299877864,1979,238.72341998780655,8097.291784712214,324.9376279774481,0.08448296454657139,2.3605297230028545e-05,3.150941853936698e-07,524796.0910229248,2062,215.26109335619026,4291.442754676836,289.85959272036155,0.07684776657725621,1.0830396725134555e-05,3.004255690812363e-07,520444.29371907085,2018
w100_d2_s1,physics,1,8,100,2,93,9.313159967008692e-06,True,596.6,150,14336,216.0743811772754,3040.454903959582,283.69348402461014,0.07338640119102305,8.528401186946272e-06,2.1334610347935364e-07,519709.92299877864,1979,216.94234347986097,9348.844418501563,281.18030485293843,0.07528881490391492,1.7305323440624335e-05,2.4711501966093154e-07,524796.0910229248,2062,204.01328705246868,4576.393974887134,279.50774436467896,0.07331749334784851,1.0864748311747855e-05,2.2193186448763413e-07,520444.29371907085,2018
w100_d2_s2,physics,2,8,100,2,101,7.949732544082873e-06,True,654.4,150,14336,237.38654108888113,2892.157977794551,316.05927087662167,0.07731832601316074,7.954959051318162e-06,2.4480060339736903e-07,519709.92299877864,1979,235.250299789044,7590.475307478788,314.4506150814692,0.0773662695080857,1.5387551974736656e-05,2.6824284904771817e-07,524796.0910229248,2062,225.98824268973772,4175.22687772161,308.7547788611076,0.07303988249190635,7.46202025384023e-06,2.567362535278019e-07,520444.29371907085,2018
w100_d2_s3,physics,3,8,100,2,89,1.1757563193373605e-05,True,563.1,150,14336,246.36711116666277,3163.9105903684363,335.8073996583073,0.10976989522593072,9.044080642405648e-06,2.519663958311626e-07,519709.92299877864,1979,243.4992445831199,8245.951698292685,339.13224632362926,0.1151508323189096,3.8232694802186714e-05,2.9736245846707465e-07,524796.0910229248,2062,235.50336688542828,5130.439089326369,332.66464156675113,0.10283706238866513,1.0227524832279641e-05,2.720159572408923e-07,520444.29371907085,2018
w100_d2_s4,physics,4,8,100,2,83,1.273388436173653e-05,True,537.2,150,14336,304.35431410489855,3149.5695569240065,377.58590712348195,0.10159812559867865,7.785375424933846e-06,3.45107536580783e-07,519709.92299877864,1979,328.9267052634841,8910.38537644657,388.8205304332146,0.10411133505522363,2.5145267983637153e-05,4.584547994532277e-07,524796.0910229248,2062,298.9481356028705,5158.481736049325,382.40716746462056,0.09738928499349042,1.0358239713262081e-05,4.1825333449554837e-07,520444.29371907085,2018
w100_d2_s5,physics,5,8,100,2,96,1.0393864207136626e-05,True,608.9,150,14336,214.9092242950701,3076.4785122537883,302.29992805516304,0.08860221093287546,8.358124791726884e-06,2.0780013131610205e-07,519709.92299877864,1979,234.2201090200433,8312.106012651037,307.84803213734335,0.09145397074769579,3.160379900471352e-05,2.422612769490763e-07,524796.0910229248,2062,220.2253754536514,5607.6044911013805,290.89307717787705,0.08129024247440701,1.4621522348912857e-05,2.399876928542903e-07,520444.29371907085,2018
w100_d2_s6,physics,6,8,100,2,77,1.4843981590141863e-05,True,490.1,150,14336,223.51488571450773,3259.948848013459,358.1046544639719,0.11387043801380087,8.686460708320285e-06,2.124506735059368e-07,519709.92299877864,1979,233.62426847617712,7632.3878622085485,355.89218097995,0.11340914821968834,3.2598516848466175e-05,2.355503439765752e-07,524796.0910229248,2062,225.8864435679584,5151.134588812123,351.73982590245953,0.1116163432417494,1.2446437676932138e-05,2.0813345116501856e-07,520444.29371907085,2018
w100_d2_s7,physics,7,8,100,2,93,1.0532485999414749e-05,True,982.1,150,14336,227.07648217726728,2995.576157193034,300.84636619318417,0.0858360998968119,8.330279335079947e-06,1.9250752588527904e-07,519709.92299877864,1979,239.32098285872172,8331.943568235058,324.48118215975796,0.08614000647635955,1.8857681052932182e-05,2.1073008177121255e-07,524796.0910229248,2062,216.94859474960992,4460.602110570058,291.37269231092944,0.08547415600511626,1.0020459492872967e-05,2.074137726883803e-07,520444.29371907085,2018
w100_d2_s8,physics,8,8,100,2,93,1.2011998686461703e-05,True,601.1,150,14336,202.08204280879727,3244.8291538322337,321.05642132836465,0.09387240434578781,8.214281484294012e-06,1.7662452324861232e-07,519709.92299877864,1979,225.64757209384823,7999.826011571561,331.1402467094382,0.09848483346630056,3.1137830731140626e-05,2.0565571366201757e-07,524796.0910229248,2062,201.41297887557386,5394.548419363781,315.19348789647415,0.09525611579448527,9.930081533669154e-06,1.919438090063147e-07,520444.29371907085,2018
w100_d2_s9,physics,9,8,100,2,86,1.0983749415165934e-05,True,886.1,150,14336,263.8310277529854,2856.554107996496,327.6252680729783,0.1034203630717323,8.92013443135723e-06,2.335400135674128e-07,519709.92299877864,1979,271.1295245449179,8324.719441521382,328.0680063528507,0.107168125605267,3.4351416326392045e-05,2.610824379974375e-07,524796.0910229248,2062,258.6688418979719,5121.204622735925,310.40544107479207,0.1006113466603814,1.1135868396306953e-05,2.4973791286442836e-07,520444.29371907085,2018
w100_d4_s0,physics,0,8,100,4,128,3.4604090964427876e-06,True,1276.4,150,34536,138.5809107556497,2546.3744716539604,169.0493891429128,0.05140872591216758,9.124104058162795e-06,9.759293718415365e-08,519709.92299877864,1979,145.24139955517512,7067.052846940396,179.5542668779717,0.05514691856162396,7.563326749647056e-05,1.1620426869377591e-07,524796.0910229248,2062,133.96985690243923,4023.8510990523455,172.18416641665613,0.05058086345759161,2.0994107716927127e-05,9.816055389275254e-08,520444.29371907085,2018
w100_d4_s1,physics,1,8,100,4,121,2.646253713250138e-06,True,1732.2,150,34536,161.59597461199837,2095.5826161032414,186.48979141073596,0.05283641043535292,9.335046775530912e-06,7.920836722783193e-08,519709.92299877864,1979,160.9373241750518,7300.0634425273265,182.06327373810893,0.05355615086162502,0.00010260027766259246,8.565536024781242e-08,524796.0910229248,2062,155.82064379104565,3967.9926676935424,179.26989606131372,0.050293666691196906,1.6335357431275982e-05,8.080043603061889e-08,520444.29371907085,2018
w100_d4_s2,physics,2,8,100,4,140,2.893827186949715e-06,True,1361.2,150,34536,136.22023779056747,2072.8747472983514,175.23320752843574,0.055576718818900125,8.802677236379125e-06,8.290842658602074e-08,519709.92299877864,1979,144.243791048126,6740.165280426444,186.24592413429752,0.05991776310651162,6.443053685938722e-05,9.639330248938095e-08,524796.0910229248,2062,131.7303539456276,3479.909864904187,172.77062852176073,0.05420970254729762,8.78565909275229e-06,8.579118069615173e-08,520444.29371907085,2018
w100_d4_s3,physics,3,8,100,4,120,2.638364960928034e-06,True,1669.1,150,34536,135.44730355420143,2125.409395395598,163.98367433666294,0.053590353142063396,8.800814727791066e-06,7.388831981019258e-08,519709.92299877864,1979,145.34842738236264,6869.165586966331,168.05253440787737,0.055028817610789336,0.0001186433677850347,8.668728130087431e-08,524796.0910229248,2062,127.96978925392466,3767.9853038903234,159.8988628202136,0.05109115719274804,3.2600395844051845e-05,7.717061667119135e-08,520444.29371907085,2018
w100_d4_s4,physics,4,8,100,4,125,2.886676860696329e-06,True,1243.9,150,34536,136.9383766387955,2442.327067930058,176.30953125569704,0.04325665349969032,9.023709829227884e-06,7.786384452665031e-08,519709.92299877864,1979,139.63546123784454,6569.132334982234,174.48856165648863,0.04704700723811954,5.050515326380107e-05,8.855004456410107e-08,524796.0910229248,2062,132.10931245098934,4159.450628177679,167.09079223463164,0.04146671746974029,1.9714690938747464e-05,8.181203951392315e-08,520444.29371907085,2018
w100_d4_s5,physics,5,8,100,4,113,3.305563757082054e-06,True,1607.8,150,34536,137.07188390188207,2231.910732966921,174.4854779981324,0.050127859677179774,9.132630844236561e-06,7.573987169870931e-08,519709.92299877864,1979,136.38307997521792,7386.614151676278,169.99410930930026,0.05325827607315179,5.4000840064447846e-05,8.019671009885663e-08,524796.0910229248,2062,130.88418286033487,4182.0246442309935,165.96699074625576,0.04866043315514962,2.909885570030585e-05,7.681069944142911e-08,520444.29371907085,2018
w100_d4_s6,physics,6,8,100,4,126,3.4091663468244913e-06,True,1243.3,150,34536,145.77669127197623,2269.1671255000506,194.2449745073418,0.062355198449326465,9.111651102370427e-06,1.1389188708192424e-07,519709.92299877864,1979,155.10770225507997,6840.883272347687,200.19556239086,0.062396098801577315,3.1241753492292955e-05,1.2434027308281504e-07,524796.0910229248,2062,147.08433272676302,3668.7996119333307,188.58366109040503,0.056840396432589285,2.673747699059749e-05,1.1909290397480922e-07,520444.29371907085,2018
w100_d4_s7,physics,7,8,100,4,115,3.177441314064586e-06,True,1620.2,150,34536,153.49743245947423,2220.355140175541,193.59341988433698,0.05035003579894476,9.082756820910136e-06,8.747202694954509e-08,519709.92299877864,1979,162.094853222861,7449.7565112093325,201.559456416458,0.052434860439883046,3.682176392316581e-05,1.0257401916873041e-07,524796.0910229248,2062,154.56408498326368,4141.00384780419,198.17500234925944,0.05195713535545085,1.3190919977015826e-05,1.0106418951855502e-07,520444.29371907085,2018
w100_d4_s8,physics,8,8,100,4,106,4.007679555630281e-06,True,1053.0,150,34536,131.23304824199522,2275.810858954751,176.0616021713588,0.052466353357233375,9.675354003368172e-06,8.426464073534395e-08,519709.92299877864,1979,141.2023998100267,7427.14062546477,182.43402605115477,0.05389914166057351,8.075117515413851e-05,1.0439280506847262e-07,524796.0910229248,2062,132.66394775070012,3865.1061239405676,169.8918963662095,0.04945591365618056,2.5236126908505938e-05,9.236772691483286e-08,520444.29371907085,2018
w100_d4_s9,physics,9,8,100,4,119,2.528068620539079e-06,True,1689.9,150,34536,136.61037962373257,2375.709351226373,174.5191913762767,0.04831298903329451,9.115757323662454e-06,8.157089863982292e-08,519709.92299877864,1979,144.0888233836901,7240.553046534455,179.2928873019548,0.05026204363711706,5.3386781605335724e-05,1.0256784340064731e-07,524796.0910229248,2062,136.99416382166874,4064.1065070064415,173.59125604943415,0.045427498276372213,1.2300370482078978e-05,9.582125033012813e-08,520444.29371907085,2018
w100_d6_s0,physics,0,8,100,6,139,2.2015646614675285e-05,True,1821.6,150,54736,244.7072647020434,3303.0783027058146,371.399017259435,0.13428422177404198,9.924480980612316e-06,2.940137724682793e-07,519709.92299877864,1979,247.9051373508412,6752.896665107788,371.19439810158997,0.13389325157719434,0.00014946372518557564,3.303639323739613e-07,524796.0910229248,2062,242.18528616506774,4247.227058211428,359.9729220822247,0.12938297844665783,2.1739924292496405e-05,3.367008922848856e-07,520444.29371907085,2018
w100_d6_s1,physics,1,8,100,6,154,5.743436409120281e-06,True,2581.1,400,54736,156.99438322792503,2351.7232030041882,215.83995238296438,0.05572958526348093,9.251856094280376e-06,1.0021282412839469e-07,519709.92299877864,1979,158.6614555981356,8257.140185684093,218.1380353315916,0.06013727934289781,5.68761237446771e-05,1.194330372833317e-07,524796.0910229248,2062,152.1886537036039,4271.574554890381,205.31328292278062,0.05581761742121105,2.250651000484209e-05,1.1335202012245321e-07,520444.29371907085,2018
w100_d6_s2,physics,2,8,100,6,142,9.866400230969048e-06,True,1807.5,150,54736,220.14395517498997,2586.77903959551,295.5345819619879,0.07563415734780643,8.237766756546457e-06,1.9370657207313612e-07,519709.92299877864,1979,228.63426969874467,7418.878712112127,300.57780846260584,0.07697033535530168,7.149801987816176e-05,2.179209154055764e-07,524796.0910229248,2062,200.0090272125874,4040.732107589388,286.0040733521116,0.07515504799636094,1.3337229839664997e-05,1.9664941736013893e-07,520444.29371907085,2018
w100_d6_s3,physics,3,8,100,6,149,8.798129046671597e-06,True,2493.0,150,54736,189.01046313705194,2642.4952588012484,235.8903846945566,0.07718219135628701,8.405628327867627e-06,1.520032158759094e-07,519709.92299877864,1979,196.96202521171813,7274.485434896216,245.51317765171254,0.07716903886464087,0.0001367650435410038,1.8914781429922252e-07,524796.0910229248,2062,182.53143833558738,4485.974820282816,230.11594244707112,0.07238413135123717,2.6539465655217515e-05,1.6693839731283928e-07,520444.29371907085,2018
w100_d6_s4,physics,4,8,100,6,150,8.761703951112393e-06,True,1914.0,150,54736,188.939948026416,2623.6778966763354,252.41824698335336,0.07592281530426764,8.974104047603303e-06,1.627956571945288e-07,519709.92299877864,1979,199.41111482094698,7741.765358675179,258.3409756486992,0.08163355202805977,0.00011503268103159302,1.8695992536252255e-07,524796.0910229248,2062,183.02671698972438,4463.495802404532,238.25678545890128,0.0743955377101468,4.217486425609518e-05,1.651710180896672e-07,520444.29371907085,2018
w100_d6_s5,physics,5,8,100,6,146,6.413836761309755e-06,True,2485.9,150,54736,175.96294763715292,2449.550908928492,220.29563369403604,0.066305108410325,8.826959335522823e-06,1.2021956609032488e-07,519709.92299877864,1979,177.4248730631598,7629.784244567503,219.956325736689,0.06685153390831831,0.00026410871136397325,1.454450376364737e-07,524796.0910229248,2062,168.66165582975157,4474.693515752176,209.78622323320195,0.0630140341011682,5.408617749889098e-05,1.2996955888348403e-07,520444.29371907085,2018
w100_d6_s6,physics,6,8,100,6,146,1.2750170049358837e-05,True,4398.5,400,54736,187.9616427532369,3211.6560763757643,283.6739608907237,0.08124656394292717,8.83388815847063e-06,1.8115956854226987e-07,519709.92299877864,1979,191.90466622904978,8335.75514638339,294.6014578600273,0.08366777485739607,5.573350428431379e-05,2.0486679109247274e-07,524796.0910229248,2062,187.40997873995013,4743.044732539329,287.8645404718618,0.08246852528241005,3.533016642708925e-05,1.9016209564507814e-07,520444.29371907085,2018
w100_d6_s7,physics,7,8,100,6,154,7.740705131614447e-06,True,2001.4,400,54736,201.06728369034954,2618.0460887187996,248.6838231177444,0.07596068456910965,9.444952180225034e-06,1.6797636289978553e-07,519709.92299877864,1979,206.47227289628844,7556.702929813964,255.234518261517,0.07384306411377384,0.00010050076572942258,1.830361351968948e-07,524796.0910229248,2062,194.55114849940003,4304.119647871184,245.01334652345008,0.07188540238809923,1.6066566253437516e-05,1.7475151369901567e-07,520444.29371907085,2018
w100_d6_s8,physics,8,8,100,6,154,1.2092812464638973e-05,True,2524.2,400,54736,220.45836616322845,2789.2633400008417,265.8744969462532,0.08921352990971104,9.625509959734536e-06,1.8349669604588873e-07,519709.92299877864,1979,218.55117975754013,7957.981365400442,273.171407314976,0.08671182460614352,7.740475297047691e-05,2.0753270000951928e-07,524796.0910229248,2062,214.99205210217553,4406.991581127096,268.474626584819,0.08365643383502085,2.0185571623545174e-05,1.9610591923647298e-07,520444.29371907085,2018
w100_d6_s9,physics,9,8,100,6,133,9.908840071585631e-06,True,4453.5,150,54736,224.24137102181163,2523.0503414665322,291.8032578252223,0.07353584615400408,9.131245815873661e-06,2.0031466335892463e-07,519709.92299877864,1979,227.16954309552762,7871.022777322158,292.58149138720313,0.07744472079904792,4.987814455249543e-05,2.1750217872006334e-07,524796.0910229248,2062,210.1468181160726,4313.5627126475565,274.6502082294171,0.07355324435352924,3.4861937304769536e-05,2.1001666449797236e-07,520444.29371907085,2018
w200_d2_s0,physics,0,8,200,2,114,2.5137412581558173e-06,True,1311.8,150,48636,145.07084202659826,2294.0436844201477,195.02909310227778,0.058246758298532986,8.39933361572032e-06,1.0057574158850588e-07,519709.92299877864,1979,154.4510888941204,7836.925957085949,195.66733153374116,0.06307783815883393,2.3640849076233632e-05,1.2475952298084523e-07,524796.0910229248,2062,148.3457287893657,4243.702045934506,190.4858398909255,0.05611401579225586,1.0342224625156807e-05,1.2425227752298405e-07,520444.29371907085,2018
w200_d2_s1,physics,1,8,200,2,71,1.0937210073548985e-05,True,1264.4,150,48636,245.2689989627288,2829.9011464858268,315.1941381431129,0.09899144209903066,8.684727120127418e-06,2.3693194607854725e-07,519709.92299877864,1979,251.6893681949881,7949.538048839538,317.4701015750827,0.09945502392023431,2.1876325463417083e-05,2.6939199310860665e-07,524796.0910229248,2062,237.43071667111337,4827.9051755780865,301.57329409121303,0.09384480549416013,9.48894430274447e-06,2.5988360622150195e-07,520444.29371907085,2018
w200_d2_s2,physics,2,8,200,2,132,1.7929741119261338e-06,True,3642.9,150,48636,130.54669648835215,2369.371410067633,164.7555338465736,0.05034101700518434,8.43925670967353e-06,6.170390272497223e-08,519709.92299877864,1979,132.456585758014,8624.440461580822,165.58567532223378,0.053983023616331616,3.287052691121005e-05,7.00463069342089e-08,524796.0910229248,2062,127.5001581712032,4448.676994718492,167.25699171149876,0.05085084731775574,1.937411030021518e-05,6.855639626449562e-08,520444.29371907085,2018
w200_d2_s3,physics,3,8,200,2,79,7.199465884896499e-06,True,905.5,150,48636,165.44734998569766,2589.1924756688454,261.8606112229429,0.06879748160598664,8.009336639934945e-06,1.1180696170148634e-07,519709.92299877864,1979,167.91445869660748,7479.734171441327,271.33852624518795,0.07203618120990574,3.494200436274855e-05,1.2774201996404507e-07,524796.0910229248,2062,157.69733056581003,4542.878764359465,266.44812891362335,0.0677833633695446,1.0162049222419039e-05,1.2370608448481953e-07,520444.29371907085,2018
w200_d2_s4,physics,4,8,200,2,123,2.355878001301187e-06,True,1897.4,150,48636,137.18021048063633,2258.3956185794586,193.28714875765485,0.049695136440680576,7.92656942479787e-06,8.789863070977459e-08,519709.92299877864,1979,140.3512979119057,8633.761764226934,198.19448232793314,0.051780691097691844,3.7948375822316244e-05,9.214117496309454e-08,524796.0910229248,2062,134.6806443197579,4372.621581314413,187.71553606385538,0.04833575108727402,9.636076014240657e-06,9.271602912191718e-08,520444.29371907085,2018
w200_d2_s5,physics,5,8,200,2,117,2.173848464372234e-06,True,3332.1,150,48636,139.81145820696383,2394.187143394537,181.71969547086064,0.054578795457803364,7.808949709488234e-06,9.232378989509482e-08,519709.92299877864,1979,150.67009230449457,8181.286467757087,189.5119352913497,0.05394117522154393,3.307574190893059e-05,1.0430905696687162e-07,524796.0910229248,2062,148.37658224281824,4462.605425930494,185.5892571730351,0.05265300199577827,1.233668410501214e-05,1.0146574162702571e-07,520444.29371907085,2018
w200_d2_s6,physics,6,8,200,2,80,8.305766085353975e-06,True,884.0,150,48636,187.07134541560322,2585.581451151631,308.6155654227696,0.07817738790605842,8.749462955290874e-06,1.8526404741894596e-07,519709.92299877864,1979,200.50663023131676,7712.827261820559,317.68287018618935,0.0817901709488228,2.7658555876496263e-05,2.222909897536871e-07,524796.0910229248,2062,195.26900016745685,4684.408010198403,292.1333179830583,0.0781402654163191,8.949075149888926e-06,2.1492910491126087e-07,520444.29371907085,2018
w200_d2_s7,physics,7,8,200,2,85,5.858473736643504e-06,True,1459.2,150,48636,208.88138889438324,2300.1356662000426,265.1454873500825,0.0691245274249139,8.497279993608013e-06,1.7243945399018017e-07,519709.92299877864,1979,218.0614156047227,7736.120577713088,275.26164266184946,0.06763870140281958,3.510331826314361e-05,2.033865476864061e-07,524796.0910229248,2062,189.88307061943033,4948.624660278013,254.33478842210098,0.0650725670736374,1.310478301141487e-05,1.876782233067335e-07,520444.29371907085,2018
w200_d2_s8,physics,8,8,200,2,139,2.151820545567592e-06,True,3795.1,150,48636,126.85240112057272,2248.853708538199,164.3148109634751,0.05414816910490061,8.378216064965908e-06,6.826361810220292e-08,519709.92299877864,1979,142.25108330009562,7517.474793105144,170.62744522928597,0.05713857631765851,2.6563055621791037e-05,8.816002616864111e-08,524796.0910229248,2062,140.50134286436844,4391.681074508594,167.70802667079465,0.05387890407727684,1.7876508847129112e-05,7.870207402105842e-08,520444.29371907085,2018
w200_d2_s9,physics,9,8,200,2,76,7.929474821871312e-06,True,864.8,150,48636,242.54071967840218,2709.178206585657,321.02435377100846,0.07693275580937173,8.369138117987549e-06,2.540766263410442e-07,519709.92299877864,1979,246.99254161451734,7458.040124615756,333.8045592671719,0.08494742203389583,3.3633951949167465e-05,2.85839404531727e-07,524796.0910229248,2062,241.4412209900405,4217.599099679512,315.9913919849266,0.07905472992919549,1.1034262987852718e-05,2.7337371035407134e-07,520444.29371907085,2018
w200_d4_s0,physics,0,8,200,4,86,3.0474934788938005e-06,True,2365.7,150,129036,133.9916093200202,2437.25673795925,157.07600891727935,0.06465982294913408,8.988514824716887e-06,8.088725995801712e-08,519709.92299877864,1979,137.7019708371705,7347.2728280887995,157.91374320366458,0.07002529423366655,5.04593871762443e-05,9.460756622471605e-08,524796.0910229248,2062,133.4918172523345,4233.359179944187,158.5642963715017,0.06532314901385936,1.4248399233930428e-05,8.709053744657068e-08,520444.29371907085,2018
w200_d4_s1,physics,1,8,200,4,98,1.8862752145340821e-06,True,4807.9,150,129036,117.05674875679506,2210.985996570911,155.43811450635303,0.050254616013545306,8.811929177208451e-06,5.797094740888562e-08,519709.92299877864,1979,122.68012646728721,7434.1721709584135,155.97650646054717,0.05335120263250462,2.9634805969526407e-05,7.284779200023921e-08,524796.0910229248,2062,111.76178620402233,4290.412192028824,146.46352931233508,0.05053221579727485,1.2311207154805475e-05,7.009441135358247e-08,520444.29371907085,2018
w200_d4_s2,physics,2,8,200,4,100,2.1092559055003677e-06,True,2099.6,150,129036,121.3616406057696,2164.9583257470995,158.26613297122094,0.04528036042455996,8.719955639481452e-06,5.991382827143291e-08,519709.92299877864,1979,123.79389707708279,6909.965804460299,160.70481323106378,0.04816772415004722,4.202352777566898e-05,7.057112730941744e-08,524796.0910229248,2062,117.53332406530603,3649.5521831031874,154.81271508426175,0.043455155686253355,1.7282471588438095e-05,6.858871535008218e-08,520444.29371907085,2018
w200_d4_s3,physics,3,8,200,4,95,2.018503468539452e-06,True,2558.5,150,129036,117.26833157638339,2243.3339543404086,146.02521855488249,0.043008557360474375,9.024405573636926e-06,7.117804795914999e-08,519709.92299877864,1979,126.10543827960541,7378.764711144243,150.40321180280714,0.046189154671812116,3.913454782003965e-05,8.138063438434217e-08,524796.0910229248,2062,115.6860609470458,3763.8663594536833,142.5697841700071,0.042452981782903354,1.3226288809576679e-05,7.596319817198859e-08,520444.29371907085,2018
w200_d4_s4,physics,4,8,200,4,95,2.1732910413904297e-06,True,4723.6,150,129036,113.06917070042743,2245.772594882508,158.70885107432287,0.048258086823516066,8.895415281916503e-06,5.291556829298699e-08,519709.92299877864,1979,118.16296303280183,7682.852258276469,159.8278384173213,0.052418961807465525,3.996338115377385e-05,5.964880623614501e-08,524796.0910229248,2062,113.62003106926011,3893.8710135743854,157.0743548831217,0.04905991041523339,1.1387575567984844e-05,5.5734417509956734e-08,520444.29371907085,2018
w200_d4_s5,physics,5,8,200,4,89,2.46158877273601e-06,True,1862.4,150,129036,102.9101036474458,2322.4126385803215,145.27157396298662,0.0470814267394537,9.235123272845796e-06,4.953134348826592e-08,519709.92299877864,1979,112.71542264280399,6764.148446824567,153.68383749961367,0.04944174958931152,3.596124784356256e-05,6.289793243521728e-08,524796.0910229248,2062,105.54539889761827,3940.6272208673136,140.27574030529522,0.047533922695311426,1.7220736144518615e-05,5.505620973206393e-08,520444.29371907085,2018
w200_d4_s6,physics,6,8,200,4,105,1.6293134926073392e-06,True,2741.0,150,129036,106.21934447260628,2183.547976811369,132.97131948206697,0.03711232086744953,8.820508156563667e-06,4.9432058621448976e-08,519709.92299877864,1979,102.41950721510307,7520.087046025899,133.2569751577921,0.04141323182303008,0.00012780669219429565,5.2366561730998715e-08,524796.0910229248,2062,100.25969052961159,4075.8488205341973,125.5896653692048,0.03803580701161602,2.3503077844343783e-05,5.342666569882593e-08,520444.29371907085,2018
w200_d4_s7,physics,7,8,200,4,95,1.8909414476039979e-06,True,4757.0,150,129036,109.93437248851023,2302.155755827834,133.79740033042253,0.04117054488524119,8.665601278654637e-06,4.9072696999280483e-08,519709.92299877864,1979,115.20698700425669,6469.818716332524,139.74954915224203,0.04290589391700572,3.548194854690434e-05,5.989403890974801e-08,524796.0910229248,2062,113.02019681337327,3831.5016360412906,134.41962090868387,0.039038590604049093,1.5000343076098147e-05,5.223309843253927e-08,520444.29371907085,2018
w200_d4_s8,physics,8,8,200,4,96,2.0104961032658684e-06,True,1989.6,150,129036,120.3380029546679,2202.606904155588,154.45792028469896,0.047417432481743245,8.933531522594188e-06,5.1751032087989625e-08,519709.92299877864,1979,124.24302788062391,7428.54588285,156.0373639269983,0.04927540376339218,5.269607551555784e-05,5.8477274679189983e-08,524796.0910229248,2062,118.08228154266942,3819.5890950044386,150.0837558248893,0.045942047622527654,1.793455491820059e-05,5.443028654310262e-08,520444.29371907085,2018
w200_d4_s9,physics,9,8,200,4,109,2.2238909688128e-06,True,2851.6,150,129036,116.51860061988373,2439.6767139739777,155.43937897295024,0.052509587751679854,8.634120040316687e-06,4.818787907567525e-08,519709.92299877864,1979,118.44471442930171,7746.519422623931,159.38082036474555,0.055955449317517114,7.485205470423042e-05,5.408882669783982e-08,524796.0910229248,2062,117.60537059720377,4168.145028079709,154.86793893451534,0.05028169774293906,3.043403112443647e-05,4.921314908360383e-08,520444.29371907085,2018
w200_d6_s0,physics,0,8,200,6,83,1.0025678600138728e-05,True,5327.0,150,209436,217.19926945189627,2499.081504976901,282.890310024527,0.06472082139363788,9.279718140887505e-06,2.0381677362235084e-07,519709.92299877864,1979,224.57476907580443,8150.657421283266,291.86292436882155,0.06907829796323241,3.476657878771368e-05,2.324589602843418e-07,524796.0910229248,2062,208.37325737564072,4184.540198601462,278.5613157082594,0.06472998118005943,1.616117119559848e-05,2.227175836944434e-07,520444.29371907085,2018
w200_d6_s1,physics,1,8,200,6,106,5.956812068925691e-06,True,3216.4,150,209436,163.4231476949708,2497.949439858756,228.61287589432777,0.061871623746913296,8.663577297337945e-06,1.0647711815696902e-07,519709.92299877864,1979,173.49660951566648,8009.0419020531945,235.6427105271166,0.06402810072007013,4.352229880556194e-05,1.427865816510994e-07,524796.0910229248,2062,163.0698775240944,4475.552064447488,230.62765269881425,0.061638960248518865,1.4338212350231553e-05,1.237589201959319e-07,520444.29371907085,2018
w200_d6_s2,physics,2,8,200,6,107,6.271993662707634e-06,True,3843.2,150,209436,168.69395406027365,2375.6600260672594,224.65089793900006,0.0600009223150344,8.61908028908518e-06,1.0327397718023147e-07,519709.92299877864,1979,181.77898678848692,8766.614534453884,238.78844079592199,0.06398679534441427,4.932719286256699e-05,1.2955367661231632e-07,524796.0910229248,2062,158.98917610714136,4226.240507765571,229.1238512667917,0.06092895685468058,1.3747536451596995e-05,1.1807078645420153e-07,520444.29371907085,2018
w200_d6_s3,physics,3,8,200,6,123,6.035532199528468e-06,True,6623.8,150,209436,145.90770193418834,2481.361865790971,197.0410399744651,0.05119162469006955,8.494446091472022e-06,1.0115480939502324e-07,519709.92299877864,1979,151.83775961306978,7356.188185190446,211.9228469958614,0.05285354361890971,4.500836024687544e-05,1.1501815060172055e-07,524796.0910229248,2062,151.16458594354754,3973.7175444524946,205.36613581064955,0.05026304470396106,1.1767243415259999e-05,1.0707522941455228e-07,520444.29371907085,2018
w200_d6_s4,physics,4,8,200,6,107,4.781550976944781e-06,True,3230.7,150,209436,155.37659420699867,2314.6429866061,195.74750208761316,0.057083958373699284,9.19624880559894e-06,1.1402643274397635e-07,519709.92299877864,1979,169.82613983795147,7909.034326140943,202.53426947286357,0.06112436559222931,2.1528340416552736e-05,1.4174054947581547e-07,524796.0910229248,2062,166.68385149692,4403.485063167012,192.48620675520556,0.057211345152761994,1.0377005859385579e-05,1.28452043890154e-07,520444.29371907085,2018
w200_d6_s5,physics,5,8,200,6,130,5.293256926393309e-06,True,4539.3,150,209436,151.68285676169901,2266.8949447589966,183.9301086888554,0.05672729086710071,8.619985650735304e-06,1.0225537657097952e-07,519709.92299877864,1979,163.3678849922262,8203.086094437103,188.9454725704134,0.061639696646936804,8.95268478070809e-05,1.2138200036947762e-07,524796.0910229248,2062,152.7390306821701,4614.254680517624,187.95887164020542,0.05792336531371296,1.769578936278988e-05,1.1712497087664128e-07,520444.29371907085,2018
w200_d6_s6,physics,6,8,200,6,116,6.047637420370969e-06,True,6397.0,150,209436,152.1616976440896,2335.384562930767,190.23811538789914,0.061097124592734975,8.378438192664694e-06,8.385285458650834e-08,519709.92299877864,1979,161.9226290816016,7588.007976625239,199.05181157280882,0.06447271118087058,9.54120411337419e-05,9.254313709223608e-08,524796.0910229248,2062,149.50308919479482,3976.83181825827,182.0012690891133,0.06002971286038494,2.0930592418498556e-05,8.840220591441998e-08,520444.29371907085,2018
w200_d6_s7,physics,7,8,200,6,135,6.583113936184406e-06,True,4049.3,150,209436,167.26352322232074,2518.597785383962,236.6957610750262,0.05922331471791553,9.050953643106994e-06,1.3047890630181297e-07,519709.92299877864,1979,173.5312265190032,7857.342184936139,238.74548649592953,0.060951890662645045,6.257292474996029e-05,1.471735292747668e-07,524796.0910229248,2062,163.71243506114297,4511.657695922535,228.51827297118632,0.05537812194265218,2.0998742005256074e-05,1.345073514217913e-07,520444.29371907085,2018
w200_d6_s8,physics,8,8,200,6,106,7.399436471086105e-06,True,3850.8,150,209436,156.4556473450125,2803.4708088434163,216.83549928602375,0.06672253638262404,7.814871598050756e-06,1.1833836516092015e-07,519709.92299877864,1979,160.87844929381845,8202.380751967248,222.13390884283513,0.0696496191913247,3.7753341693495556e-05,1.3083756212153924e-07,524796.0910229248,2062,153.78760744337683,4748.2641351797465,211.7379390884082,0.06380038061753329,1.4294265202771342e-05,1.2398171020874093e-07,520444.29371907085,2018
w200_d6_s9,physics,9,8,200,6,129,7.065435284699836e-06,False,6997.3,150,209436,140.3983745768187,2552.4255535206566,210.4349916036199,0.06446565453720882,8.445585976087934e-06,8.400889027814735e-08,519709.92299877864,1979,146.80252819636053,7186.069907336501,206.22559134613994,0.06954470591257964,0.00013439357331306492,9.175475302245182e-08,524796.0910229248,2062,136.34516899489313,4262.3198338238735,199.62280200327598,0.06582980992679739,2.0346986620635716e-05,8.84175518210383e-08,520444.29371907085,2018
