network,mode,seed,width,depth,converged,variant,n,med_um,p95_um,slope_med_mrad,first_step_med_um,straight_med_um,label_vs_rk4_med_um
w100_data_s0,data,0,100,4,True,composite_two_steps,2726,23365.905624980503,591156.1078678657,9.72943317271607,1284.038593281025,948414.482682055,0.0451482050038976
w100_data_s0,data,0,100,4,True,single_giant_step,2726,3309.128592695828,77835.09207960342,,,948414.482682055,0.0451482050038976
w100_data_s1,data,1,100,4,True,composite_two_steps,2726,35681.544391740455,415130.84670475894,13.263374869964567,1693.1176228216032,948414.482682055,0.0451482050038976
w100_data_s1,data,1,100,4,True,single_giant_step,2726,2819.4596718298553,85898.83930723066,,,948414.482682055,0.0451482050038976
w100_data_s2,data,2,100,4,True,composite_two_steps,2726,33416.44950838122,285137.67427247856,8.917633433218441,1482.497234852758,948414.482682055,0.0451482050038976
w100_data_s2,data,2,100,4,True,single_giant_step,2726,3158.4417644546647,74921.03439961953,,,948414.482682055,0.0451482050038976
w100_physics_s0,physics,0,100,4,True,composite_two_steps,2726,65591.99475045159,657083.7423836212,23.80926987437536,4017.761375604209,948414.482682055,0.0451482050038976
w100_physics_s0,physics,0,100,4,True,single_giant_step,2726,6121.124251917394,168267.6584189695,,,948414.482682055,0.0451482050038976
w100_physics_s1,physics,1,100,4,True,composite_two_steps,2726,25828.488795142333,584149.2498981177,12.209073651176052,4303.197821056415,948414.482682055,0.0451482050038976
w100_physics_s1,physics,1,100,4,True,single_giant_step,2726,7996.752405409666,166318.0289864816,,,948414.482682055,0.0451482050038976
w100_physics_s2,physics,2,100,4,True,composite_two_steps,2726,28641.547604201605,436070.21752364817,10.290585595221806,4372.445163888074,948414.482682055,0.0451482050038976
w100_physics_s2,physics,2,100,4,True,single_giant_step,2726,9619.853909443129,133003.2203134591,,,948414.482682055,0.0451482050038976
w100_physics_s3,physics,3,100,4,True,composite_two_steps,2726,34018.5544595256,464248.8225434505,8.841525482783503,5799.969692226341,948414.482682055,0.0451482050038976
w100_physics_s3,physics,3,100,4,True,single_giant_step,2726,9118.527417079582,148688.90527622262,,,948414.482682055,0.0451482050038976
w100_physics_s4,physics,4,100,4,True,composite_two_steps,2726,82472.21568523065,780706.1304789541,18.938589715314926,2821.467508821609,948414.482682055,0.0451482050038976
w100_physics_s4,physics,4,100,4,True,single_giant_step,2726,8997.903183652823,150143.30832802638,,,948414.482682055,0.0451482050038976
w100_physics_s5,physics,5,100,4,True,composite_two_steps,2726,67608.08731519777,632982.6367672316,10.566637793174987,4094.853103937112,948414.482682055,0.0451482050038976
w100_physics_s5,physics,5,100,4,True,single_giant_step,2726,10275.877764476605,162786.9305213735,,,948414.482682055,0.0451482050038976
w100_physics_s6,physics,6,100,4,True,composite_two_steps,2726,62915.091053630706,684001.0952734286,11.679003336221399,3745.612447510325,948414.482682055,0.0451482050038976
w100_physics_s6,physics,6,100,4,True,single_giant_step,2726,7781.707846630494,143965.0969888147,,,948414.482682055,0.0451482050038976
w100_physics_s7,physics,7,100,4,True,composite_two_steps,2726,63909.46642327586,518932.10197685787,7.206956710185555,4230.2869810554,948414.482682055,0.0451482050038976
w100_physics_s7,physics,7,100,4,True,single_giant_step,2726,8845.334988961667,145575.70862114403,,,948414.482682055,0.0451482050038976
w100_physics_s8,physics,8,100,4,True,composite_two_steps,2726,55915.95223153013,475565.5518899828,9.413710197842818,4111.385261841462,948414.482682055,0.0451482050038976
w100_physics_s8,physics,8,100,4,True,single_giant_step,2726,8453.935908281532,157794.07182258353,,,948414.482682055,0.0451482050038976
w100_physics_s9,physics,9,100,4,True,composite_two_steps,2726,21406.492078530922,489868.5269483108,7.167956262064316,3836.5623022159807,948414.482682055,0.0451482050038976
w100_physics_s9,physics,9,100,4,True,single_giant_step,2726,8709.878707174312,144371.38791845908,,,948414.482682055,0.0451482050038976
w200_data_s0,data,0,200,4,True,composite_two_steps,2726,40733.19783623109,664232.2118038588,8.990384728430618,1081.4201495779066,948414.482682055,0.0451482050038976
w200_data_s0,data,0,200,4,True,single_giant_step,2726,2022.9787133540044,86331.54391801554,,,948414.482682055,0.0451482050038976
w200_data_s1,data,1,200,4,True,composite_two_steps,2726,30350.654343563925,502221.97311345325,8.573582155564806,1405.9287081454363,948414.482682055,0.0451482050038976
w200_data_s1,data,1,200,4,True,single_giant_step,2726,2318.660915667659,68821.40373580978,,,948414.482682055,0.0451482050038976
w200_data_s2,data,2,200,4,True,composite_two_steps,2726,28302.480389732522,282724.8684483899,12.623055274871176,1125.475884267189,948414.482682055,0.0451482050038976
w200_data_s2,data,2,200,4,True,single_giant_step,2726,2181.8202725393976,71892.0151785187,,,948414.482682055,0.0451482050038976
w200_physics_s0,physics,0,200,4,True,composite_two_steps,2726,28517.355946480962,400091.90923976555,6.707479148039,2854.6226155660006,948414.482682055,0.0451482050038976
w200_physics_s0,physics,0,200,4,True,single_giant_step,2726,5660.730702900764,133892.41991261952,,,948414.482682055,0.0451482050038976
w200_physics_s1,physics,1,200,4,True,composite_two_steps,2726,38748.580820080184,383309.3644619421,5.902778694109934,2631.756500583492,948414.482682055,0.0451482050038976
w200_physics_s1,physics,1,200,4,True,single_giant_step,2726,5131.042904750473,136101.77900972456,,,948414.482682055,0.0451482050038976
w200_physics_s2,physics,2,200,4,True,composite_two_steps,2726,38803.61999982585,384343.9953403458,14.74997724532634,2821.1546055115946,948414.482682055,0.0451482050038976
w200_physics_s2,physics,2,200,4,True,single_giant_step,2726,4482.633474264503,139901.40836405236,,,948414.482682055,0.0451482050038976
w200_physics_s3,physics,3,200,4,True,composite_two_steps,2726,26375.781301081704,495170.6753146498,7.065024998811815,3042.0558390032397,948414.482682055,0.0451482050038976
w200_physics_s3,physics,3,200,4,True,single_giant_step,2726,3639.9458485843793,127602.65615843172,,,948414.482682055,0.0451482050038976
w200_physics_s4,physics,4,200,4,True,composite_two_steps,2726,46741.36218885223,710716.3256214289,20.265364428268015,2578.475314580942,948414.482682055,0.0451482050038976
w200_physics_s4,physics,4,200,4,True,single_giant_step,2726,4416.951677661757,137643.23611156817,,,948414.482682055,0.0451482050038976
w200_physics_s5,physics,5,200,4,False,composite_two_steps,2726,46434.784282916895,445992.77481387614,9.378416244410408,3461.1133716366567,948414.482682055,0.0451482050038976
w200_physics_s5,physics,5,200,4,False,single_giant_step,2726,4763.917390225914,125664.151384687,,,948414.482682055,0.0451482050038976
w200_physics_s6,physics,6,200,4,True,composite_two_steps,2726,29800.205946497186,570040.6506485236,11.179447648932769,3126.496648568079,948414.482682055,0.0451482050038976
w200_physics_s6,physics,6,200,4,True,single_giant_step,2726,4502.78952791632,137265.48408023152,,,948414.482682055,0.0451482050038976
w200_physics_s7,physics,7,200,4,True,composite_two_steps,2726,21193.57004842101,397384.0872792238,13.787423980568583,3118.4179107171703,948414.482682055,0.0451482050038976
w200_physics_s7,physics,7,200,4,True,single_giant_step,2726,4851.15231890552,151031.04665625733,,,948414.482682055,0.0451482050038976
w200_physics_s8,physics,8,200,4,True,composite_two_steps,2726,52011.70994922631,453058.2614843045,17.384603334246115,2576.340117469613,948414.482682055,0.0451482050038976
w200_physics_s8,physics,8,200,4,True,single_giant_step,2726,5255.225289040282,145486.60269290168,,,948414.482682055,0.0451482050038976
w200_physics_s9,physics,9,200,4,True,composite_two_steps,2726,35034.01213151028,406978.4857755815,18.733340956218413,2691.049213280692,948414.482682055,0.0451482050038976
w200_physics_s9,physics,9,200,4,True,single_giant_step,2726,4563.233388630238,127161.0611971015,,,948414.482682055,0.0451482050038976
w50_data_s0,data,0,50,4,True,composite_two_steps,2726,45352.63896025276,643590.7030597876,17.688377380779002,2844.7746286666843,948414.482682055,0.0451482050038976
w50_data_s0,data,0,50,4,True,single_giant_step,2726,6076.207699528555,108126.88629307631,,,948414.482682055,0.0451482050038976
w50_data_s1,data,1,50,4,True,composite_two_steps,2726,34228.29381309383,472960.74424418516,11.948902292602732,3167.246561959246,948414.482682055,0.0451482050038976
w50_data_s1,data,1,50,4,True,single_giant_step,2726,6213.119115999234,90027.7046516228,,,948414.482682055,0.0451482050038976
w50_data_s2,data,2,50,4,True,composite_two_steps,2726,30833.850867999783,344852.66016215377,8.131426331938446,3685.4282716114994,948414.482682055,0.0451482050038976
w50_data_s2,data,2,50,4,True,single_giant_step,2726,6920.799234156334,130102.38341131699,,,948414.482682055,0.0451482050038976
w50_physics_s0,physics,0,50,4,True,composite_two_steps,2726,89833.1398066525,795168.1462559171,21.57491816893821,6808.5442701749635,948414.482682055,0.0451482050038976
w50_physics_s0,physics,0,50,4,True,single_giant_step,2726,17930.579629250788,213411.57508759602,,,948414.482682055,0.0451482050038976
w50_physics_s1,physics,1,50,4,True,composite_two_steps,2726,28980.249391810277,755394.4143515986,10.162992243061955,8456.114954468205,948414.482682055,0.0451482050038976
w50_physics_s1,physics,1,50,4,True,single_giant_step,2726,17377.73014818913,227215.67405190784,,,948414.482682055,0.0451482050038976
w50_physics_s2,physics,2,50,4,True,composite_two_steps,2726,42248.08907773968,578048.1543313274,21.20653883015357,12453.87867445534,948414.482682055,0.0451482050038976
w50_physics_s2,physics,2,50,4,True,single_giant_step,2726,30692.01904643495,348336.3853915284,,,948414.482682055,0.0451482050038976
w50_physics_s3,physics,3,50,4,True,composite_two_steps,2726,76586.28082744872,920214.7671301352,29.419229321245854,17393.992812852164,948414.482682055,0.0451482050038976
w50_physics_s3,physics,3,50,4,True,single_giant_step,2726,28511.90024582911,318082.4428598905,,,948414.482682055,0.0451482050038976
w50_physics_s4,physics,4,50,4,True,composite_two_steps,2726,44193.88269842847,710836.841257174,23.881652390879943,10667.761734535332,948414.482682055,0.0451482050038976
w50_physics_s4,physics,4,50,4,True,single_giant_step,2726,15871.684774819612,184490.97463572526,,,948414.482682055,0.0451482050038976
w50_physics_s5,physics,5,50,4,True,composite_two_steps,2726,50998.770348534745,617858.2619525308,7.820852461429295,13524.540792220705,948414.482682055,0.0451482050038976
w50_physics_s5,physics,5,50,4,True,single_giant_step,2726,18874.550073482424,247731.75531797347,,,948414.482682055,0.0451482050038976
w50_physics_s6,physics,6,50,4,True,composite_two_steps,2726,44976.808366898,617756.0460300138,14.146284992141434,9878.475429735048,948414.482682055,0.0451482050038976
w50_physics_s6,physics,6,50,4,True,single_giant_step,2726,19945.33400844253,227745.0508591845,,,948414.482682055,0.0451482050038976
w50_physics_s7,physics,7,50,4,True,composite_two_steps,2726,36710.553405157385,614663.6961083456,13.1445262123511,10030.913902394743,948414.482682055,0.0451482050038976
w50_physics_s7,physics,7,50,4,True,single_giant_step,2726,17964.40340708739,209506.37537163455,,,948414.482682055,0.0451482050038976
w50_physics_s8,physics,8,50,4,True,composite_two_steps,2726,49729.34744009646,734703.4307663346,14.640799121743932,13013.85932010072,948414.482682055,0.0451482050038976
w50_physics_s8,physics,8,50,4,True,single_giant_step,2726,14959.848495382346,206476.60362800118,,,948414.482682055,0.0451482050038976
w50_physics_s9,physics,9,50,4,True,composite_two_steps,2726,53892.23263405173,577737.0978593557,7.412916107002065,8435.086175900808,948414.482682055,0.0451482050038976
w50_physics_s9,physics,9,50,4,True,single_giant_step,2726,13734.122165180679,192221.16964576754,,,948414.482682055,0.0451482050038976
