tag,mode,seed,width,depth,leg,node,node_c,is_endpoint,med_um,p95_um,n
w100_data_s0,data,0,100,4,A,0,0.019855071751231912,False,251.78039845151528,5569.617671420201,604
w100_data_s0,data,0,100,4,A,1,0.10166676129318664,False,204.68798769992145,4208.946649379171,604
w100_data_s0,data,0,100,4,A,2,0.2372337950418355,False,201.18166897995326,4442.988111112247,604
w100_data_s0,data,0,100,4,A,3,0.4082826787521751,False,252.44986580253624,5529.494265993549,604
w100_data_s0,data,0,100,4,A,4,0.5917173212478248,False,271.40177803252266,5917.956100236849,604
w100_data_s0,data,0,100,4,A,5,0.7627662049581645,False,258.1496549551927,6018.548679154885,604
w100_data_s0,data,0,100,4,A,6,0.8983332387068134,False,251.07682085823023,7625.198685066191,604
w100_data_s0,data,0,100,4,A,7,0.9801449282487681,False,352.1556980375692,9608.208801249613,604
w100_data_s0,data,0,100,4,A,8,1.0,True,406.3094961346275,10445.08737291417,604
w100_data_s0,data,0,100,4,B,0,0.019855071751231912,False,871.9900139693344,6285.463607266295,564
w100_data_s0,data,0,100,4,B,1,0.10166676129318664,False,655.4908054967932,4548.0206612702,564
w100_data_s0,data,0,100,4,B,2,0.2372337950418355,False,593.2933108232028,5405.4222743156515,564
w100_data_s0,data,0,100,4,B,3,0.4082826787521751,False,632.7471640887694,7094.73301021564,564
w100_data_s0,data,0,100,4,B,4,0.5917173212478248,False,671.8131231013693,8171.578931484629,564
w100_data_s0,data,0,100,4,B,5,0.7627662049581645,False,743.3265796835968,10042.902220397844,564
w100_data_s0,data,0,100,4,B,6,0.8983332387068134,False,791.4064437174204,11940.826188965731,564
w100_data_s0,data,0,100,4,B,7,0.9801449282487681,False,977.9283302977531,13162.688221829647,564
w100_data_s0,data,0,100,4,B,8,1.0,True,1055.2882376214507,14214.759500395345,564
w100_data_s0,data,0,100,4,C,0,0.019855071751231912,False,253.0516041103823,1940.520169601094,2793
w100_data_s0,data,0,100,4,C,1,0.10166676129318664,False,189.39089001980847,1555.0440022901275,2793
w100_data_s0,data,0,100,4,C,2,0.2372337950418355,False,180.18229887933845,1668.2383690668257,2793
w100_data_s0,data,0,100,4,C,3,0.4082826787521751,False,192.40432388812056,1589.1969504378585,2793
w100_data_s0,data,0,100,4,C,4,0.5917173212478248,False,179.20028405512767,1539.3868763901555,2793
w100_data_s0,data,0,100,4,C,5,0.7627662049581645,False,162.89597442937165,1546.8109479607165,2793
w100_data_s0,data,0,100,4,C,6,0.8983332387068134,False,188.18238646018239,1811.6902991221332,2793
w100_data_s0,data,0,100,4,C,7,0.9801449282487681,False,222.75761145303363,2171.414231329664,2793
w100_data_s0,data,0,100,4,C,8,1.0,True,235.24245647151432,2192.830028219214,2793
w100_data_s1,data,1,100,4,A,0,0.019855071751231912,False,326.67925689479597,5132.508690093144,604
w100_data_s1,data,1,100,4,A,1,0.10166676129318664,False,289.3206868496618,4259.370271706486,604
w100_data_s1,data,1,100,4,A,2,0.2372337950418355,False,284.6176530635423,4409.467711052447,604
w100_data_s1,data,1,100,4,A,3,0.4082826787521751,False,219.2250313582947,5513.603242048745,604
w100_data_s1,data,1,100,4,A,4,0.5917173212478248,False,184.04744874226753,5911.414460772215,604
w100_data_s1,data,1,100,4,A,5,0.7627662049581645,False,284.2960611734003,8471.034687657684,604
w100_data_s1,data,1,100,4,A,6,0.8983332387068134,False,329.00077394544735,9436.228414652785,604
w100_data_s1,data,1,100,4,A,7,0.9801449282487681,False,372.1691234329568,11362.556152974055,604
w100_data_s1,data,1,100,4,A,8,1.0,True,384.7744183834485,12509.131645216677,604
w100_data_s1,data,1,100,4,B,0,0.019855071751231912,False,876.4783145422603,5583.523875171037,564
w100_data_s1,data,1,100,4,B,1,0.10166676129318664,False,661.5333049386561,5094.156767365298,564
w100_data_s1,data,1,100,4,B,2,0.2372337950418355,False,570.029247731938,6069.717237628691,564
w100_data_s1,data,1,100,4,B,3,0.4082826787521751,False,608.3370351074535,6301.274952291451,564
w100_data_s1,data,1,100,4,B,4,0.5917173212478248,False,803.4298080360793,8150.596139652315,564
w100_data_s1,data,1,100,4,B,5,0.7627662049581645,False,855.3892141164638,8566.94332295965,564
w100_data_s1,data,1,100,4,B,6,0.8983332387068134,False,772.8750309204173,14839.381124252359,564
w100_data_s1,data,1,100,4,B,7,0.9801449282487681,False,905.3333110290378,19296.57755916881,564
w100_data_s1,data,1,100,4,B,8,1.0,True,933.283266795712,20127.43778121551,564
w100_data_s1,data,1,100,4,C,0,0.019855071751231912,False,279.24337523886675,2078.3352207572007,2793
w100_data_s1,data,1,100,4,C,1,0.10166676129318664,False,186.11262197041967,1798.455874996604,2793
w100_data_s1,data,1,100,4,C,2,0.2372337950418355,False,205.56871230467522,1652.2899987353646,2793
w100_data_s1,data,1,100,4,C,3,0.4082826787521751,False,189.22589726565775,1579.310655258968,2793
w100_data_s1,data,1,100,4,C,4,0.5917173212478248,False,207.66082394411,1630.21997819984,2793
w100_data_s1,data,1,100,4,C,5,0.7627662049581645,False,202.97194603828572,1769.1678879829867,2793
w100_data_s1,data,1,100,4,C,6,0.8983332387068134,False,202.8506040841762,2064.6222743344206,2793
w100_data_s1,data,1,100,4,C,7,0.9801449282487681,False,251.21210120238402,2198.4178990680803,2793
w100_data_s1,data,1,100,4,C,8,1.0,True,261.9172081449044,2352.5024923948536,2793
w100_data_s2,data,2,100,4,A,0,0.019855071751231912,False,282.405410692258,5380.5878488502685,604
w100_data_s2,data,2,100,4,A,1,0.10166676129318664,False,268.9973807844473,3727.201315843734,604
w100_data_s2,data,2,100,4,A,2,0.2372337950418355,False,271.2434407950759,4248.3539236579245,604
w100_data_s2,data,2,100,4,A,3,0.4082826787521751,False,320.44099959127607,4739.7644736482935,604
w100_data_s2,data,2,100,4,A,4,0.5917173212478248,False,322.9148960332946,5916.364980743989,604
w100_data_s2,data,2,100,4,A,5,0.7627662049581645,False,281.15477580407696,7777.479932685522,604
w100_data_s2,data,2,100,4,A,6,0.8983332387068134,False,257.5805315316775,8245.305256094776,604
w100_data_s2,data,2,100,4,A,7,0.9801449282487681,False,278.44961019684115,9757.541853360937,604
w100_data_s2,data,2,100,4,A,8,1.0,True,294.5872648497457,10172.572078526764,604
w100_data_s2,data,2,100,4,B,0,0.019855071751231912,False,694.8751580532714,5401.41178451345,564
w100_data_s2,data,2,100,4,B,1,0.10166676129318664,False,501.06153419203815,4469.7101108444185,564
w100_data_s2,data,2,100,4,B,2,0.2372337950418355,False,552.8736551485594,5245.146434554414,564
w100_data_s2,data,2,100,4,B,3,0.4082826787521751,False,701.2747945600051,5948.198128274439,564
w100_data_s2,data,2,100,4,B,4,0.5917173212478248,False,762.3784183080371,8192.634366045344,564
w100_data_s2,data,2,100,4,B,5,0.7627662049581645,False,730.6120584464537,9091.62687681162,564
w100_data_s2,data,2,100,4,B,6,0.8983332387068134,False,704.0677411867105,14411.194742807229,564
w100_data_s2,data,2,100,4,B,7,0.9801449282487681,False,817.2650695409693,16922.493139598428,564
w100_data_s2,data,2,100,4,B,8,1.0,True,868.5317601025347,18394.825563886494,564
w100_data_s2,data,2,100,4,C,0,0.019855071751231912,False,213.4308353081016,1659.282333499869,2793
w100_data_s2,data,2,100,4,C,1,0.10166676129318664,False,173.18056694002593,1572.5655215212216,2793
w100_data_s2,data,2,100,4,C,2,0.2372337950418355,False,182.78060840559363,1486.6692594840488,2793
w100_data_s2,data,2,100,4,C,3,0.4082826787521751,False,159.64398083096398,1385.0495930837326,2793
w100_data_s2,data,2,100,4,C,4,0.5917173212478248,False,175.20731826186875,1499.6901138330263,2793
w100_data_s2,data,2,100,4,C,5,0.7627662049581645,False,183.94386760869708,1528.9829641695999,2793
w100_data_s2,data,2,100,4,C,6,0.8983332387068134,False,166.1197721695089,1650.8515775146577,2793
w100_data_s2,data,2,100,4,C,7,0.9801449282487681,False,177.31561010184294,1764.1086847295253,2793
w100_data_s2,data,2,100,4,C,8,1.0,True,178.1698996921932,1869.9057053655586,2793
w100_physics_s0,physics,0,100,4,A,0,0.019855071751231912,False,328.68069320236293,6705.906174470477,604
w100_physics_s0,physics,0,100,4,A,1,0.10166676129318664,False,298.0199410621296,5964.563599064367,604
w100_physics_s0,physics,0,100,4,A,2,0.2372337950418355,False,241.05667927546358,6490.899672489829,604
w100_physics_s0,physics,0,100,4,A,3,0.4082826787521751,False,183.67652602358976,9633.143102919334,604
w100_physics_s0,physics,0,100,4,A,4,0.5917173212478248,False,284.41076161236276,16335.182222532481,604
w100_physics_s0,physics,0,100,4,A,5,0.7627662049581645,False,337.73178905463726,20082.15491544475,604
w100_physics_s0,physics,0,100,4,A,6,0.8983332387068134,False,330.4245830427204,27076.939900955484,604
w100_physics_s0,physics,0,100,4,A,7,0.9801449282487681,False,374.6167126586334,29723.58849728982,604
w100_physics_s0,physics,0,100,4,A,8,1.0,True,375.23333908996096,32106.87265589121,604
w100_physics_s0,physics,0,100,4,B,0,0.019855071751231912,False,1045.0393489879843,7325.4792428256205,564
w100_physics_s0,physics,0,100,4,B,1,0.10166676129318664,False,822.5914848800712,5963.647671178922,564
w100_physics_s0,physics,0,100,4,B,2,0.2372337950418355,False,953.8759965235624,7440.843859299537,564
w100_physics_s0,physics,0,100,4,B,3,0.4082826787521751,False,1029.7961590477248,11160.540209498431,564
w100_physics_s0,physics,0,100,4,B,4,0.5917173212478248,False,1811.2364742784025,19647.872312734184,564
w100_physics_s0,physics,0,100,4,B,5,0.7627662049581645,False,2103.8216193512653,28874.486011970188,564
w100_physics_s0,physics,0,100,4,B,6,0.8983332387068134,False,2598.249649565389,35557.063975879944,564
w100_physics_s0,physics,0,100,4,B,7,0.9801449282487681,False,2863.612574559511,41151.73843652734,564
w100_physics_s0,physics,0,100,4,B,8,1.0,True,2876.051665120912,43842.760469137196,564
w100_physics_s0,physics,0,100,4,C,0,0.019855071751231912,False,254.69366467882537,2322.6290937067006,2793
w100_physics_s0,physics,0,100,4,C,1,0.10166676129318664,False,234.77290176872145,1904.3168865362989,2793
w100_physics_s0,physics,0,100,4,C,2,0.2372337950418355,False,231.80966271289094,1915.9093666663932,2793
w100_physics_s0,physics,0,100,4,C,3,0.4082826787521751,False,227.16788700660828,2212.6217650266753,2793
w100_physics_s0,physics,0,100,4,C,4,0.5917173212478248,False,196.16317906641711,2282.7634474527727,2793
w100_physics_s0,physics,0,100,4,C,5,0.7627662049581645,False,244.3494044275667,2228.573981371243,2793
w100_physics_s0,physics,0,100,4,C,6,0.8983332387068134,False,268.1084170112342,2476.132428877999,2793
w100_physics_s0,physics,0,100,4,C,7,0.9801449282487681,False,237.7253677274229,2637.3369046340545,2793
w100_physics_s0,physics,0,100,4,C,8,1.0,True,253.2295868861425,2756.831717095509,2793
w100_physics_s1,physics,1,100,4,A,0,0.019855071751231912,False,325.03535159218677,7264.032102150831,604
w100_physics_s1,physics,1,100,4,A,1,0.10166676129318664,False,286.9023848117736,6291.237407338472,604
w100_physics_s1,physics,1,100,4,A,2,0.2372337950418355,False,348.15200369852295,7517.439827192594,604
w100_physics_s1,physics,1,100,4,A,3,0.4082826787521751,False,273.7032703869439,13081.740870792853,604
w100_physics_s1,physics,1,100,4,A,4,0.5917173212478248,False,266.76062918841865,20831.45486973326,604
w100_physics_s1,physics,1,100,4,A,5,0.7627662049581645,False,318.2847088231374,25298.722625619444,604
w100_physics_s1,physics,1,100,4,A,6,0.8983332387068134,False,321.5425729347143,27322.896668964164,604
w100_physics_s1,physics,1,100,4,A,7,0.9801449282487681,False,364.6806199047943,30259.61679442016,604
w100_physics_s1,physics,1,100,4,A,8,1.0,True,285.55863277826,30707.04662212785,604
w100_physics_s1,physics,1,100,4,B,0,0.019855071751231912,False,1049.687016755911,9230.149482676505,564
w100_physics_s1,physics,1,100,4,B,1,0.10166676129318664,False,1089.1345989229658,7569.049338093885,564
w100_physics_s1,physics,1,100,4,B,2,0.2372337950418355,False,1078.1159006398582,8799.580731397222,564
w100_physics_s1,physics,1,100,4,B,3,0.4082826787521751,False,1339.95328497339,14180.555913589824,564
w100_physics_s1,physics,1,100,4,B,4,0.5917173212478248,False,1940.6661782391302,24938.882747256794,564
w100_physics_s1,physics,1,100,4,B,5,0.7627662049581645,False,2130.6961226504413,40705.90535742918,564
w100_physics_s1,physics,1,100,4,B,6,0.8983332387068134,False,2383.333055127281,44604.38749473872,564
w100_physics_s1,physics,1,100,4,B,7,0.9801449282487681,False,2319.3154671208163,43750.18888254158,564
w100_physics_s1,physics,1,100,4,B,8,1.0,True,2422.4780650410194,41642.84331586386,564
w100_physics_s1,physics,1,100,4,C,0,0.019855071751231912,False,282.8431488823071,2382.365580461284,2793
w100_physics_s1,physics,1,100,4,C,1,0.10166676129318664,False,208.2900044833895,2023.4903709163646,2793
w100_physics_s1,physics,1,100,4,C,2,0.2372337950418355,False,249.74740221860614,1927.0554919398298,2793
w100_physics_s1,physics,1,100,4,C,3,0.4082826787521751,False,235.638595620145,2178.3427018342018,2793
w100_physics_s1,physics,1,100,4,C,4,0.5917173212478248,False,230.0480045582063,2190.7882081643947,2793
w100_physics_s1,physics,1,100,4,C,5,0.7627662049581645,False,256.1838997730774,2539.3823450108034,2793
w100_physics_s1,physics,1,100,4,C,6,0.8983332387068134,False,283.7273353808065,2526.2961589653405,2793
w100_physics_s1,physics,1,100,4,C,7,0.9801449282487681,False,227.83404836940235,2833.161053809457,2793
w100_physics_s1,physics,1,100,4,C,8,1.0,True,252.27336502595676,2903.138156183788,2793
w100_physics_s2,physics,2,100,4,A,0,0.019855071751231912,False,366.59257936400365,7474.568828311153,604
w100_physics_s2,physics,2,100,4,A,1,0.10166676129318664,False,330.44042210112764,7510.967643243554,604
w100_physics_s2,physics,2,100,4,A,2,0.2372337950418355,False,337.0074031506194,9439.572352273495,604
w100_physics_s2,physics,2,100,4,A,3,0.4082826787521751,False,305.1674391300718,14069.213392978168,604
w100_physics_s2,physics,2,100,4,A,4,0.5917173212478248,False,376.57893727557257,21636.116643198002,604
w100_physics_s2,physics,2,100,4,A,5,0.7627662049581645,False,462.1714505449908,27515.97975820628,604
w100_physics_s2,physics,2,100,4,A,6,0.8983332387068134,False,382.91701758200037,27359.297671287753,604
w100_physics_s2,physics,2,100,4,A,7,0.9801449282487681,False,389.7921053494957,29473.66281114319,604
w100_physics_s2,physics,2,100,4,A,8,1.0,True,385.6425107545245,30679.6845021881,604
w100_physics_s2,physics,2,100,4,B,0,0.019855071751231912,False,827.2309731816279,8044.661002358971,564
w100_physics_s2,physics,2,100,4,B,1,0.10166676129318664,False,788.8003495992066,7960.420490535695,564
w100_physics_s2,physics,2,100,4,B,2,0.2372337950418355,False,1212.1125030319781,8487.18801527793,564
w100_physics_s2,physics,2,100,4,B,3,0.4082826787521751,False,1450.5453755128847,14039.185077341353,564
w100_physics_s2,physics,2,100,4,B,4,0.5917173212478248,False,1866.5711208299813,24192.668795543315,564
w100_physics_s2,physics,2,100,4,B,5,0.7627662049581645,False,2453.2437282775845,38966.1061602417,564
w100_physics_s2,physics,2,100,4,B,6,0.8983332387068134,False,2595.5143440524325,37865.04519820232,564
w100_physics_s2,physics,2,100,4,B,7,0.9801449282487681,False,2281.3760722108755,39669.47686020363,564
w100_physics_s2,physics,2,100,4,B,8,1.0,True,2371.4967122422477,39563.450346576894,564
w100_physics_s2,physics,2,100,4,C,0,0.019855071751231912,False,309.11510662792807,2481.6356566460977,2793
w100_physics_s2,physics,2,100,4,C,1,0.10166676129318664,False,227.11805092579596,2172.0737067073064,2793
w100_physics_s2,physics,2,100,4,C,2,0.2372337950418355,False,235.5195226845268,1992.1299824739442,2793
w100_physics_s2,physics,2,100,4,C,3,0.4082826787521751,False,205.24751307544875,2076.058511673458,2793
w100_physics_s2,physics,2,100,4,C,4,0.5917173212478248,False,227.65817242341944,2425.523774165214,2793
w100_physics_s2,physics,2,100,4,C,5,0.7627662049581645,False,299.99192231822036,2785.3506356647836,2793
w100_physics_s2,physics,2,100,4,C,6,0.8983332387068134,False,237.92517972026417,2402.063631786291,2793
w100_physics_s2,physics,2,100,4,C,7,0.9801449282487681,False,286.9970990282411,2640.9190305667153,2793
w100_physics_s2,physics,2,100,4,C,8,1.0,True,319.5847627756123,2748.3941172825826,2793
w100_physics_s3,physics,3,100,4,A,0,0.019855071751231912,False,516.2918189746277,8180.3063112714835,604
w100_physics_s3,physics,3,100,4,A,1,0.10166676129318664,False,393.05342794783365,6418.578128025396,604
w100_physics_s3,physics,3,100,4,A,2,0.2372337950418355,False,380.24091192057335,7107.006350879087,604
w100_physics_s3,physics,3,100,4,A,3,0.4082826787521751,False,372.78089910476456,11766.355006386095,604
w100_physics_s3,physics,3,100,4,A,4,0.5917173212478248,False,301.50734408029433,20122.906779381105,604
w100_physics_s3,physics,3,100,4,A,5,0.7627662049581645,False,565.882717054419,25920.02837532012,604
w100_physics_s3,physics,3,100,4,A,6,0.8983332387068134,False,427.30866526119604,31713.1939988912,604
w100_physics_s3,physics,3,100,4,A,7,0.9801449282487681,False,507.99154668047225,33462.17295531457,604
w100_physics_s3,physics,3,100,4,A,8,1.0,True,537.7991653273326,34548.261209593904,604
w100_physics_s3,physics,3,100,4,B,0,0.019855071751231912,False,874.7503486789797,6496.536068999561,564
w100_physics_s3,physics,3,100,4,B,1,0.10166676129318664,False,944.7527435949041,5872.050131857688,564
w100_physics_s3,physics,3,100,4,B,2,0.2372337950418355,False,1219.4216225649673,8597.778073865073,564
w100_physics_s3,physics,3,100,4,B,3,0.4082826787521751,False,1732.3857054020095,14669.8004344782,564
w100_physics_s3,physics,3,100,4,B,4,0.5917173212478248,False,2131.971390168929,29715.0689499737,564
w100_physics_s3,physics,3,100,4,B,5,0.7627662049581645,False,2408.2211461974907,52655.60927003338,564
w100_physics_s3,physics,3,100,4,B,6,0.8983332387068134,False,3029.22986662773,49361.40485690764,564
w100_physics_s3,physics,3,100,4,B,7,0.9801449282487681,False,3285.211159274695,50441.801069052846,564
w100_physics_s3,physics,3,100,4,B,8,1.0,True,3152.3581463048204,49276.518744866866,564
w100_physics_s3,physics,3,100,4,C,0,0.019855071751231912,False,385.16625189367915,2889.3593186432345,2793
w100_physics_s3,physics,3,100,4,C,1,0.10166676129318664,False,320.4158528118972,2448.7111743844084,2793
w100_physics_s3,physics,3,100,4,C,2,0.2372337950418355,False,320.1815870881131,2305.102649148649,2793
w100_physics_s3,physics,3,100,4,C,3,0.4082826787521751,False,308.3458217534485,2562.7284274919434,2793
w100_physics_s3,physics,3,100,4,C,4,0.5917173212478248,False,279.5367673641067,2663.7574497454702,2793
w100_physics_s3,physics,3,100,4,C,5,0.7627662049581645,False,317.8532002905001,2758.4925080933976,2793
w100_physics_s3,physics,3,100,4,C,6,0.8983332387068134,False,271.4931137620056,2496.56531131948,2793
w100_physics_s3,physics,3,100,4,C,7,0.9801449282487681,False,294.4923665426131,2750.369488295519,2793
w100_physics_s3,physics,3,100,4,C,8,1.0,True,303.2384203586522,2906.4805943125443,2793
w100_physics_s4,physics,4,100,4,A,0,0.019855071751231912,False,346.0376489720455,6370.734937900146,604
w100_physics_s4,physics,4,100,4,A,1,0.10166676129318664,False,336.50162783918165,4458.214088198492,604
w100_physics_s4,physics,4,100,4,A,2,0.2372337950418355,False,388.7801214014606,6452.272111572164,604
w100_physics_s4,physics,4,100,4,A,3,0.4082826787521751,False,290.68980168299527,12985.367575268116,604
w100_physics_s4,physics,4,100,4,A,4,0.5917173212478248,False,301.27483749609655,21128.50106078829,604
w100_physics_s4,physics,4,100,4,A,5,0.7627662049581645,False,362.3953608539442,26888.43919670391,604
w100_physics_s4,physics,4,100,4,A,6,0.8983332387068134,False,282.08112623100897,29394.503041174583,604
w100_physics_s4,physics,4,100,4,A,7,0.9801449282487681,False,456.72098227472065,34811.02560046061,604
w100_physics_s4,physics,4,100,4,A,8,1.0,True,353.6478928710523,33951.974967667236,604
w100_physics_s4,physics,4,100,4,B,0,0.019855071751231912,False,959.1929942533213,5655.970285142514,564
w100_physics_s4,physics,4,100,4,B,1,0.10166676129318664,False,866.6849921043394,5208.389627815734,564
w100_physics_s4,physics,4,100,4,B,2,0.2372337950418355,False,1255.0897282685619,8927.175758789212,564
w100_physics_s4,physics,4,100,4,B,3,0.4082826787521751,False,1498.0668175238493,13214.475144377117,564
w100_physics_s4,physics,4,100,4,B,4,0.5917173212478248,False,2143.805081098133,28841.7818216653,564
w100_physics_s4,physics,4,100,4,B,5,0.7627662049581645,False,2485.006668541722,41735.8391571139,564
w100_physics_s4,physics,4,100,4,B,6,0.8983332387068134,False,2344.8570751309426,45703.476472038834,564
w100_physics_s4,physics,4,100,4,B,7,0.9801449282487681,False,2033.764029448605,48290.94967857919,564
w100_physics_s4,physics,4,100,4,B,8,1.0,True,2105.733348526087,48555.34686737748,564
w100_physics_s4,physics,4,100,4,C,0,0.019855071751231912,False,284.61360880510256,2665.5021794590657,2793
w100_physics_s4,physics,4,100,4,C,1,0.10166676129318664,False,244.8207999992036,2267.9399712303407,2793
w100_physics_s4,physics,4,100,4,C,2,0.2372337950418355,False,217.65102607166932,2118.114601698108,2793
w100_physics_s4,physics,4,100,4,C,3,0.4082826787521751,False,255.85781033396415,2101.6953328841,2793
w100_physics_s4,physics,4,100,4,C,4,0.5917173212478248,False,301.9216920141332,2288.3136179653507,2793
w100_physics_s4,physics,4,100,4,C,5,0.7627662049581645,False,273.0221576057943,2644.484426394593,2793
w100_physics_s4,physics,4,100,4,C,6,0.8983332387068134,False,235.07489929571435,2609.3375703500215,2793
w100_physics_s4,physics,4,100,4,C,7,0.9801449282487681,False,291.1564797798194,2951.596183381867,2793
w100_physics_s4,physics,4,100,4,C,8,1.0,True,322.08522183583807,2885.1965003927503,2793
w100_physics_s5,physics,5,100,4,A,0,0.019855071751231912,False,449.2706438563831,6224.200779287386,604
w100_physics_s5,physics,5,100,4,A,1,0.10166676129318664,False,343.4862031187498,5943.686895712129,604
w100_physics_s5,physics,5,100,4,A,2,0.2372337950418355,False,377.57415644412924,8281.48825512036,604
w100_physics_s5,physics,5,100,4,A,3,0.4082826787521751,False,335.48960126796453,15007.023419822759,604
w100_physics_s5,physics,5,100,4,A,4,0.5917173212478248,False,323.4521628455991,25608.53460159238,604
w100_physics_s5,physics,5,100,4,A,5,0.7627662049581645,False,454.724528639422,25872.344288710236,604
w100_physics_s5,physics,5,100,4,A,6,0.8983332387068134,False,336.6694436768948,25294.989739456032,604
w100_physics_s5,physics,5,100,4,A,7,0.9801449282487681,False,347.05662950489466,25264.9679504398,604
w100_physics_s5,physics,5,100,4,A,8,1.0,True,409.3164182516559,28013.921405354533,604
w100_physics_s5,physics,5,100,4,B,0,0.019855071751231912,False,893.6863216124635,6588.145648303468,564
w100_physics_s5,physics,5,100,4,B,1,0.10166676129318664,False,875.7881799650136,6177.780948663474,564
w100_physics_s5,physics,5,100,4,B,2,0.2372337950418355,False,959.0332035325275,7524.145494378787,564
w100_physics_s5,physics,5,100,4,B,3,0.4082826787521751,False,1722.9612524160718,13791.813608872855,564
w100_physics_s5,physics,5,100,4,B,4,0.5917173212478248,False,1865.6384502040808,23158.7242475017,564
w100_physics_s5,physics,5,100,4,B,5,0.7627662049581645,False,1751.4318667176667,34192.879129775276,564
w100_physics_s5,physics,5,100,4,B,6,0.8983332387068134,False,2502.186345314186,34291.19179122715,564
w100_physics_s5,physics,5,100,4,B,7,0.9801449282487681,False,2799.101340759819,38003.76716598397,564
w100_physics_s5,physics,5,100,4,B,8,1.0,True,2948.081403570768,39733.32264042938,564
w100_physics_s5,physics,5,100,4,C,0,0.019855071751231912,False,290.8150637654927,2309.7961710145923,2793
w100_physics_s5,physics,5,100,4,C,1,0.10166676129318664,False,232.09842311180216,1966.461803123278,2793
w100_physics_s5,physics,5,100,4,C,2,0.2372337950418355,False,268.9601321264945,1841.330042421305,2793
w100_physics_s5,physics,5,100,4,C,3,0.4082826787521751,False,254.30276830692122,2111.5688756421664,2793
w100_physics_s5,physics,5,100,4,C,4,0.5917173212478248,False,241.3536039183164,2251.3930993709023,2793
w100_physics_s5,physics,5,100,4,C,5,0.7627662049581645,False,260.418440457169,2255.3422615678796,2793
w100_physics_s5,physics,5,100,4,C,6,0.8983332387068134,False,265.9327176093029,2338.165297499092,2793
w100_physics_s5,physics,5,100,4,C,7,0.9801449282487681,False,243.47428958498085,2722.959631731275,2793
w100_physics_s5,physics,5,100,4,C,8,1.0,True,261.6112932234027,2838.2135858762927,2793
w100_physics_s6,physics,6,100,4,A,0,0.019855071751231912,False,364.3804993587288,7980.301700446637,604
w100_physics_s6,physics,6,100,4,A,1,0.10166676129318664,False,365.7350424124181,7142.221933747444,604
w100_physics_s6,physics,6,100,4,A,2,0.2372337950418355,False,358.5432210497172,6838.3297494289745,604
w100_physics_s6,physics,6,100,4,A,3,0.4082826787521751,False,315.5213910127791,11077.171785727234,604
w100_physics_s6,physics,6,100,4,A,4,0.5917173212478248,False,349.8543701819408,19477.968248060653,604
w100_physics_s6,physics,6,100,4,A,5,0.7627662049581645,False,414.228849744453,24022.78654884932,604
w100_physics_s6,physics,6,100,4,A,6,0.8983332387068134,False,356.04592178166513,24758.584824058795,604
w100_physics_s6,physics,6,100,4,A,7,0.9801449282487681,False,386.7823094817629,27798.900011298952,604
w100_physics_s6,physics,6,100,4,A,8,1.0,True,441.85055582205035,28168.63748046385,604
w100_physics_s6,physics,6,100,4,B,0,0.019855071751231912,False,1045.4332867749727,7456.885219515053,564
w100_physics_s6,physics,6,100,4,B,1,0.10166676129318664,False,992.9001957340375,6871.980318034422,564
w100_physics_s6,physics,6,100,4,B,2,0.2372337950418355,False,923.5702559363403,8827.165101501216,564
w100_physics_s6,physics,6,100,4,B,3,0.4082826787521751,False,1422.1980596654835,16043.63586745364,564
w100_physics_s6,physics,6,100,4,B,4,0.5917173212478248,False,2017.181900500857,28166.52422251743,564
w100_physics_s6,physics,6,100,4,B,5,0.7627662049581645,False,2244.610353614661,32537.145761282514,564
w100_physics_s6,physics,6,100,4,B,6,0.8983332387068134,False,2490.091696511172,42301.61567137244,564
w100_physics_s6,physics,6,100,4,B,7,0.9801449282487681,False,2381.6992361053817,39213.426878946244,564
w100_physics_s6,physics,6,100,4,B,8,1.0,True,2502.456041106626,39714.38165757727,564
w100_physics_s6,physics,6,100,4,C,0,0.019855071751231912,False,311.6066623597362,2634.6983765102723,2793
w100_physics_s6,physics,6,100,4,C,1,0.10166676129318664,False,257.15458552531345,2461.9966115053558,2793
w100_physics_s6,physics,6,100,4,C,2,0.2372337950418355,False,257.4453012516642,2220.7929244810844,2793
w100_physics_s6,physics,6,100,4,C,3,0.4082826787521751,False,285.38448958812876,2015.9066626722633,2793
w100_physics_s6,physics,6,100,4,C,4,0.5917173212478248,False,289.2019703982456,2340.631416087246,2793
w100_physics_s6,physics,6,100,4,C,5,0.7627662049581645,False,269.3115189488253,2652.037154038189,2793
w100_physics_s6,physics,6,100,4,C,6,0.8983332387068134,False,242.91813178771804,2508.3657592831637,2793
w100_physics_s6,physics,6,100,4,C,7,0.9801449282487681,False,269.5793220441942,2744.69751353477,2793
w100_physics_s6,physics,6,100,4,C,8,1.0,True,295.8482779796752,2783.496262001951,2793
w100_physics_s7,physics,7,100,4,A,0,0.019855071751231912,False,544.909828732664,7963.554953125261,604
w100_physics_s7,physics,7,100,4,A,1,0.10166676129318664,False,597.3064134961072,6859.320510772348,604
w100_physics_s7,physics,7,100,4,A,2,0.2372337950418355,False,456.66054901127717,7278.300945005913,604
w100_physics_s7,physics,7,100,4,A,3,0.4082826787521751,False,419.38949178742655,12286.240112331137,604
w100_physics_s7,physics,7,100,4,A,4,0.5917173212478248,False,492.3753480457183,17017.39160333726,604
w100_physics_s7,physics,7,100,4,A,5,0.7627662049581645,False,421.22814446513974,21681.465718196927,604
w100_physics_s7,physics,7,100,4,A,6,0.8983332387068134,False,401.4336842766668,23950.606750391446,604
w100_physics_s7,physics,7,100,4,A,7,0.9801449282487681,False,407.1636958157153,27302.235806554378,604
w100_physics_s7,physics,7,100,4,A,8,1.0,True,438.32947917058004,29057.60234416843,604
w100_physics_s7,physics,7,100,4,B,0,0.019855071751231912,False,1461.3301799128635,8583.409873262854,564
w100_physics_s7,physics,7,100,4,B,1,0.10166676129318664,False,1194.3910137179423,6586.405294658547,564
w100_physics_s7,physics,7,100,4,B,2,0.2372337950418355,False,974.8984645569863,8742.034346579869,564
w100_physics_s7,physics,7,100,4,B,3,0.4082826787521751,False,1472.8357761336888,11342.86162194786,564
w100_physics_s7,physics,7,100,4,B,4,0.5917173212478248,False,2054.0477343967896,21292.2890396643,564
w100_physics_s7,physics,7,100,4,B,5,0.7627662049581645,False,2447.275216852482,32978.50125597375,564
w100_physics_s7,physics,7,100,4,B,6,0.8983332387068134,False,2595.58240408235,33958.21679390353,564
w100_physics_s7,physics,7,100,4,B,7,0.9801449282487681,False,2541.2672927971444,37138.162769500595,564
w100_physics_s7,physics,7,100,4,B,8,1.0,True,2652.7150249513343,39392.62580466389,564
w100_physics_s7,physics,7,100,4,C,0,0.019855071751231912,False,287.39138861269,2666.4855667681218,2793
w100_physics_s7,physics,7,100,4,C,1,0.10166676129318664,False,258.67726347661346,2410.861794644363,2793
w100_physics_s7,physics,7,100,4,C,2,0.2372337950418355,False,284.18795635541727,2197.0360650988832,2793
w100_physics_s7,physics,7,100,4,C,3,0.4082826787521751,False,285.05330824934117,2179.4897254278767,2793
w100_physics_s7,physics,7,100,4,C,4,0.5917173212478248,False,281.6200313234276,2527.32539256416,2793
w100_physics_s7,physics,7,100,4,C,5,0.7627662049581645,False,350.33360374782774,2758.4013220405045,2793
w100_physics_s7,physics,7,100,4,C,6,0.8983332387068134,False,359.63476222855206,2631.191813094398,2793
w100_physics_s7,physics,7,100,4,C,7,0.9801449282487681,False,294.09861407197013,2924.4388847415094,2793
w100_physics_s7,physics,7,100,4,C,8,1.0,True,331.3879774530051,3280.321941621117,2793
w100_physics_s8,physics,8,100,4,A,0,0.019855071751231912,False,307.98444369850574,6584.269517662947,604
w100_physics_s8,physics,8,100,4,A,1,0.10166676129318664,False,263.7167450832214,4794.303623865812,604
w100_physics_s8,physics,8,100,4,A,2,0.2372337950418355,False,270.95385208956645,7333.452614305241,604
w100_physics_s8,physics,8,100,4,A,3,0.4082826787521751,False,335.40984702268696,11734.674333621686,604
w100_physics_s8,physics,8,100,4,A,4,0.5917173212478248,False,264.7457278013454,20864.418598659147,604
w100_physics_s8,physics,8,100,4,A,5,0.7627662049581645,False,333.5538367183255,24566.871725047386,604
w100_physics_s8,physics,8,100,4,A,6,0.8983332387068134,False,342.8858703723827,34067.33144444943,604
w100_physics_s8,physics,8,100,4,A,7,0.9801449282487681,False,351.91791184289775,32859.868611459984,604
w100_physics_s8,physics,8,100,4,A,8,1.0,True,414.95014838610655,34535.90904446239,604
w100_physics_s8,physics,8,100,4,B,0,0.019855071751231912,False,1015.7741058647787,8021.904473535136,564
w100_physics_s8,physics,8,100,4,B,1,0.10166676129318664,False,818.4015295981126,6267.9461193436355,564
w100_physics_s8,physics,8,100,4,B,2,0.2372337950418355,False,1030.8267335057499,7613.8491387491285,564
w100_physics_s8,physics,8,100,4,B,3,0.4082826787521751,False,1336.8288998185703,13744.151967168946,564
w100_physics_s8,physics,8,100,4,B,4,0.5917173212478248,False,1874.2207226422493,24106.94716328442,564
w100_physics_s8,physics,8,100,4,B,5,0.7627662049581645,False,2154.9286674631603,36965.31632251222,564
w100_physics_s8,physics,8,100,4,B,6,0.8983332387068134,False,2569.022912365213,36921.71385122007,564
w100_physics_s8,physics,8,100,4,B,7,0.9801449282487681,False,2777.178670312239,38584.94880601312,564
w100_physics_s8,physics,8,100,4,B,8,1.0,True,2836.5643601682536,41440.48471128653,564
w100_physics_s8,physics,8,100,4,C,0,0.019855071751231912,False,239.29457183356462,2119.5918633428396,2793
w100_physics_s8,physics,8,100,4,C,1,0.10166676129318664,False,218.66875207044956,1930.4559991447818,2793
w100_physics_s8,physics,8,100,4,C,2,0.2372337950418355,False,213.73868330974233,1931.7977350582526,2793
w100_physics_s8,physics,8,100,4,C,3,0.4082826787521751,False,346.72021372671225,1901.389147100275,2793
w100_physics_s8,physics,8,100,4,C,4,0.5917173212478248,False,233.94018481267585,2077.9073628290475,2793
w100_physics_s8,physics,8,100,4,C,5,0.7627662049581645,False,229.42530553423524,2253.6963913568084,2793
w100_physics_s8,physics,8,100,4,C,6,0.8983332387068134,False,267.51432199770875,2312.839466566145,2793
w100_physics_s8,physics,8,100,4,C,7,0.9801449282487681,False,261.56529860287844,2690.872484426746,2793
w100_physics_s8,physics,8,100,4,C,8,1.0,True,278.9641978085342,2831.0639886367203,2793
w100_physics_s9,physics,9,100,4,A,0,0.019855071751231912,False,506.43960783488984,6371.8341579631415,604
w100_physics_s9,physics,9,100,4,A,1,0.10166676129318664,False,417.7945461227373,5271.677750366127,604
w100_physics_s9,physics,9,100,4,A,2,0.2372337950418355,False,279.8663655445954,6177.541154702544,604
w100_physics_s9,physics,9,100,4,A,3,0.4082826787521751,False,323.9168810303539,12919.876675645517,604
w100_physics_s9,physics,9,100,4,A,4,0.5917173212478248,False,341.134224469652,16246.965852642481,604
w100_physics_s9,physics,9,100,4,A,5,0.7627662049581645,False,401.2537224084717,19914.221632759094,604
w100_physics_s9,physics,9,100,4,A,6,0.8983332387068134,False,358.6808654702403,23380.04469564781,604
w100_physics_s9,physics,9,100,4,A,7,0.9801449282487681,False,366.6462545311156,25668.88398528301,604
w100_physics_s9,physics,9,100,4,A,8,1.0,True,399.1067891555225,26387.71345251742,604
w100_physics_s9,physics,9,100,4,B,0,0.019855071751231912,False,933.3924135533707,8183.704942380408,564
w100_physics_s9,physics,9,100,4,B,1,0.10166676129318664,False,933.9375095593141,5600.131104980307,564
w100_physics_s9,physics,9,100,4,B,2,0.2372337950418355,False,1083.4662992097853,7986.289631357703,564
w100_physics_s9,physics,9,100,4,B,3,0.4082826787521751,False,1371.724572810379,14295.256664054197,564
w100_physics_s9,physics,9,100,4,B,4,0.5917173212478248,False,1832.1052971249082,26784.038548263492,564
w100_physics_s9,physics,9,100,4,B,5,0.7627662049581645,False,2531.79784024627,41973.05386833686,564
w100_physics_s9,physics,9,100,4,B,6,0.8983332387068134,False,2298.302337674745,46586.233186870006,564
w100_physics_s9,physics,9,100,4,B,7,0.9801449282487681,False,2496.710699266174,47434.55485228852,564
w100_physics_s9,physics,9,100,4,B,8,1.0,True,2547.1703443079987,47865.246498158245,564
w100_physics_s9,physics,9,100,4,C,0,0.019855071751231912,False,336.3130917794521,2447.8274778579307,2793
w100_physics_s9,physics,9,100,4,C,1,0.10166676129318664,False,283.58660308049764,2169.5870617901555,2793
w100_physics_s9,physics,9,100,4,C,2,0.2372337950418355,False,248.75649942225664,2155.345254661212,2793
w100_physics_s9,physics,9,100,4,C,3,0.4082826787521751,False,287.8101937668873,2215.9726230281476,2793
w100_physics_s9,physics,9,100,4,C,4,0.5917173212478248,False,285.67447820518055,2536.359680554802,2793
w100_physics_s9,physics,9,100,4,C,5,0.7627662049581645,False,296.2663212171002,2865.7230622462866,2793
w100_physics_s9,physics,9,100,4,C,6,0.8983332387068134,False,298.23988175084537,2827.587201127145,2793
w100_physics_s9,physics,9,100,4,C,7,0.9801449282487681,False,305.1334001724726,3111.366788302692,2793
w100_physics_s9,physics,9,100,4,C,8,1.0,True,335.2161161064373,3517.7368339397294,2793
w50_data_s0,data,0,50,4,A,0,0.019855071751231912,False,772.9475941484454,12101.082490023708,604
w50_data_s0,data,0,50,4,A,1,0.10166676129318664,False,618.2491417944186,7781.158541985352,604
w50_data_s0,data,0,50,4,A,2,0.2372337950418355,False,533.9316338858073,7936.834737819734,604
w50_data_s0,data,0,50,4,A,3,0.4082826787521751,False,399.81701671280325,9446.10348060741,604
w50_data_s0,data,0,50,4,A,4,0.5917173212478248,False,469.4759632783398,13738.547640828561,604
w50_data_s0,data,0,50,4,A,5,0.7627662049581645,False,526.9864475489932,13629.256093273674,604
w50_data_s0,data,0,50,4,A,6,0.8983332387068134,False,554.7282860073528,17253.821255812607,604
w50_data_s0,data,0,50,4,A,7,0.9801449282487681,False,618.7917248251983,19628.5016140868,604
w50_data_s0,data,0,50,4,A,8,1.0,True,678.4980674490564,20738.274853128598,604
w50_data_s0,data,0,50,4,B,0,0.019855071751231912,False,1576.691822726487,11204.486907236174,564
w50_data_s0,data,0,50,4,B,1,0.10166676129318664,False,1525.0290969926396,10019.848525514653,564
w50_data_s0,data,0,50,4,B,2,0.2372337950418355,False,1570.1140432644393,10619.753995460755,564
w50_data_s0,data,0,50,4,B,3,0.4082826787521751,False,1579.020445699317,11205.663677117656,564
w50_data_s0,data,0,50,4,B,4,0.5917173212478248,False,1718.4568550181395,14007.678797234916,564
w50_data_s0,data,0,50,4,B,5,0.7627662049581645,False,1826.7833145207248,16030.155645093037,564
w50_data_s0,data,0,50,4,B,6,0.8983332387068134,False,1687.3079493244916,19947.808592670917,564
w50_data_s0,data,0,50,4,B,7,0.9801449282487681,False,1916.4449413581153,21796.213656697448,564
w50_data_s0,data,0,50,4,B,8,1.0,True,2040.873370216289,22902.21116899652,564
w50_data_s0,data,0,50,4,C,0,0.019855071751231912,False,596.5802242547653,3901.87674438829,2793
w50_data_s0,data,0,50,4,C,1,0.10166676129318664,False,462.31609927747286,3278.1319349162463,2793
w50_data_s0,data,0,50,4,C,2,0.2372337950418355,False,457.16484416559354,3092.250522176331,2793
w50_data_s0,data,0,50,4,C,3,0.4082826787521751,False,368.5887946933235,3281.880315442095,2793
w50_data_s0,data,0,50,4,C,4,0.5917173212478248,False,418.12865256257226,3309.0608669769217,2793
w50_data_s0,data,0,50,4,C,5,0.7627662049581645,False,474.8765173195011,3488.2994481517644,2793
w50_data_s0,data,0,50,4,C,6,0.8983332387068134,False,419.00160340958337,3357.4991146680177,2793
w50_data_s0,data,0,50,4,C,7,0.9801449282487681,False,441.48296571423987,3990.7234915252543,2793
w50_data_s0,data,0,50,4,C,8,1.0,True,485.9138132777119,4020.6467781665665,2793
w50_data_s1,data,1,50,4,A,0,0.019855071751231912,False,677.5618592062123,9073.027917692798,604
w50_data_s1,data,1,50,4,A,1,0.10166676129318664,False,632.1409247581178,8179.743998787003,604
w50_data_s1,data,1,50,4,A,2,0.2372337950418355,False,656.9839189982297,7382.186634440946,604
w50_data_s1,data,1,50,4,A,3,0.4082826787521751,False,783.3014659869734,12496.739445044266,604
w50_data_s1,data,1,50,4,A,4,0.5917173212478248,False,600.4811833815215,18193.493281835264,604
w50_data_s1,data,1,50,4,A,5,0.7627662049581645,False,522.2157617429871,16092.462073049584,604
w50_data_s1,data,1,50,4,A,6,0.8983332387068134,False,579.9358410432053,18899.559089529514,604
w50_data_s1,data,1,50,4,A,7,0.9801449282487681,False,606.5134395150676,19722.435642475,604
w50_data_s1,data,1,50,4,A,8,1.0,True,652.9188435711173,22516.32811475393,604
w50_data_s1,data,1,50,4,B,0,0.019855071751231912,False,1576.424819721126,11023.263974022819,564
w50_data_s1,data,1,50,4,B,1,0.10166676129318664,False,1145.3216718938038,10090.253178027497,564
w50_data_s1,data,1,50,4,B,2,0.2372337950418355,False,1317.7880860099299,7240.934478970901,564
w50_data_s1,data,1,50,4,B,3,0.4082826787521751,False,1345.267173709587,10941.396902476985,564
w50_data_s1,data,1,50,4,B,4,0.5917173212478248,False,1715.134914275147,18589.61942109677,564
w50_data_s1,data,1,50,4,B,5,0.7627662049581645,False,1793.1332241382024,19926.034821360154,564
w50_data_s1,data,1,50,4,B,6,0.8983332387068134,False,1437.7779372013179,20987.373134880207,564
w50_data_s1,data,1,50,4,B,7,0.9801449282487681,False,2111.7026194717673,23516.906273091266,564
w50_data_s1,data,1,50,4,B,8,1.0,True,2414.5469241999535,24900.01878542917,564
w50_data_s1,data,1,50,4,C,0,0.019855071751231912,False,484.7102791109137,3705.4442993698417,2793
w50_data_s1,data,1,50,4,C,1,0.10166676129318664,False,439.75465845392137,3023.010750106703,2793
w50_data_s1,data,1,50,4,C,2,0.2372337950418355,False,425.7683477817409,2986.5406625847017,2793
w50_data_s1,data,1,50,4,C,3,0.4082826787521751,False,416.2555392936529,3446.1319009221997,2793
w50_data_s1,data,1,50,4,C,4,0.5917173212478248,False,401.8359658754207,3513.7844246115505,2793
w50_data_s1,data,1,50,4,C,5,0.7627662049581645,False,424.7753583277039,3623.776463115932,2793
w50_data_s1,data,1,50,4,C,6,0.8983332387068134,False,418.1428823534326,3679.3081356751723,2793
w50_data_s1,data,1,50,4,C,7,0.9801449282487681,False,453.4318076524979,4206.3788369571985,2793
w50_data_s1,data,1,50,4,C,8,1.0,True,483.63259346169053,4342.896810808272,2793
w50_data_s2,data,2,50,4,A,0,0.019855071751231912,False,823.8676397080791,9979.987235849068,604
w50_data_s2,data,2,50,4,A,1,0.10166676129318664,False,396.44428299856656,9017.865627637382,604
w50_data_s2,data,2,50,4,A,2,0.2372337950418355,False,544.9163465770388,10605.449511528523,604
w50_data_s2,data,2,50,4,A,3,0.4082826787521751,False,814.4657036913544,12365.956005131646,604
w50_data_s2,data,2,50,4,A,4,0.5917173212478248,False,562.8161164821655,16988.525842698724,604
w50_data_s2,data,2,50,4,A,5,0.7627662049581645,False,437.87427865122,16619.900111656098,604
w50_data_s2,data,2,50,4,A,6,0.8983332387068134,False,439.9903593121667,18869.980215316016,604
w50_data_s2,data,2,50,4,A,7,0.9801449282487681,False,616.2279539418157,23033.885361848777,604
w50_data_s2,data,2,50,4,A,8,1.0,True,640.6297758712966,24596.803635161436,604
w50_data_s2,data,2,50,4,B,0,0.019855071751231912,False,1443.1470652643839,9807.275125987668,564
w50_data_s2,data,2,50,4,B,1,0.10166676129318664,False,1404.0200253571982,8769.495331884234,564
w50_data_s2,data,2,50,4,B,2,0.2372337950418355,False,1519.5961479747666,9768.597099890247,564
w50_data_s2,data,2,50,4,B,3,0.4082826787521751,False,1674.2649286738497,11338.145658515858,564
w50_data_s2,data,2,50,4,B,4,0.5917173212478248,False,2078.447346250712,15535.189232379787,564
w50_data_s2,data,2,50,4,B,5,0.7627662049581645,False,1941.0067352536835,22055.15467401024,564
w50_data_s2,data,2,50,4,B,6,0.8983332387068134,False,1681.7398834576522,26106.316448114012,564
w50_data_s2,data,2,50,4,B,7,0.9801449282487681,False,2175.8624365676055,31142.209906705466,564
w50_data_s2,data,2,50,4,B,8,1.0,True,2394.688215544412,33603.51631404814,564
w50_data_s2,data,2,50,4,C,0,0.019855071751231912,False,447.81885940603416,3538.7924556840862,2793
w50_data_s2,data,2,50,4,C,1,0.10166676129318664,False,375.426259986968,3048.9130832950996,2793
w50_data_s2,data,2,50,4,C,2,0.2372337950418355,False,343.9889645650851,2991.2966246189635,2793
w50_data_s2,data,2,50,4,C,3,0.4082826787521751,False,377.08816521828226,2939.07251413923,2793
w50_data_s2,data,2,50,4,C,4,0.5917173212478248,False,381.28072287654646,3056.4697725130795,2793
w50_data_s2,data,2,50,4,C,5,0.7627662049581645,False,391.35921365192416,3648.7203750469125,2793
w50_data_s2,data,2,50,4,C,6,0.8983332387068134,False,369.0421001609394,3329.7616484536325,2793
w50_data_s2,data,2,50,4,C,7,0.9801449282487681,False,465.61268947478493,4023.740881659274,2793
w50_data_s2,data,2,50,4,C,8,1.0,True,509.89050923092805,4360.058023347529,2793
w50_physics_s0,physics,0,50,4,A,0,0.019855071751231912,False,808.410062249262,11094.555910345434,604
w50_physics_s0,physics,0,50,4,A,1,0.10166676129318664,False,801.7791590597935,11174.203777512515,604
w50_physics_s0,physics,0,50,4,A,2,0.2372337950418355,False,919.4511249359429,12436.187463283055,604
w50_physics_s0,physics,0,50,4,A,3,0.4082826787521751,False,941.8086608585722,22581.642283993926,604
w50_physics_s0,physics,0,50,4,A,4,0.5917173212478248,False,544.5984159172389,44560.230074959996,604
w50_physics_s0,physics,0,50,4,A,5,0.7627662049581645,False,616.1386084192973,52706.003776860765,604
w50_physics_s0,physics,0,50,4,A,6,0.8983332387068134,False,846.4625780247932,54823.79598541524,604
w50_physics_s0,physics,0,50,4,A,7,0.9801449282487681,False,1216.2761284201524,51211.57287410832,604
w50_physics_s0,physics,0,50,4,A,8,1.0,True,1491.2787021250924,51305.41929269722,604
w50_physics_s0,physics,0,50,4,B,0,0.019855071751231912,False,2488.8356904541915,10784.372604624821,564
w50_physics_s0,physics,0,50,4,B,1,0.10166676129318664,False,1685.7190689946221,9856.161327538877,564
w50_physics_s0,physics,0,50,4,B,2,0.2372337950418355,False,2281.615449813046,13191.278888721523,564
w50_physics_s0,physics,0,50,4,B,3,0.4082826787521751,False,2567.0171971734917,24776.756671480765,564
w50_physics_s0,physics,0,50,4,B,4,0.5917173212478248,False,3710.4203247375053,42844.87786426424,564
w50_physics_s0,physics,0,50,4,B,5,0.7627662049581645,False,5030.225684324463,71634.32780394985,564
w50_physics_s0,physics,0,50,4,B,6,0.8983332387068134,False,4652.837243947218,72378.11788623712,564
w50_physics_s0,physics,0,50,4,B,7,0.9801449282487681,False,4612.319640553023,76332.78438005729,564
w50_physics_s0,physics,0,50,4,B,8,1.0,True,4575.952843555286,76226.08699230883,564
w50_physics_s0,physics,0,50,4,C,0,0.019855071751231912,False,529.5665870987705,4310.706086508863,2793
w50_physics_s0,physics,0,50,4,C,1,0.10166676129318664,False,481.46271423868825,3722.544467401621,2793
w50_physics_s0,physics,0,50,4,C,2,0.2372337950418355,False,507.67762401858363,3664.8399654962554,2793
w50_physics_s0,physics,0,50,4,C,3,0.4082826787521751,False,430.1361099948906,4033.1880160062583,2793
w50_physics_s0,physics,0,50,4,C,4,0.5917173212478248,False,575.2717403250642,4103.775750326909,2793
w50_physics_s0,physics,0,50,4,C,5,0.7627662049581645,False,620.8183045682887,4634.993856485927,2793
w50_physics_s0,physics,0,50,4,C,6,0.8983332387068134,False,495.99840163415365,4191.346563241427,2793
w50_physics_s0,physics,0,50,4,C,7,0.9801449282487681,False,596.3454805619683,4671.633383091989,2793
w50_physics_s0,physics,0,50,4,C,8,1.0,True,588.2174358878302,4967.767943756216,2793
w50_physics_s1,physics,1,50,4,A,0,0.019855071751231912,False,901.9043005211215,11388.080118797488,604
w50_physics_s1,physics,1,50,4,A,1,0.10166676129318664,False,731.6677535108633,10919.861557463308,604
w50_physics_s1,physics,1,50,4,A,2,0.2372337950418355,False,668.6934467847846,10807.44547440281,604
w50_physics_s1,physics,1,50,4,A,3,0.4082826787521751,False,585.764943637856,25966.929847354106,604
w50_physics_s1,physics,1,50,4,A,4,0.5917173212478248,False,869.7229231433128,45036.28937832027,604
w50_physics_s1,physics,1,50,4,A,5,0.7627662049581645,False,932.1864851492767,47159.95813189159,604
w50_physics_s1,physics,1,50,4,A,6,0.8983332387068134,False,843.1409647021156,46717.8201066259,604
w50_physics_s1,physics,1,50,4,A,7,0.9801449282487681,False,918.7008352420744,49567.77501223284,604
w50_physics_s1,physics,1,50,4,A,8,1.0,True,916.13412510441,46657.30009095856,604
w50_physics_s1,physics,1,50,4,B,0,0.019855071751231912,False,3072.372417336626,14312.24331890355,564
w50_physics_s1,physics,1,50,4,B,1,0.10166676129318664,False,2192.2239676420077,12591.718572247444,564
w50_physics_s1,physics,1,50,4,B,2,0.2372337950418355,False,2802.9436326089653,16530.694699516105,564
w50_physics_s1,physics,1,50,4,B,3,0.4082826787521751,False,3705.485757816112,26370.962576775706,564
w50_physics_s1,physics,1,50,4,B,4,0.5917173212478248,False,3018.6780918021586,40070.564015732256,564
w50_physics_s1,physics,1,50,4,B,5,0.7627662049581645,False,4747.765027747846,59758.72844485804,564
w50_physics_s1,physics,1,50,4,B,6,0.8983332387068134,False,4946.134082814595,63230.4043675934,564
w50_physics_s1,physics,1,50,4,B,7,0.9801449282487681,False,5017.546964151819,68261.17659533616,564
w50_physics_s1,physics,1,50,4,B,8,1.0,True,5176.882041890942,68782.65180857504,564
w50_physics_s1,physics,1,50,4,C,0,0.019855071751231912,False,568.6892574967715,4526.266444649902,2793
w50_physics_s1,physics,1,50,4,C,1,0.10166676129318664,False,421.5410105427395,3484.3866136128486,2793
w50_physics_s1,physics,1,50,4,C,2,0.2372337950418355,False,413.9696381439819,3401.697118585576,2793
w50_physics_s1,physics,1,50,4,C,3,0.4082826787521751,False,434.85290474908567,3539.022018066428,2793
w50_physics_s1,physics,1,50,4,C,4,0.5917173212478248,False,483.7960710244254,4017.0859369565483,2793
w50_physics_s1,physics,1,50,4,C,5,0.7627662049581645,False,580.0898663160945,4904.373114558961,2793
w50_physics_s1,physics,1,50,4,C,6,0.8983332387068134,False,421.1793822200889,4409.21946393072,2793
w50_physics_s1,physics,1,50,4,C,7,0.9801449282487681,False,491.5676443280699,4729.417748271501,2793
w50_physics_s1,physics,1,50,4,C,8,1.0,True,528.2206948985504,4881.778971440258,2793
w50_physics_s2,physics,2,50,4,A,0,0.019855071751231912,False,1265.6982516299859,13942.772976442982,604
w50_physics_s2,physics,2,50,4,A,1,0.10166676129318664,False,1143.374851657569,13336.471891876872,604
w50_physics_s2,physics,2,50,4,A,2,0.2372337950418355,False,1051.5784442079926,15333.383629615984,604
w50_physics_s2,physics,2,50,4,A,3,0.4082826787521751,False,1024.8968664284807,34098.96849731924,604
w50_physics_s2,physics,2,50,4,A,4,0.5917173212478248,False,878.3468210896845,72911.35361116871,604
w50_physics_s2,physics,2,50,4,A,5,0.7627662049581645,False,991.8108813011302,83318.98457055063,604
w50_physics_s2,physics,2,50,4,A,6,0.8983332387068134,False,882.3213323066614,99640.34387213169,604
w50_physics_s2,physics,2,50,4,A,7,0.9801449282487681,False,997.1779634836464,103099.42597687832,604
w50_physics_s2,physics,2,50,4,A,8,1.0,True,1102.0367400621767,101254.92645438078,604
w50_physics_s2,physics,2,50,4,B,0,0.019855071751231912,False,3285.590853809239,18944.75393458057,564
w50_physics_s2,physics,2,50,4,B,1,0.10166676129318664,False,3076.845681627252,14300.100962708526,564
w50_physics_s2,physics,2,50,4,B,2,0.2372337950418355,False,4141.345911989937,19797.551495621974,564
w50_physics_s2,physics,2,50,4,B,3,0.4082826787521751,False,5151.201136250826,37073.84874245279,564
w50_physics_s2,physics,2,50,4,B,4,0.5917173212478248,False,6209.924883942648,58121.691077850206,564
w50_physics_s2,physics,2,50,4,B,5,0.7627662049581645,False,8111.445759805094,77813.64290698843,564
w50_physics_s2,physics,2,50,4,B,6,0.8983332387068134,False,8045.600969078734,88532.09071396878,564
w50_physics_s2,physics,2,50,4,B,7,0.9801449282487681,False,8624.384418447222,104663.17253438028,564
w50_physics_s2,physics,2,50,4,B,8,1.0,True,9130.436226178317,107347.44046809594,564
w50_physics_s2,physics,2,50,4,C,0,0.019855071751231912,False,711.8789508934924,5080.830242840609,2793
w50_physics_s2,physics,2,50,4,C,1,0.10166676129318664,False,595.3892909154774,4131.725503194017,2793
w50_physics_s2,physics,2,50,4,C,2,0.2372337950418355,False,540.3642939846455,4784.171565468531,2793
w50_physics_s2,physics,2,50,4,C,3,0.4082826787521751,False,571.2446454951419,5070.643210905708,2793
w50_physics_s2,physics,2,50,4,C,4,0.5917173212478248,False,573.7470509620266,5187.028157882502,2793
w50_physics_s2,physics,2,50,4,C,5,0.7627662049581645,False,758.1203191868174,5873.200506404922,2793
w50_physics_s2,physics,2,50,4,C,6,0.8983332387068134,False,686.4675006662253,5695.233248697088,2793
w50_physics_s2,physics,2,50,4,C,7,0.9801449282487681,False,781.6618101693784,5961.14536806561,2793
w50_physics_s2,physics,2,50,4,C,8,1.0,True,880.6107764125102,6597.967088616358,2793
w50_physics_s3,physics,3,50,4,A,0,0.019855071751231912,False,949.9926701419931,21459.220754251226,604
w50_physics_s3,physics,3,50,4,A,1,0.10166676129318664,False,970.7124307353924,16669.623321739007,604
w50_physics_s3,physics,3,50,4,A,2,0.2372337950418355,False,980.8112891987485,14633.373537514324,604
w50_physics_s3,physics,3,50,4,A,3,0.4082826787521751,False,914.7828851655726,39572.01019344372,604
w50_physics_s3,physics,3,50,4,A,4,0.5917173212478248,False,973.305173658629,64499.32144970602,604
w50_physics_s3,physics,3,50,4,A,5,0.7627662049581645,False,1429.9945751264445,70885.6030057897,604
w50_physics_s3,physics,3,50,4,A,6,0.8983332387068134,False,1001.0974515134437,67285.19277671393,604
w50_physics_s3,physics,3,50,4,A,7,0.9801449282487681,False,1021.6219220755243,71041.10493762385,604
w50_physics_s3,physics,3,50,4,A,8,1.0,True,1089.7767434642237,71089.56580260073,604
w50_physics_s3,physics,3,50,4,B,0,0.019855071751231912,False,3659.0178008870566,16609.082638279266,564
w50_physics_s3,physics,3,50,4,B,1,0.10166676129318664,False,2820.572005236617,14765.30127089829,564
w50_physics_s3,physics,3,50,4,B,2,0.2372337950418355,False,3323.361855212237,16549.23730310297,564
w50_physics_s3,physics,3,50,4,B,3,0.4082826787521751,False,3949.9497742976646,31770.84923116949,564
w50_physics_s3,physics,3,50,4,B,4,0.5917173212478248,False,7465.149212001165,59011.0816726622,564
w50_physics_s3,physics,3,50,4,B,5,0.7627662049581645,False,9048.650992417806,73845.77662983068,564
w50_physics_s3,physics,3,50,4,B,6,0.8983332387068134,False,8141.079089783887,93278.74508990963,564
w50_physics_s3,physics,3,50,4,B,7,0.9801449282487681,False,9283.783416010068,103978.45680366344,564
w50_physics_s3,physics,3,50,4,B,8,1.0,True,9004.838073520881,107577.3229655685,564
w50_physics_s3,physics,3,50,4,C,0,0.019855071751231912,False,644.279626342751,6007.950880249755,2793
w50_physics_s3,physics,3,50,4,C,1,0.10166676129318664,False,576.698407499805,5350.816481168347,2793
w50_physics_s3,physics,3,50,4,C,2,0.2372337950418355,False,605.4863904774379,5255.393466077158,2793
w50_physics_s3,physics,3,50,4,C,3,0.4082826787521751,False,596.8925214746719,5072.421649570488,2793
w50_physics_s3,physics,3,50,4,C,4,0.5917173212478248,False,614.3374538902489,5882.325818817351,2793
w50_physics_s3,physics,3,50,4,C,5,0.7627662049581645,False,986.9255405629574,6384.946933808323,2793
w50_physics_s3,physics,3,50,4,C,6,0.8983332387068134,False,504.3491593114595,5353.032909096474,2793
w50_physics_s3,physics,3,50,4,C,7,0.9801449282487681,False,565.1119562769194,5961.529270365648,2793
w50_physics_s3,physics,3,50,4,C,8,1.0,True,607.7879656547793,6271.968509740582,2793
w50_physics_s4,physics,4,50,4,A,0,0.019855071751231912,False,843.7906317981544,9088.764359229861,604
w50_physics_s4,physics,4,50,4,A,1,0.10166676129318664,False,770.654273140887,10701.535047820136,604
w50_physics_s4,physics,4,50,4,A,2,0.2372337950418355,False,664.677603934017,9792.145858170323,604
w50_physics_s4,physics,4,50,4,A,3,0.4082826787521751,False,448.33868244964845,21915.6671244844,604
w50_physics_s4,physics,4,50,4,A,4,0.5917173212478248,False,466.8853029216368,51682.54699053227,604
w50_physics_s4,physics,4,50,4,A,5,0.7627662049581645,False,589.0812550140444,56482.8625434417,604
w50_physics_s4,physics,4,50,4,A,6,0.8983332387068134,False,594.9797170116938,56958.884594888135,604
w50_physics_s4,physics,4,50,4,A,7,0.9801449282487681,False,578.9231579838158,57122.427348229336,604
w50_physics_s4,physics,4,50,4,A,8,1.0,True,601.2445907405975,57496.428075597774,604
w50_physics_s4,physics,4,50,4,B,0,0.019855071751231912,False,1972.6571436242396,11442.689519383266,564
w50_physics_s4,physics,4,50,4,B,1,0.10166676129318664,False,1921.8837970124696,10395.10183288548,564
w50_physics_s4,physics,4,50,4,B,2,0.2372337950418355,False,2003.8041343298628,12586.430067573814,564
w50_physics_s4,physics,4,50,4,B,3,0.4082826787521751,False,2983.653945643127,25906.184763707897,564
w50_physics_s4,physics,4,50,4,B,4,0.5917173212478248,False,3870.0640361458873,40334.1093696921,564
w50_physics_s4,physics,4,50,4,B,5,0.7627662049581645,False,4523.0961181837465,68817.62561478083,564
w50_physics_s4,physics,4,50,4,B,6,0.8983332387068134,False,4913.327879550039,64039.195962798956,564
w50_physics_s4,physics,4,50,4,B,7,0.9801449282487681,False,5133.408235875813,68136.07150050314,564
w50_physics_s4,physics,4,50,4,B,8,1.0,True,5353.602745638909,69047.29103091807,564
w50_physics_s4,physics,4,50,4,C,0,0.019855071751231912,False,584.264867929119,4246.879843639082,2793
w50_physics_s4,physics,4,50,4,C,1,0.10166676129318664,False,468.1352170938453,3657.666472658736,2793
w50_physics_s4,physics,4,50,4,C,2,0.2372337950418355,False,410.9088529127831,3431.4517960564135,2793
w50_physics_s4,physics,4,50,4,C,3,0.4082826787521751,False,364.63793484148255,4085.4387063598692,2793
w50_physics_s4,physics,4,50,4,C,4,0.5917173212478248,False,374.9472186519367,3459.719060765733,2793
w50_physics_s4,physics,4,50,4,C,5,0.7627662049581645,False,468.49895980282065,4280.745951843986,2793
w50_physics_s4,physics,4,50,4,C,6,0.8983332387068134,False,448.4843812574013,3359.965183767827,2793
w50_physics_s4,physics,4,50,4,C,7,0.9801449282487681,False,468.05519368546913,3824.7953725580387,2793
w50_physics_s4,physics,4,50,4,C,8,1.0,True,496.40350291111446,3930.148539085899,2793
w50_physics_s5,physics,5,50,4,A,0,0.019855071751231912,False,1097.9784973950527,12384.148382774212,604
w50_physics_s5,physics,5,50,4,A,1,0.10166676129318664,False,901.4488987642801,10610.493226891815,604
w50_physics_s5,physics,5,50,4,A,2,0.2372337950418355,False,597.1887224601294,10432.829726481508,604
w50_physics_s5,physics,5,50,4,A,3,0.4082826787521751,False,594.2543221173205,28329.857046107943,604
w50_physics_s5,physics,5,50,4,A,4,0.5917173212478248,False,1103.3652626285702,53164.72005197099,604
w50_physics_s5,physics,5,50,4,A,5,0.7627662049581645,False,1189.4713209754743,64704.598399878,604
w50_physics_s5,physics,5,50,4,A,6,0.8983332387068134,False,766.4430784798035,64004.74387548971,604
w50_physics_s5,physics,5,50,4,A,7,0.9801449282487681,False,759.6458493786783,62522.80343940787,604
w50_physics_s5,physics,5,50,4,A,8,1.0,True,793.9788621826208,61095.01381628799,604
w50_physics_s5,physics,5,50,4,B,0,0.019855071751231912,False,2693.8922214774834,13920.289995722671,564
w50_physics_s5,physics,5,50,4,B,1,0.10166676129318664,False,2301.1610830689197,11395.654747240169,564
w50_physics_s5,physics,5,50,4,B,2,0.2372337950418355,False,2858.36552800185,17705.581219330375,564
w50_physics_s5,physics,5,50,4,B,3,0.4082826787521751,False,3736.8773435750454,31178.600710022874,564
w50_physics_s5,physics,5,50,4,B,4,0.5917173212478248,False,5695.682548848438,49364.58291431316,564
w50_physics_s5,physics,5,50,4,B,5,0.7627662049581645,False,5987.369614949643,91808.13590077571,564
w50_physics_s5,physics,5,50,4,B,6,0.8983332387068134,False,7162.717662024122,83704.16997762937,564
w50_physics_s5,physics,5,50,4,B,7,0.9801449282487681,False,7317.29298341088,85193.86336170898,564
w50_physics_s5,physics,5,50,4,B,8,1.0,True,7741.908848921753,89119.48761636611,564
w50_physics_s5,physics,5,50,4,C,0,0.019855071751231912,False,646.4366209356158,4800.836796647289,2793
w50_physics_s5,physics,5,50,4,C,1,0.10166676129318664,False,472.5805561411107,3792.972811118917,2793
w50_physics_s5,physics,5,50,4,C,2,0.2372337950418355,False,339.0292433311686,4133.0370613202385,2793
w50_physics_s5,physics,5,50,4,C,3,0.4082826787521751,False,484.442530167712,4032.332642811094,2793
w50_physics_s5,physics,5,50,4,C,4,0.5917173212478248,False,472.75813068927164,4048.908564886349,2793
w50_physics_s5,physics,5,50,4,C,5,0.7627662049581645,False,456.0013062905206,4694.967384570571,2793
w50_physics_s5,physics,5,50,4,C,6,0.8983332387068134,False,446.97845161070404,4835.363294739815,2793
w50_physics_s5,physics,5,50,4,C,7,0.9801449282487681,False,514.1971106732512,4860.046799268649,2793
w50_physics_s5,physics,5,50,4,C,8,1.0,True,541.7461427166188,5005.956236083315,2793
w50_physics_s6,physics,6,50,4,A,0,0.019855071751231912,False,690.4010660447079,17631.394946353583,604
w50_physics_s6,physics,6,50,4,A,1,0.10166676129318664,False,635.5325082737493,14036.662216607254,604
w50_physics_s6,physics,6,50,4,A,2,0.2372337950418355,False,650.4156664294712,12223.158401034878,604
w50_physics_s6,physics,6,50,4,A,3,0.4082826787521751,False,790.5113736267165,27205.862910179658,604
w50_physics_s6,physics,6,50,4,A,4,0.5917173212478248,False,816.2000062997657,50739.94050166462,604
w50_physics_s6,physics,6,50,4,A,5,0.7627662049581645,False,811.8814284866937,48345.79391160747,604
w50_physics_s6,physics,6,50,4,A,6,0.8983332387068134,False,548.2306821741753,47718.87581927686,604
w50_physics_s6,physics,6,50,4,A,7,0.9801449282487681,False,578.0037655476331,47792.64218826075,604
w50_physics_s6,physics,6,50,4,A,8,1.0,True,627.5346226108118,48441.496230378856,604
w50_physics_s6,physics,6,50,4,B,0,0.019855071751231912,False,2939.429947960143,15750.120722154592,564
w50_physics_s6,physics,6,50,4,B,1,0.10166676129318664,False,2917.6282548400395,13877.385771775673,564
w50_physics_s6,physics,6,50,4,B,2,0.2372337950418355,False,3282.03308746125,17504.598386386704,564
w50_physics_s6,physics,6,50,4,B,3,0.4082826787521751,False,3617.756186400914,32518.296386756345,564
w50_physics_s6,physics,6,50,4,B,4,0.5917173212478248,False,5064.417114237614,49401.07160085033,564
w50_physics_s6,physics,6,50,4,B,5,0.7627662049581645,False,6273.953037872282,73837.61407600553,564
w50_physics_s6,physics,6,50,4,B,6,0.8983332387068134,False,6287.224818353878,80355.22611162339,564
w50_physics_s6,physics,6,50,4,B,7,0.9801449282487681,False,6659.3899430854435,87705.74059126804,564
w50_physics_s6,physics,6,50,4,B,8,1.0,True,6816.53416159179,89446.54522125502,564
w50_physics_s6,physics,6,50,4,C,0,0.019855071751231912,False,636.192239768917,4911.280833119922,2793
w50_physics_s6,physics,6,50,4,C,1,0.10166676129318664,False,547.4261048263998,4041.3953072604845,2793
w50_physics_s6,physics,6,50,4,C,2,0.2372337950418355,False,468.83625869986645,3987.856593783933,2793
w50_physics_s6,physics,6,50,4,C,3,0.4082826787521751,False,566.6881545212448,4646.594172615216,2793
w50_physics_s6,physics,6,50,4,C,4,0.5917173212478248,False,450.54908742531904,4144.316993723635,2793
w50_physics_s6,physics,6,50,4,C,5,0.7627662049581645,False,451.6211949434705,4077.713361368184,2793
w50_physics_s6,physics,6,50,4,C,6,0.8983332387068134,False,418.3949448073463,4148.357231011053,2793
w50_physics_s6,physics,6,50,4,C,7,0.9801449282487681,False,468.20206265357456,4352.301660761384,2793
w50_physics_s6,physics,6,50,4,C,8,1.0,True,501.9785688670355,4576.8463200619535,2793
w50_physics_s7,physics,7,50,4,A,0,0.019855071751231912,False,852.3400909744621,12627.430962926053,604
w50_physics_s7,physics,7,50,4,A,1,0.10166676129318664,False,771.1604668497687,10948.383325645382,604
w50_physics_s7,physics,7,50,4,A,2,0.2372337950418355,False,795.9341046318268,13364.189502619134,604
w50_physics_s7,physics,7,50,4,A,3,0.4082826787521751,False,783.616421836327,24192.676035064564,604
w50_physics_s7,physics,7,50,4,A,4,0.5917173212478248,False,834.6572607793328,48896.53472014718,604
w50_physics_s7,physics,7,50,4,A,5,0.7627662049581645,False,1175.7223311172756,55238.790230571714,604
w50_physics_s7,physics,7,50,4,A,6,0.8983332387068134,False,900.3983354251047,62528.89825247235,604
w50_physics_s7,physics,7,50,4,A,7,0.9801449282487681,False,1060.9946411768756,64776.06435678038,604
w50_physics_s7,physics,7,50,4,A,8,1.0,True,903.2399409386253,65310.62468251713,604
w50_physics_s7,physics,7,50,4,B,0,0.019855071751231912,False,2166.564412898907,13511.818850422715,564
w50_physics_s7,physics,7,50,4,B,1,0.10166676129318664,False,1798.3265445203144,11442.779035506741,564
w50_physics_s7,physics,7,50,4,B,2,0.2372337950418355,False,2102.806569288681,14048.610154136417,564
w50_physics_s7,physics,7,50,4,B,3,0.4082826787521751,False,2891.055903851083,27958.219823963515,564
w50_physics_s7,physics,7,50,4,B,4,0.5917173212478248,False,4654.524430070296,46715.07131098623,564
w50_physics_s7,physics,7,50,4,B,5,0.7627662049581645,False,6147.697871594573,75545.44086128102,564
w50_physics_s7,physics,7,50,4,B,6,0.8983332387068134,False,6468.5020763146495,79766.4170522483,564
w50_physics_s7,physics,7,50,4,B,7,0.9801449282487681,False,6541.120607223491,80380.09459999402,564
w50_physics_s7,physics,7,50,4,B,8,1.0,True,6835.180182134138,81581.83680270294,564
w50_physics_s7,physics,7,50,4,C,0,0.019855071751231912,False,564.0409876446131,4115.538663954601,2793
w50_physics_s7,physics,7,50,4,C,1,0.10166676129318664,False,436.2246431113555,3564.0311959580495,2793
w50_physics_s7,physics,7,50,4,C,2,0.2372337950418355,False,377.21808497644815,3657.8635048916344,2793
w50_physics_s7,physics,7,50,4,C,3,0.4082826787521751,False,562.7638488958198,3793.9312115982902,2793
w50_physics_s7,physics,7,50,4,C,4,0.5917173212478248,False,475.0886559171761,4681.981063072783,2793
w50_physics_s7,physics,7,50,4,C,5,0.7627662049581645,False,741.2166320419828,6060.173345875566,2793
w50_physics_s7,physics,7,50,4,C,6,0.8983332387068134,False,431.6495029805818,4561.290344932309,2793
w50_physics_s7,physics,7,50,4,C,7,0.9801449282487681,False,495.4319799483118,5234.284492156077,2793
w50_physics_s7,physics,7,50,4,C,8,1.0,True,516.0021462497326,5497.592299593153,2793
w50_physics_s8,physics,8,50,4,A,0,0.019855071751231912,False,1080.4741311707144,11615.674751823815,604
w50_physics_s8,physics,8,50,4,A,1,0.10166676129318664,False,778.3350406551192,10172.110014364931,604
w50_physics_s8,physics,8,50,4,A,2,0.2372337950418355,False,547.2722946061734,9831.612794471543,604
w50_physics_s8,physics,8,50,4,A,3,0.4082826787521751,False,658.8686775071297,25786.270626068377,604
w50_physics_s8,physics,8,50,4,A,4,0.5917173212478248,False,1064.0383821786797,50730.95924645091,604
w50_physics_s8,physics,8,50,4,A,5,0.7627662049581645,False,1014.6570491812556,50941.71666131072,604
w50_physics_s8,physics,8,50,4,A,6,0.8983332387068134,False,828.1697659556401,57949.94453579877,604
w50_physics_s8,physics,8,50,4,A,7,0.9801449282487681,False,916.286418195122,59493.72243829342,604
w50_physics_s8,physics,8,50,4,A,8,1.0,True,781.6231757007376,59260.15474441832,604
w50_physics_s8,physics,8,50,4,B,0,0.019855071751231912,False,2126.205423806798,12354.006339441246,564
w50_physics_s8,physics,8,50,4,B,1,0.10166676129318664,False,1968.3095244916444,11120.411474823723,564
w50_physics_s8,physics,8,50,4,B,2,0.2372337950418355,False,2153.5659197993464,15212.258996668597,564
w50_physics_s8,physics,8,50,4,B,3,0.4082826787521751,False,3570.386952441538,24602.10112670153,564
w50_physics_s8,physics,8,50,4,B,4,0.5917173212478248,False,3540.5206444897603,40323.57502328921,564
w50_physics_s8,physics,8,50,4,B,5,0.7627662049581645,False,5095.514073751133,75744.0068867179,564
w50_physics_s8,physics,8,50,4,B,6,0.8983332387068134,False,6128.080834514776,85076.95495596691,564
w50_physics_s8,physics,8,50,4,B,7,0.9801449282487681,False,6554.377839919312,83940.81147983478,564
w50_physics_s8,physics,8,50,4,B,8,1.0,True,6667.441234681036,85374.59827176711,564
w50_physics_s8,physics,8,50,4,C,0,0.019855071751231912,False,689.8804873183586,4410.072980987989,2793
w50_physics_s8,physics,8,50,4,C,1,0.10166676129318664,False,631.2768373440924,3813.456265142158,2793
w50_physics_s8,physics,8,50,4,C,2,0.2372337950418355,False,470.2704316207811,3608.9227240948517,2793
w50_physics_s8,physics,8,50,4,C,3,0.4082826787521751,False,524.853012702863,3905.548750817553,2793
w50_physics_s8,physics,8,50,4,C,4,0.5917173212478248,False,631.9699742236935,4525.514650595688,2793
w50_physics_s8,physics,8,50,4,C,5,0.7627662049581645,False,570.0478003931551,4831.0453978134665,2793
w50_physics_s8,physics,8,50,4,C,6,0.8983332387068134,False,479.80884299431636,4474.065724096729,2793
w50_physics_s8,physics,8,50,4,C,7,0.9801449282487681,False,587.2294816233772,4746.843200886033,2793
w50_physics_s8,physics,8,50,4,C,8,1.0,True,576.5104774484087,5239.235722192622,2793
w50_physics_s9,physics,9,50,4,A,0,0.019855071751231912,False,840.5973056588327,13390.775037620444,604
w50_physics_s9,physics,9,50,4,A,1,0.10166676129318664,False,643.3021381458855,10146.923559692372,604
w50_physics_s9,physics,9,50,4,A,2,0.2372337950418355,False,711.6858662038105,12024.215167011776,604
w50_physics_s9,physics,9,50,4,A,3,0.4082826787521751,False,671.1843355501275,29051.530994220775,604
w50_physics_s9,physics,9,50,4,A,4,0.5917173212478248,False,712.5135818870635,46149.60321576667,604
w50_physics_s9,physics,9,50,4,A,5,0.7627662049581645,False,1215.120999104061,45156.31424233724,604
w50_physics_s9,physics,9,50,4,A,6,0.8983332387068134,False,644.2472867707891,47582.16379110391,604
w50_physics_s9,physics,9,50,4,A,7,0.9801449282487681,False,747.2343048277303,49404.742636274175,604
w50_physics_s9,physics,9,50,4,A,8,1.0,True,693.9335946527282,48818.109491254385,604
w50_physics_s9,physics,9,50,4,B,0,0.019855071751231912,False,1879.80682226776,11813.83264931033,564
w50_physics_s9,physics,9,50,4,B,1,0.10166676129318664,False,1820.986292054215,10701.50334471018,564
w50_physics_s9,physics,9,50,4,B,2,0.2372337950418355,False,2030.3065884270418,14093.189821169366,564
w50_physics_s9,physics,9,50,4,B,3,0.4082826787521751,False,2909.8317901682976,26025.242742291444,564
w50_physics_s9,physics,9,50,4,B,4,0.5917173212478248,False,3547.352721579983,44174.82029083174,564
w50_physics_s9,physics,9,50,4,B,5,0.7627662049581645,False,5551.639600217513,69757.7336833791,564
w50_physics_s9,physics,9,50,4,B,6,0.8983332387068134,False,5269.891162188003,66631.87777064815,564
w50_physics_s9,physics,9,50,4,B,7,0.9801449282487681,False,5568.74197154491,64968.85695433706,564
w50_physics_s9,physics,9,50,4,B,8,1.0,True,5593.771730858975,65077.87173663426,564
w50_physics_s9,physics,9,50,4,C,0,0.019855071751231912,False,497.7498134003371,4225.940495881878,2793
w50_physics_s9,physics,9,50,4,C,1,0.10166676129318664,False,432.1511046187685,3917.602959259131,2793
w50_physics_s9,physics,9,50,4,C,2,0.2372337950418355,False,421.3631322310505,3375.885037588228,2793
w50_physics_s9,physics,9,50,4,C,3,0.4082826787521751,False,489.19781932890504,3907.9976515469316,2793
w50_physics_s9,physics,9,50,4,C,4,0.5917173212478248,False,490.1475194435534,4492.456228694574,2793
w50_physics_s9,physics,9,50,4,C,5,0.7627662049581645,False,672.6047569362414,5300.55567273062,2793
w50_physics_s9,physics,9,50,4,C,6,0.8983332387068134,False,391.1352374131134,3768.761829568679,2793
w50_physics_s9,physics,9,50,4,C,7,0.9801449282487681,False,488.43929691207677,4523.412088661832,2793
w50_physics_s9,physics,9,50,4,C,8,1.0,True,475.3046575381177,4749.6505502564005,2793
